t,Resistance,Soot left-mg
47.0,1711.4506496,0.5000192063438178
48.0,1711.7433554,0.500019651170282
49.0,1712.0360612,0.5000200959967462
50.0,1712.328767,0.5000205408232105
51.0,1712.328767,0.5000209856496747
52.0,1712.328767,0.5000214304761389
53.0,1712.328767,0.5000218753026031
54.0,1712.328767,0.5000223201290672
55.0,1712.328767,0.5000227649555314
56.0,1712.328767,0.5000232097819957
57.0,1712.328767,0.5000236546084599
58.0,1712.328767,0.5000240994349241
59.0,1712.328767,0.5000245442613883
60.0,1712.328767,0.5000249890878525
61.0,1712.6224769,0.5000254339143168
62.0,1712.9161867999999,0.500025878740781
63.0,1713.2098967,0.5000263235672452
64.0,1713.5036066,0.5000267683937093
65.0,1713.7973164999999,0.5000272132201735
66.0,1714.0910264,0.5000276580466377
67.0,1714.3847363,0.500028102873102
68.0,1714.6784462,0.5000285476995662
69.0,1714.9721561,0.5000289925260304
70.0,1715.265866,0.5000294373524946
71.0,1715.265866,0.5000298821789588
72.0,1715.265866,0.500030327005423
73.0,1715.265866,0.5000307718318873
74.0,1715.265866,0.5000312166583514
75.0,1715.265866,0.5000316614848156
76.0,1715.265866,0.5000321063112798
77.0,1715.265866,0.500032551137744
78.0,1715.265866,0.5000329959642082
79.0,1715.265866,0.5000334407906725
80.0,1715.265866,0.5000338856171367
81.0,1714.9721561,0.5000343304436009
82.0,1714.6784462,0.5000347752700651
83.0,1714.3847363,0.5000352200965293
84.0,1714.0910264,0.5000356649229935
85.0,1713.7973164999999,0.5000361097494577
86.0,1713.5036066,0.5000365545759219
87.0,1713.2098967,0.5000369994023861
88.0,1712.9161867999999,0.5000374442288503
89.0,1712.6224769,0.5000378890553145
90.0,1712.328767,0.5000383338817788
91.0,1712.9171961,0.500038778708243
92.0,1713.5056252,0.5000392235347072
93.0,1714.0940543,0.5000396909295011
94.0,1714.6824834,0.5000401639663774
95.0,1715.2709125000001,0.5000406370032537
96.0,1715.8593416,0.5000411100401302
97.0,1716.4477707,0.5000415830770065
98.0,1717.0361998,0.5000420561138829
99.0,1717.6246289,0.5000425291507592
100.0,1718.213058,0.5000430021876355
101.0,1717.9183388000001,0.500043475224512
102.0,1717.6236196,0.5000439482613883
103.0,1717.3289004,0.5000444212982647
104.0,1717.0341812,0.500044894335141
105.0,1716.739462,0.5000453673720173
106.0,1716.4447428,0.5000458404088937
107.0,1716.1500236,0.5000463134457701
108.0,1715.8553044,0.5000467864826464
109.0,1715.5605851999999,0.5000472595195228
110.0,1715.265866,0.5000477325563991
111.0,1715.265866,0.5000482055932755
112.0,1715.265866,0.5000486786301518
113.0,1715.265866,0.5000491516670282
114.0,1715.265866,0.5000496247039046
115.0,1715.265866,0.5000500977407809
116.0,1715.265866,0.5000505707776572
117.0,1715.265866,0.5000510438145336
118.0,1715.265866,0.5000515168514099
119.0,1715.265866,0.5000519898882864
120.0,1715.265866,0.5000524629251627
121.0,1714.9721561,0.500052935962039
122.0,1714.6784462,0.5000534089989154
123.0,1714.3847363,0.5000538820357917
124.0,1714.0910264,0.5000543550726682
125.0,1713.7973164999999,0.5000548281095445
126.0,1713.5036066,0.5000553011464208
127.0,1713.2098967,0.5000557741832972
128.0,1712.9161867999999,0.5000562472201735
129.0,1712.6224769,0.5000567202570498
130.0,1712.328767,0.5000571932939263
131.0,1712.328767,0.5000576663308026
132.0,1712.328767,0.500058139367679
133.0,1712.328767,0.5000586124045553
134.0,1712.328767,0.5000590854414316
135.0,1712.328767,0.500059558478308
136.0,1712.328767,0.5000600315151844
137.0,1712.328767,0.5000605045520607
138.0,1712.328767,0.5000609775889371
139.0,1712.328767,0.5000614566995661
140.0,1712.328767,0.5000619384132321
141.0,1712.328767,0.500062420126898
142.0,1712.328767,0.500062901840564
143.0,1712.328767,0.50006338355423
144.0,1712.328767,0.5000638652678958
145.0,1712.328767,0.5000643469815618
146.0,1712.328767,0.5000648286952277
147.0,1712.328767,0.5000653104088937
148.0,1712.328767,0.5000657921225596
149.0,1712.328767,0.5000662738362256
150.0,1712.328767,0.5000667555498916
151.0,1712.328767,0.5000672372635575
152.0,1712.328767,0.5000677189772235
153.0,1712.328767,0.5000682006908893
154.0,1712.328767,0.5000686824045553
155.0,1712.328767,0.5000691641182212
156.0,1712.328767,0.5000696458318872
157.0,1712.328767,0.5000701275455531
158.0,1712.328767,0.5000706092592191
159.0,1712.328767,0.500071090972885
160.0,1712.328767,0.500071572686551
161.0,1712.328767,0.5000720544002168
162.0,1712.328767,0.5000725361138828
163.0,1712.328767,0.5000730178275488
164.0,1712.328767,0.5000734995412147
165.0,1712.328767,0.5000739812548807
166.0,1712.328767,0.5000744629685466
167.0,1712.328767,0.5000749446822126
168.0,1712.328767,0.5000754263958785
169.0,1712.328767,0.5000759081095445
170.0,1712.328767,0.5000763898232103
171.0,1712.328767,0.5000768715368763
172.0,1712.328767,0.5000773532505423
173.0,1712.328767,0.5000778349642082
174.0,1712.328767,0.5000783166778742
175.0,1712.328767,0.5000787983915401
176.0,1712.328767,0.5000792801052061
177.0,1712.328767,0.500079761818872
178.0,1712.328767,0.500080243532538
179.0,1712.328767,0.5000807252462038
180.0,1712.328767,0.5000812069598698
181.0,1712.328767,0.5000816886735358
182.0,1712.328767,0.5000821703872017
183.0,1712.328767,0.5000826521008677
184.0,1712.328767,0.5000831338145336
185.0,1712.328767,0.5000836090140998
186.0,1712.328767,0.5000840798709327
187.0,1712.328767,0.5000845507277657
188.0,1712.328767,0.5000850215845987
189.0,1712.328767,0.5000854924414316
190.0,1712.328767,0.5000859632982646
191.0,1712.328767,0.5000864341550976
192.0,1712.328767,0.5000869050119305
193.0,1712.328767,0.5000873758687635
194.0,1712.328767,0.5000878467255966
195.0,1712.328767,0.5000883175824296
196.0,1712.328767,0.5000887884392625
197.0,1712.328767,0.5000892592960955
198.0,1712.328767,0.5000897301529285
199.0,1712.328767,0.5000902010097614
200.0,1712.328767,0.5000906718665944
201.0,1712.328767,0.5000911427234274
202.0,1712.328767,0.5000916135802603
203.0,1712.328767,0.5000920844370933
204.0,1712.328767,0.5000925552939263
205.0,1712.328767,0.5000930261507592
206.0,1712.328767,0.5000934970075922
207.0,1712.328767,0.5000939678644252
208.0,1712.328767,0.5000944387212581
209.0,1712.328767,0.5000949095780911
210.0,1712.328767,0.5000953804349241
211.0,1712.328767,0.500095851291757
212.0,1712.328767,0.50009632214859
213.0,1712.328767,0.5000967930054231
214.0,1712.328767,0.5000972638622561
215.0,1712.328767,0.500097734719089
216.0,1712.328767,0.500098205575922
217.0,1712.328767,0.500098676432755
218.0,1712.328767,0.5000991472895879
219.0,1712.328767,0.5000996181464209
220.0,1712.328767,0.5001000890032539
221.0,1712.328767,0.5001005598600868
222.0,1712.328767,0.5001010307169198
223.0,1712.328767,0.5001015015737528
224.0,1712.328767,0.5001019724305857
225.0,1712.328767,0.5001024432874187
226.0,1712.328767,0.5001029141442517
227.0,1712.328767,0.5001033850010846
228.0,1712.328767,0.5001038558579176
229.0,1712.328767,0.5001043267147506
230.0,1712.328767,0.5001047975715835
231.0,1712.0360612,0.5001052662646421
232.0,1711.7433554,0.5001057327939263
233.0,1711.4506496,0.5001061993232105
234.0,1711.1579437999999,0.5001066658524946
235.0,1710.8652379999999,0.5001071323817788
236.0,1710.5725322,0.5001075989110629
237.0,1710.2798264,0.5001080654403471
238.0,1709.9871206,0.5001085319696313
239.0,1709.6944148,0.5001089984989154
240.0,1709.401709,0.5001094650281996
241.0,1709.401709,0.5001099315574838
242.0,1709.401709,0.5001103980867679
243.0,1709.401709,0.5001108646160521
244.0,1709.401709,0.5001113311453362
245.0,1709.401709,0.5001117976746204
246.0,1709.401709,0.5001122642039046
247.0,1709.401709,0.5001127307331887
248.0,1709.401709,0.5001131972624729
249.0,1709.401709,0.5001136637917571
250.0,1709.401709,0.5001141303210412
251.0,1709.401709,0.5001145968503254
252.0,1709.401709,0.5001150633796096
253.0,1709.401709,0.5001155299088937
254.0,1709.401709,0.500115996438178
255.0,1709.401709,0.500116462967462
256.0,1709.401709,0.5001169294967462
257.0,1709.401709,0.5001173960260304
258.0,1709.401709,0.5001178625553145
259.0,1709.401709,0.5001183290845987
260.0,1709.401709,0.500118795613883
261.0,1709.401709,0.500119262143167
262.0,1709.401709,0.5001197286724512
263.0,1709.401709,0.5001201952017353
264.0,1709.401709,0.5001206617310195
265.0,1709.401709,0.5001211282603037
266.0,1709.401709,0.5001215947895878
267.0,1709.401709,0.500122061318872
268.0,1709.401709,0.5001225278481563
269.0,1709.401709,0.5001229943774403
270.0,1709.401709,0.5001234609067245
271.0,1709.401709,0.5001239274360086
272.0,1709.401709,0.5001243939652928
273.0,1709.401709,0.500124860494577
274.0,1709.401709,0.5001253270238611
275.0,1709.401709,0.5001257935531453
276.0,1709.401709,0.5001262600824296
277.0,1709.401709,0.5001267335531453
278.0,1709.401709,0.5001272174360087
279.0,1709.401709,0.5001277013188721
280.0,1709.401709,0.5001281852017354
281.0,1709.6944148,0.5001286690845987
282.0,1709.9871206,0.5001291529674621
283.0,1710.2798264,0.5001296368503254
284.0,1710.5725322,0.5001301207331887
285.0,1710.8652379999999,0.5001306046160521
286.0,1711.1579437999999,0.5001310884989154
287.0,1711.4506496,0.5001315723817787
288.0,1711.7433554,0.5001320562646421
289.0,1712.0360612,0.5001325401475054
290.0,1712.328767,0.5001330240303687
291.0,1712.328767,0.5001335079132321
292.0,1712.328767,0.5001339917960955
293.0,1712.328767,0.5001344756789589
294.0,1712.328767,0.5001349595618222
295.0,1712.328767,0.5001354434446855
296.0,1712.328767,0.5001359273275489
297.0,1712.328767,0.5001364112104122
298.0,1712.328767,0.5001368950932755
299.0,1712.328767,0.5001373789761389
300.0,1712.328767,0.5001378628590022
301.0,1712.6224769,0.5001383467418655
302.0,1712.9161867999999,0.5001388306247289
303.0,1713.2098967,0.5001393145075922
304.0,1713.5036066,0.5001397983904555
305.0,1713.7973164999999,0.5001402822733189
306.0,1714.0910264,0.5001407661561823
307.0,1714.3847363,0.5001412500390456
308.0,1714.6784462,0.500141733921909
309.0,1714.9721561,0.5001422178047723
310.0,1715.265866,0.5001427016876356
311.0,1715.265866,0.500143185570499
312.0,1715.265866,0.5001436694533623
313.0,1715.265866,0.5001441533362256
314.0,1715.265866,0.500144637219089
315.0,1715.265866,0.5001451211019523
316.0,1715.265866,0.5001456049848156
317.0,1715.265866,0.500146088867679
318.0,1715.265866,0.5001465727505423
319.0,1715.265866,0.5001470566334058
320.0,1715.265866,0.5001475405162691
321.0,1715.265866,0.5001480243991324
322.0,1715.265866,0.5001485082819958
323.0,1715.265866,0.5001489954219089
324.0,1715.265866,0.5001494901616053
325.0,1715.265866,0.5001499849013016
326.0,1715.265866,0.5001504796409979
327.0,1715.265866,0.5001509743806942
328.0,1715.265866,0.5001514691203905
329.0,1715.265866,0.5001519638600869
330.0,1715.265866,0.5001524585997832
331.0,1715.265866,0.5001529533394794
332.0,1715.265866,0.5001534480791757
333.0,1715.265866,0.500153942818872
334.0,1715.265866,0.5001544375585684
335.0,1715.265866,0.5001549322982647
336.0,1715.265866,0.500155427037961
337.0,1715.265866,0.5001559217776573
338.0,1715.265866,0.5001564165173537
339.0,1715.265866,0.50015691125705
340.0,1715.265866,0.5001574059967463
341.0,1714.9721561,0.5001579007364425
342.0,1714.6784462,0.5001583954761388
343.0,1714.3847363,0.5001588902158352
344.0,1714.0910264,0.5001593849555315
345.0,1713.7973164999999,0.5001598796952278
346.0,1713.5036066,0.5001603744349241
347.0,1713.2098967,0.5001608691746204
348.0,1712.9161867999999,0.5001613639143168
349.0,1712.6224769,0.5001618586540131
350.0,1712.328767,0.5001623533937094
351.0,1712.0360612,0.5001628481334056
352.0,1711.7433554,0.5001633428731019
353.0,1711.4506496,0.5001638376127983
354.0,1711.1579437999999,0.5001643323524946
355.0,1710.8652379999999,0.5001648270921909
356.0,1710.5725322,0.5001653218318872
357.0,1710.2798264,0.5001658165715835
358.0,1709.9871206,0.5001663113112799
359.0,1709.6944148,0.5001668060509762
360.0,1709.401709,0.5001673007906725
361.0,1709.1100023,0.5001677955303688
362.0,1708.8182956,0.500168290270065
363.0,1708.5265889,0.5001687850097614
364.0,1708.2348822,0.5001692797494577
365.0,1707.9431755,0.500169774489154
366.0,1707.6514688,0.5001702692288503
367.0,1707.3597621,0.5001707639685466
368.0,1707.0680553999998,0.500171258708243
369.0,1706.7763487,0.5001717512765727
370.0,1706.484642,0.500172235159436
371.0,1706.1939290999999,0.5001727190422993
372.0,1705.9032161999999,0.5001732029251627
373.0,1705.6125032999998,0.500173686808026
374.0,1705.3217903999998,0.5001741706908893
375.0,1705.0310774999998,0.5001746545737528
376.0,1704.7403646,0.5001751384566161
377.0,1704.4496517,0.5001756223394794
378.0,1704.1589388,0.5001761062223428
379.0,1703.8682259,0.5001765901052061
380.0,1703.577513,0.5001770739880694
381.0,1703.2877889,0.5001775578709328
382.0,1702.9980648,0.5001780417537961
383.0,1702.7083407,0.5001785256366594
384.0,1702.4186166,0.5001790095195228
385.0,1702.1288925,0.5001794934023861
386.0,1701.8391684,0.5001799772852494
387.0,1701.5494443,0.5001804611681128
388.0,1701.2597202,0.5001809450509761
389.0,1700.9699961000001,0.5001814289338394
390.0,1700.680272,0.5001819128167028
391.0,1700.1037702,0.5001823966995661
392.0,1699.5272684000001,0.5001828805824294
393.0,1698.9507666,0.5001833644652928
394.0,1698.3742648,0.5001838483481562
395.0,1697.797763,0.5001843322310195
396.0,1697.2212612,0.5001848161138829
397.0,1696.6447594,0.5001852999967462
398.0,1696.0682576,0.5001857838796095
399.0,1695.4917558,0.5001862677624729
400.0,1694.915254,0.5001867516453362
401.0,1694.3426475,0.5001872355281995
402.0,1693.770041,0.5001877194110629
403.0,1693.1974344999999,0.5001882032939262
404.0,1692.624828,0.5001886871767895
405.0,1692.0522215,0.5001891710596529
406.0,1691.479615,0.5001896549425162
407.0,1690.9070084999998,0.5001901388253795
408.0,1690.334402,0.5001906227082429
409.0,1689.7617955,0.5001911065911062
410.0,1689.189189,0.5001915904739695
411.0,1688.9043342,0.5001920743568329
412.0,1688.6194794,0.5001925582396962
413.0,1688.3346245999999,0.5001930421225597
414.0,1688.0497698,0.500193526005423
415.0,1687.764915,0.5001940029446854
416.0,1687.4800602,0.5001944173915401
417.0,1687.1952054,0.5001948318383947
418.0,1686.9103506,0.5001952462852494
419.0,1686.6254958,0.5001956607321041
420.0,1686.340641,0.5001960751789587
421.0,1685.7738038,0.5001964896258134
422.0,1685.2069666,0.500196904072668
423.0,1684.6401294,0.5001973185195228
424.0,1684.0732922,0.5001977329663774
425.0,1683.506455,0.5001981474132321
426.0,1682.9396178,0.5001985618600867
427.0,1682.3727806,0.5001989763069414
428.0,1681.8059434,0.500199390753796
429.0,1681.2391062,0.5001998052006508
430.0,1680.672269,0.5002002196475054
431.0,1680.1092297,0.5002006340943601
432.0,1679.5461904,0.5002010485412147
433.0,1678.9831511,0.5002014629880694
434.0,1678.4201117999999,0.5002018774349241
435.0,1677.8570725,0.5002022918817788
436.0,1677.2940332,0.5002027063286334
437.0,1676.7309939,0.5002031207754881
438.0,1676.1679546,0.5002035352223427
439.0,1675.6049153,0.5002039496691975
440.0,1675.041876,0.5002043641160521
441.0,1674.7617687,0.5002047785629067
442.0,1674.4816614,0.5002051930097614
443.0,1674.2015541,0.500205607456616
444.0,1673.9214468,0.5002060219034707
445.0,1673.6413395,0.5002064363503254
446.0,1673.3612322,0.5002068507971801
447.0,1673.0811248999998,0.5002072652440347
448.0,1672.8010176,0.5002076796908894
449.0,1672.5209103,0.500208094137744
450.0,1672.240803,0.5002085085845988
451.0,1671.9616308999998,0.5002089230314534
452.0,1671.6824588,0.5002093374783081
453.0,1671.4032867,0.5002097519251627
454.0,1671.1241146,0.5002101663720174
455.0,1670.8449425,0.500210580818872
456.0,1670.5657704,0.5002109952657268
457.0,1670.2865983000002,0.5002114097125814
458.0,1670.0074262,0.5002118241594361
459.0,1669.7282541,0.5002122386062907
460.0,1669.449082,0.5002126530531454
461.0,1668.8935249,0.5002130675
462.0,1668.3379678000001,0.5002134190184382
463.0,1667.7824107000001,0.5002137705368764
464.0,1667.2268536000001,0.5002141220553146
465.0,1666.6712965000002,0.5002144735737528
466.0,1666.1157394,0.500214825092191
467.0,1665.5601823,0.5002151766106291
468.0,1665.0046252,0.5002155281290673
469.0,1664.4490681,0.5002158796475055
470.0,1663.893511,0.5002162311659436
471.0,1663.3416392,0.5002165826843818
472.0,1662.7897674,0.50021693420282
473.0,1662.2378956,0.5002172857212582
474.0,1661.6860238,0.5002176372396964
475.0,1661.134152,0.5002179887581345
476.0,1660.5822802,0.5002183402765727
477.0,1660.0304084,0.5002186917950109
478.0,1659.4785365999999,0.500219043313449
479.0,1658.9266648,0.5002193948318873
480.0,1658.374793,0.5002197463503254
481.0,1658.1002276,0.5002200978687636
482.0,1657.8256622,0.5002204493872018
483.0,1657.5510967999999,0.5002208009056399
484.0,1657.2765313999998,0.5002211524240782
485.0,1657.0019659999998,0.5002215039425163
486.0,1656.7274006,0.5002218554609545
487.0,1656.4528352,0.5002222069793927
488.0,1656.1782698,0.5002225584978308
489.0,1655.9037044,0.5002229100162691
490.0,1655.629139,0.5002232615347072
491.0,1654.8108708999998,0.5002236130531453
492.0,1653.9926028,0.5002239645715836
493.0,1653.1743347,0.5002243160900217
494.0,1652.3560665999998,0.50022466760846
495.0,1651.5377985,0.5002250191268981
496.0,1650.7195304,0.5002253706453362
497.0,1649.9012622999999,0.5002257221637745
498.0,1649.0829941999998,0.5002260736822126
499.0,1648.2647261,0.5002264252006509
500.0,1647.446458,0.500226776719089
501.0,1646.6362384,0.5002271282375271
502.0,1645.8260188,0.5002274797559654
503.0,1645.0157992,0.5002278312744035
504.0,1644.2055796,0.5002281827928416
505.0,1643.39536,0.5002285343112799
506.0,1642.5851404,0.500228885829718
507.0,1641.7749208,0.5002292373481563
508.0,1640.9647012,0.50022950685141
509.0,1640.1544816,0.5002297672418655
510.0,1639.344262,0.500230027632321
511.0,1639.0759569000002,0.5002302880227766
512.0,1638.8076518,0.5002305484132321
513.0,1638.5393467000001,0.5002308088036876
514.0,1638.2710416,0.5002310691941432
515.0,1638.0027365,0.5002313295845987
516.0,1637.7344314000002,0.5002315899750542
517.0,1637.4661263,0.5002318503655098
518.0,1637.1978212000001,0.5002321107559653
519.0,1636.9295161,0.5002323711464208
520.0,1636.661211,0.5002326315368764
521.0,1636.1272269,0.5002328919273319
522.0,1635.5932428,0.5002331523177874
523.0,1635.0592587,0.500233412708243
524.0,1634.5252746,0.5002336730986985
525.0,1633.9912905,0.500233933489154
526.0,1633.4573063999999,0.5002341938796095
527.0,1632.9233222999999,0.5002344542700651
528.0,1632.3893381999999,0.5002347146605206
529.0,1631.8553540999999,0.5002349750509761
530.0,1631.32137,0.5002352354414317
531.0,1631.0556824999999,0.5002354958318872
532.0,1630.7899949999999,0.5002357562223427
533.0,1630.5243074999998,0.5002360166127983
534.0,1630.2586199999998,0.5002362770032538
535.0,1629.9929324999998,0.5002365373937093
536.0,1629.727245,0.5002367977841649
537.0,1629.4615575,0.5002370581746204
538.0,1629.19587,0.5002373185650759
539.0,1628.9301825,0.5002375789555314
540.0,1628.664495,0.500237839345987
541.0,1628.3996715,0.5002380997364425
542.0,1628.134848,0.500238360126898
543.0,1627.8700245,0.5002386205173536
544.0,1627.605201,0.5002388809078091
545.0,1627.3403775000002,0.5002391412982646
546.0,1627.075554,0.5002394016887202
547.0,1626.8107305,0.5002396620791757
548.0,1626.5459070000002,0.5002399224696312
549.0,1626.2810835,0.5002401828600868
550.0,1626.01626,0.5002404432505423
551.0,1626.546771,0.5002407036409978
552.0,1627.077282,0.5002409640314534
553.0,1627.6077930000001,0.5002412244219089
554.0,1628.138304,0.5002413598232104
555.0,1628.668815,0.5002414639772234
556.0,1629.199326,0.5002415681312364
557.0,1629.7298369999999,0.5002416722852494
558.0,1630.260348,0.5002417764392624
559.0,1630.790859,0.5002418805932755
560.0,1631.32137,0.5002419847472884
561.0,1631.0556824999999,0.5002420889013015
562.0,1630.7899949999999,0.5002421930553145
563.0,1630.5243074999998,0.5002422972093274
564.0,1630.2586199999998,0.5002424013633405
565.0,1629.9929324999998,0.5002425055173535
566.0,1629.727245,0.5002426096713666
567.0,1629.4615575,0.5002427138253795
568.0,1629.19587,0.5002428179793926
569.0,1628.9301825,0.5002429221334056
570.0,1628.664495,0.5002430262874186
571.0,1628.1357078,0.5002431304414316
572.0,1627.6069206,0.5002432345954446
573.0,1627.0781334,0.5002433387494577
574.0,1626.5493462,0.5002434429034707
575.0,1626.020559,0.5002435470574836
576.0,1625.4917718000002,0.5002436512114967
577.0,1624.9629846,0.5002437553655097
578.0,1624.4341974000001,0.5002438595195228
579.0,1623.9054102,0.5002439636735357
580.0,1623.376623,0.5002440678275488
581.0,1623.113515,0.5002441719815618
582.0,1622.8504070000001,0.5002442761355748
583.0,1622.587299,0.5002443802895878
584.0,1622.3241910000002,0.5002444844436008
585.0,1622.061083,0.5002445885976139
586.0,1621.797975,0.5002446927516269
587.0,1621.534867,0.5002447969056398
588.0,1621.271759,0.5002449010596529
589.0,1621.008651,0.5002450052136659
590.0,1620.745543,0.500245109367679
591.0,1620.2218772,0.5002452135216919
592.0,1619.6982114,0.500245317675705
593.0,1619.1745455999999,0.500245421829718
594.0,1618.6508798,0.500245525983731
595.0,1618.127214,0.500245630137744
596.0,1617.6035482,0.500245734291757
597.0,1617.0798823999999,0.5002458384457701
598.0,1616.5562166,0.5002459425997831
599.0,1616.0325508,0.500246046753796
600.0,1615.508885,0.5002460536973969
601.0,1614.9885923,0.5002460189793926
602.0,1614.4682996,0.5002459842613882
603.0,1613.9480068999999,0.500245949543384
604.0,1613.4277141999999,0.5002459148253796
605.0,1612.9074215,0.5002458801073753
606.0,1612.3871288,0.5002458453893709
607.0,1611.8668361,0.5002458106713665
608.0,1611.3465434,0.5002457759533623
609.0,1610.8262507,0.5002457412353579
610.0,1610.305958,0.5002457065173536
611.0,1610.0470664,0.5002456717993492
612.0,1609.7881748,0.5002456370813448
613.0,1609.5292832,0.5002456023633406
614.0,1609.2703916,0.5002455676453362
615.0,1609.0115,0.5002455329273319
616.0,1608.7526083999999,0.5002454982093275
617.0,1608.4937168,0.5002454634913232
618.0,1608.2348252,0.5002454287733189
619.0,1607.9759336,0.5002453940553145
620.0,1607.717042,0.5002453593373102
621.0,1607.717042,0.5002453246193058
622.0,1607.717042,0.5002452899013015
623.0,1607.717042,0.5002452551832972
624.0,1607.717042,0.5002452204652929
625.0,1607.717042,0.5002451857472885
626.0,1607.717042,0.5002451510292841
627.0,1607.717042,0.5002451163112798
628.0,1607.717042,0.5002450815932755
629.0,1607.717042,0.5002450468752712
630.0,1607.717042,0.5002450121572668
631.0,1607.717042,0.5002449774392624
632.0,1607.717042,0.5002449427212581
633.0,1607.717042,0.5002449080032538
634.0,1607.717042,0.5002448732852495
635.0,1607.717042,0.5002448385672451
636.0,1607.717042,0.5002448038492407
637.0,1607.717042,0.5002447691312365
638.0,1607.717042,0.5002447344132321
639.0,1607.717042,0.5002446996952278
640.0,1607.717042,0.5002446649772234
641.0,1607.2017481,0.5002446302592191
642.0,1606.6864542,0.5002445955412148
643.0,1606.1711602999999,0.5002445608232104
644.0,1605.6558664,0.5002445261052061
645.0,1605.1405725,0.5002444913872017
646.0,1604.6252786,0.5002443720444686
647.0,1604.1099847,0.5002441962852494
648.0,1603.5946907999999,0.5002440205260303
649.0,1603.0793969,0.5002438447668113
650.0,1602.564103,0.5002436690075922
651.0,1602.0521016,0.5002434932483731
652.0,1601.5401001999999,0.500243317489154
653.0,1601.0280988,0.5002431417299349
654.0,1600.5160974,0.5002429659707158
655.0,1600.0040960000001,0.5002427902114968
656.0,1599.4920946,0.5002426144522777
657.0,1598.9800932,0.5002424386930585
658.0,1598.4680918000001,0.5002422629338394
659.0,1597.9560904,0.5002420871746204
660.0,1597.444089,0.5002419114154013
661.0,1596.9353489,0.5002417356561822
662.0,1596.4266088000002,0.5002415598969631
663.0,1595.9178687,0.500241384137744
664.0,1595.4091286,0.5002412083785249
665.0,1594.9003885000002,0.5002410326193059
666.0,1594.3916484000001,0.5002408568600868
667.0,1593.8829083,0.5002406811008676
668.0,1593.3741682,0.5002405053416485
669.0,1592.8654281000001,0.5002403295824295
670.0,1592.356688,0.5002401538232104
671.0,1591.8511779,0.5002399780639913
672.0,1591.3456678,0.5002398023047722
673.0,1590.8401577,0.5002396265455531
674.0,1590.3346476,0.500239450786334
675.0,1589.8291375,0.500239275027115
676.0,1589.3236274,0.5002390992678959
677.0,1588.8181173,0.5002389235086767
678.0,1588.3126072,0.5002387477494576
679.0,1587.8070971,0.5002385719902386
680.0,1587.301587,0.5002383962310195
681.0,1587.0500336999999,0.5002382204718004
682.0,1586.7984804,0.5002380447125813
683.0,1586.5469271,0.5002378689533622
684.0,1586.2953737999999,0.5002376931941431
685.0,1586.0438205,0.5002375174349241
686.0,1585.7922672,0.500237341675705
687.0,1585.5407139,0.5002371659164858
688.0,1585.2891605999998,0.5002369901572667
689.0,1585.0376073,0.5002368143980477
690.0,1584.786054,0.5002366386388286
691.0,1584.0361552,0.5002364628796095
692.0,1583.2862564,0.5002362035791756
693.0,1582.5363576,0.500235860737527
694.0,1581.7864588,0.5002355178958785
695.0,1581.03656,0.5002351750542299
696.0,1580.2866612,0.5002348322125812
697.0,1579.5367624,0.5002344893709327
698.0,1578.7868636,0.5002341465292841
699.0,1578.0369648,0.5002338036876355
700.0,1577.287066,0.500233460845987
701.0,1577.0386744,0.5002331180043383
702.0,1576.7902828,0.5002327751626897
703.0,1576.5418912,0.5002324323210412
704.0,1576.2934996000001,0.5002320894793926
705.0,1576.045108,0.500231746637744
706.0,1575.7967164,0.5002314037960954
707.0,1575.5483248,0.5002310609544468
708.0,1575.2999332,0.5002307181127982
709.0,1575.0515416,0.5002303752711497
710.0,1574.80315,0.500230032429501
711.0,1574.3087063,0.5002296895878524
712.0,1573.8142626,0.5002293467462039
713.0,1573.3198189,0.5002290039045553
714.0,1572.8253752,0.5002286610629066
715.0,1572.3309315000001,0.5002283182212581
716.0,1571.8364878,0.5002279753796095
717.0,1571.3420441,0.5002276325379609
718.0,1570.8476004000001,0.5002272896963124
719.0,1570.3531567,0.5002269468546637
720.0,1569.858713,0.5002266040130151
721.0,1569.6126536000002,0.5002262611713666
722.0,1569.3665942,0.500225918329718
723.0,1569.1205348,0.5002255754880693
724.0,1568.8744754,0.5002252326464208
725.0,1568.628416,0.5002248898047722
726.0,1568.3823566,0.5002245469631236
727.0,1568.1362972,0.5002242041214751
728.0,1567.8902378,0.5002238612798264
729.0,1567.6441783999999,0.5002235184381778
730.0,1567.398119,0.5002231755965293
731.0,1566.6645472999999,0.5002228327548807
732.0,1565.9309756,0.500222489913232
733.0,1565.1974039,0.5002221470715835
734.0,1564.4638322,0.5002218042299349
735.0,1563.7302605,0.5002214613882863
736.0,1562.9966888,0.5002211185466378
737.0,1562.2631171,0.5002207757049891
738.0,1561.5295454,0.5002203660303688
739.0,1560.7959737,0.5002198561062906
740.0,1560.062402,0.5002193461822125
741.0,1559.3356649,0.5002188362581345
742.0,1558.6089278,0.5002183263340564
743.0,1557.8821907000001,0.5002178164099783
744.0,1557.1554536,0.5002173064859002
745.0,1556.4287165,0.500216796561822
746.0,1555.7019794,0.500216286637744
747.0,1554.9752423,0.5002157767136659
748.0,1554.2485052000002,0.5002152667895878
749.0,1553.5217681000001,0.5002147568655098
750.0,1552.795031,0.5002142469414317
751.0,1552.795031,0.5002137370173535
752.0,1552.795031,0.5002132270932754
753.0,1552.795031,0.5002127171691974
754.0,1552.795031,0.5002122072451193
755.0,1552.795031,0.5002116973210412
756.0,1552.795031,0.5002111873969631
757.0,1552.795031,0.500210677472885
758.0,1552.795031,0.5002101675488069
759.0,1552.795031,0.5002096576247288
760.0,1552.795031,0.5002091477006507
761.0,1551.8365156,0.5002086377765727
762.0,1550.8780002,0.5002081278524946
763.0,1549.9194848000002,0.5002076179284165
764.0,1548.9609694,0.5002071080043383
765.0,1548.002454,0.5002065980802602
766.0,1547.0439386,0.5002060881561822
767.0,1546.0854232000002,0.5002055782321041
768.0,1545.1269078,0.500205068308026
769.0,1544.1683924,0.500204558383948
770.0,1543.209877,0.5002040484598698
771.0,1542.4987203,0.5002035385357917
772.0,1541.7875636,0.5002030286117136
773.0,1541.0764069,0.5002025186876355
774.0,1540.3652502,0.5002020087635575
775.0,1539.6540935,0.5002014988394794
776.0,1538.9429368,0.5002009889154012
777.0,1538.2317801000002,0.5002004789913231
778.0,1537.5206234,0.5001999690672451
779.0,1536.8094667,0.500199459143167
780.0,1536.09831,0.5001989492190889
781.0,1535.6278358,0.5001984392950108
782.0,1535.1573616,0.5001979293709327
783.0,1534.6868874000002,0.5001974194468546
784.0,1534.2164132,0.5001968528872017
785.0,1533.745939,0.5001961541778741
786.0,1533.2754648,0.5001954554685466
787.0,1532.8049906,0.5001947567592191
788.0,1532.3345164,0.5001940580498915
789.0,1531.8640421999999,0.500193359340564
790.0,1531.393568,0.5001926606312364
791.0,1531.393568,0.5001919619219088
792.0,1531.393568,0.5001912632125813
793.0,1531.393568,0.5001905645032537
794.0,1531.393568,0.5001898657939262
795.0,1531.393568,0.5001891670845986
796.0,1531.393568,0.5001884683752711
797.0,1531.393568,0.5001877696659436
798.0,1531.393568,0.500187070956616
799.0,1531.393568,0.5001863722472885
800.0,1531.393568,0.500185673537961
801.0,1530.9259669,0.5001849748286333
802.0,1530.4583658,0.5001842761193058
803.0,1529.9907647,0.5001835774099782
804.0,1529.5231635999999,0.5001828787006507
805.0,1529.0555625,0.5001821799913232
806.0,1528.5879614,0.5001814812819956
807.0,1528.1203603,0.5001807825726681
808.0,1527.6527592,0.5001800838633406
809.0,1527.1851580999999,0.500179385154013
810.0,1526.717557,0.5001786864446854
811.0,1526.4848256999999,0.5001779877353578
812.0,1526.2520944,0.5001772890260303
813.0,1526.0193631,0.5001765903167028
814.0,1525.7866318,0.5001758916073752
815.0,1525.5539005,0.5001751928980477
816.0,1525.3211692,0.5001744941887201
817.0,1525.0884379,0.5001737954793926
818.0,1524.8557065999998,0.500173096770065
819.0,1524.6229753,0.5001723980607374
820.0,1524.390244,0.5001716993514099
821.0,1523.9269035,0.5001710006420824
822.0,1523.463563,0.5001703019327548
823.0,1523.0002224999998,0.5001696032234273
824.0,1522.5368819999999,0.5001689045140997
825.0,1522.0735415,0.5001682058047722
826.0,1521.610201,0.5001675070954447
827.0,1521.1468605,0.500166808386117
828.0,1520.6835199999998,0.5001661096767895
829.0,1520.2201794999999,0.500165410967462
830.0,1519.756839,0.5001646723340564
831.0,1519.2963066,0.5001637740043383
832.0,1518.8357741999998,0.5001628756746204
833.0,1518.3752418,0.5001619773449023
834.0,1517.9147094,0.5001610790151844
835.0,1517.454177,0.5001601806854663
836.0,1516.9936446,0.5001592823557484
837.0,1516.5331122,0.5001583840260303
838.0,1516.0725798,0.5001574856963124
839.0,1515.6120474,0.5001565873665943
840.0,1515.151515,0.5001556890368763
841.0,1514.4659261,0.5001547907071583
842.0,1513.7803372,0.5001538923774403
843.0,1513.0947483,0.5001529940477223
844.0,1512.4091594000001,0.5001520957180043
845.0,1511.7235705,0.5001511973882863
846.0,1511.0379816,0.5001502990585683
847.0,1510.3523927,0.5001494007288503
848.0,1509.6668038,0.5001485023991323
849.0,1508.9812149000002,0.5001476040694143
850.0,1508.295626,0.5001467057396963
851.0,1507.6162136,0.5001458074099783
852.0,1506.9368012,0.5001449090802603
853.0,1506.2573888000002,0.5001440107505423
854.0,1505.5779764000001,0.5001431124208243
855.0,1504.898564,0.5001422140911063
856.0,1504.2191516,0.5001413157613883
857.0,1503.5397392,0.5001404174316703
858.0,1502.8603268000002,0.5001395191019522
859.0,1502.1809144000001,0.5001386207722343
860.0,1501.501502,0.5001377224425162
861.0,1501.7272916000002,0.5001368241127983
862.0,1501.9530812,0.5001359257830802
863.0,1502.1788708,0.5001350274533622
864.0,1502.4046604,0.5001341291236442
865.0,1502.63045,0.5001332307939262
866.0,1502.8562396,0.5001323324642082
867.0,1503.0820291999999,0.5001314341344902
868.0,1503.3078188,0.5001305358047722
869.0,1503.5336084,0.5001296374750542
870.0,1503.759398,0.5001287391453362
871.0,1503.9858678,0.5001278408156182
872.0,1504.2123376,0.5001269424859002
873.0,1504.4388073999999,0.5001260441561822
874.0,1504.6652772,0.5001251458264642
875.0,1504.8917470000001,0.5001242474967462
876.0,1505.1182168,0.5001233294208243
877.0,1505.3446866,0.5001222336290673
878.0,1505.5711564,0.5001211378373102
879.0,1505.7976262000002,0.5001200420455532
880.0,1506.024096,0.500118946253796
881.0,1505.5718366,0.500117850462039
882.0,1505.1195772,0.500116754670282
883.0,1504.6673178,0.5001156588785249
884.0,1504.2150584,0.5001145630867679
885.0,1503.762799,0.5001134672950108
886.0,1503.3105396,0.5001123715032538
887.0,1502.8582802,0.5001112757114967
888.0,1502.4060208,0.5001101799197397
889.0,1501.9537614,0.5001090841279827
890.0,1501.501502,0.5001079883362256
891.0,1501.0519506,0.5001068925444686
892.0,1500.6023992,0.5001057967527115
893.0,1500.1528478,0.5001047009609545
894.0,1499.7032964,0.5001036051691974
895.0,1499.253745,0.5001025093774404
896.0,1498.8041936,0.5001014135856833
897.0,1498.3546422,0.5001003177939263
898.0,1497.9050908,0.5000992220021693
899.0,1497.4555394,0.5000981262104122
900.0,1497.005988,0.5000970304186552
901.0,1496.5591204999998,0.500095934626898
902.0,1496.112253,0.500094838835141
903.0,1495.6653855,0.5000937430433839
904.0,1495.218518,0.5000926472516269
905.0,1494.7716504999999,0.5000915514598698
906.0,1494.324783,0.5000904556681128
907.0,1493.8779155,0.5000893598763558
908.0,1493.431048,0.5000882640845987
909.0,1492.9841805,0.5000871682928417
910.0,1492.537313,0.5000860725010846
911.0,1491.8719918000002,0.5000849767093276
912.0,1491.2066706,0.5000838809175705
913.0,1490.5413494,0.5000827851258135
914.0,1489.8760282,0.5000816893340565
915.0,1489.2107070000002,0.5000805935422994
916.0,1488.5453858,0.5000794977505424
917.0,1487.8800646,0.5000784019587853
918.0,1487.2147434,0.5000773061670283
919.0,1486.5494222000002,0.5000762103752712
920.0,1485.884101,0.5000751145835142
921.0,1485.443839,0.5000740187917571
922.0,1485.0035770000002,0.5000729230000001
923.0,1484.563315,0.5000716167310196
924.0,1484.123053,0.5000703104620391
925.0,1483.6827910000002,0.5000690041930587
926.0,1483.242529,0.5000676979240781
927.0,1482.802267,0.5000663916550977
928.0,1482.362005,0.5000650853861172
929.0,1481.921743,0.5000637791171367
930.0,1481.481481,0.5000624728481562
931.0,1481.0438203,0.5000611665791758
932.0,1480.6061596,0.5000598603101952
933.0,1480.1684989,0.5000585540412148
934.0,1479.7308382,0.5000572477722343
935.0,1479.2931775000002,0.5000559415032538
936.0,1478.8555168,0.5000546352342734
937.0,1478.4178561,0.5000533289652929
938.0,1477.9801954000002,0.5000520226963124
939.0,1477.5425347,0.5000507164273319
940.0,1477.104874,0.5000494101583515
941.0,1477.7623391000002,0.5000481038893709
942.0,1478.4198042,0.5000467976203905
943.0,1479.0772693000001,0.50004549135141
944.0,1479.7347344,0.5000441850824295
945.0,1480.3921995,0.500042878813449
946.0,1481.0496646000001,0.5000415725444686
947.0,1481.7071297,0.500040266275488
948.0,1482.3645948,0.5000389600065076
949.0,1483.0220599,0.5000376537375272
950.0,1483.679525,0.5000363474685466
951.0,1484.5653038,0.5000350411995662
952.0,1485.4510826,0.5000337349305857
953.0,1486.3368614,0.5000324286616052
954.0,1487.2226402000001,0.5000311223926247
955.0,1488.1084190000001,0.5000298161236443
956.0,1488.9941978,0.5000285098546637
957.0,1489.8799766,0.5000272035856833
958.0,1490.7657554,0.5000258973167028
959.0,1491.6515342,0.5000245910477223
960.0,1492.537313,0.5000232847787418
961.0,1492.0931055,0.5000219785097614
962.0,1491.6488980000001,0.500020672240781
963.0,1491.2046905,0.5000193659718004
964.0,1490.760483,0.50001805970282
965.0,1490.3162755,0.5000167534338394
966.0,1489.8720680000001,0.500015447164859
967.0,1489.4278605000002,0.5000141408958785
968.0,1488.983653,0.500012834626898
969.0,1488.5394455,0.5000113311144251
970.0,1488.095238,0.5000098056860086
971.0,1487.4338623,0.5000082802575921
972.0,1486.7724866,0.5000067548291757
973.0,1486.1111109,0.5000052294007592
974.0,1485.4497352,0.5000037039723427
975.0,1484.7883595,0.5000021785439263
976.0,1484.1269838,0.5000006531155098
977.0,1483.4656081,0.49999912768709326
978.0,1482.8042324,0.4999976022586768
979.0,1482.1428567,0.49999607683026026
980.0,1481.481481,0.4999945514018438
981.0,1480.8259583,0.4999930259734273
982.0,1480.1704356,0.49999150054501085
983.0,1479.5149129000001,0.4999899751165943
984.0,1478.8593902,0.49998844968817785
985.0,1478.2038675,0.4999869242597614
986.0,1477.5483448,0.4999853988313449
987.0,1476.8928221,0.4999838734029284
988.0,1476.2372994,0.4999823479745119
989.0,1475.5817766999999,0.49998082254609544
990.0,1474.926254,0.49997929711767897
991.0,1474.2765067,0.49997777168926244
992.0,1473.6267594,0.49997624626084597
993.0,1472.9770121,0.4999747208324295
994.0,1472.3272648,0.499973195404013
995.0,1471.6775175,0.4999716699755965
996.0,1471.0277702,0.49997014454718003
997.0,1470.3780229000001,0.49996861911876356
998.0,1469.7282756,0.4999670936903471
999.0,1469.0785283,0.49996556826193056
1000.0,1468.428781,0.4999640428335141
1001.0,1467.9987872000002,0.4999625174050976
1002.0,1467.5687934,0.49996099197668115
1003.0,1467.1387996,0.4999594665482646
1004.0,1466.7088058,0.49995794111984815
1005.0,1466.278812,0.4999564156914317
1006.0,1465.8488182,0.4999548902630152
1007.0,1465.4188244,0.4999533648345987
1008.0,1464.9888306,0.4999518394061822
1009.0,1464.5588367999999,0.49995031397776574
1010.0,1464.128843,0.4999487885493492
1011.0,1463.7013602,0.49994726312093274
1012.0,1463.2738774,0.49994573769251627
1013.0,1462.8463946,0.4999442122640998
1014.0,1462.4189118,0.49994268683568327
1015.0,1461.991429,0.49994097392960957
1016.0,1461.5639462,0.49993921415412146
1017.0,1461.1364634,0.4999374543786334
1018.0,1460.7089806,0.49993569460314535
1019.0,1460.2814978,0.49993393482765724
1020.0,1459.854015,0.4999321750521692
1021.0,1459.6412083,0.49993041527668114
1022.0,1459.4284016,0.4999286555011931
1023.0,1459.2155948999998,0.499926895725705
1024.0,1459.0027882,0.4999251359502169
1025.0,1458.7899815,0.4999233761747289
1026.0,1458.5771748,0.49992161639924076
1027.0,1458.3643680999999,0.4999198566237527
1028.0,1458.1515614,0.49991809684826466
1029.0,1457.9387547000001,0.4999163370727766
1030.0,1457.725948,0.4999145772972885
1031.0,1457.5137608,0.49991281752180045
1032.0,1457.3015736,0.4999110577463124
1033.0,1457.0893864,0.4999092979708243
1034.0,1456.8771992,0.49990753819533623
1035.0,1456.665012,0.4999057784198482
1036.0,1456.4528248000001,0.4999040186443601
1037.0,1456.2406376000001,0.499902258868872
1038.0,1456.0284504,0.49990049909338397
1039.0,1455.8162632,0.4998987393178959
1040.0,1455.604076,0.4998969795424078
1041.0,1454.7614687,0.49989521976691975
1042.0,1453.9188614,0.4998934599914317
1043.0,1453.0762541000001,0.49989170021594365
1044.0,1452.2336468,0.49988994044045554
1045.0,1451.3910395,0.4998881806649675
1046.0,1450.5484322,0.49988642088947943
1047.0,1449.7058249,0.4998846611139913
1048.0,1448.8632176,0.49988290133850327
1049.0,1448.0206103,0.4998811415630152
1050.0,1447.178003,0.49987938178752717
1051.0,1446.760347,0.49987762201203906
1052.0,1446.342691,0.499875862236551
1053.0,1445.925035,0.49987410246106295
1054.0,1445.5073790000001,0.49987234268557484
1055.0,1445.089723,0.4998705829100868
1056.0,1444.672067,0.49986882313459874
1057.0,1444.2544110000001,0.4998670633591107
1058.0,1443.836755,0.4998653035836226
1059.0,1443.4190990000002,0.4998635438081345
1060.0,1443.001443,0.4998617840326465
1061.0,1442.3794596,0.4998598662894794
1062.0,1441.7574762000002,0.49985788084587857
1063.0,1441.1354928,0.4998558954022777
1064.0,1440.5135094,0.49985390995867685
1065.0,1439.8915259999999,0.499851924515076
1066.0,1439.2695426,0.49984993907147507
1067.0,1438.6475592,0.4998479536278742
1068.0,1438.0255757999998,0.49984596818427335
1069.0,1437.4035924,0.4998439827406725
1070.0,1436.781609,0.4998419972970716
1071.0,1436.3699236999998,0.49984001185347077
1072.0,1435.9582383999998,0.4998380264098699
1073.0,1435.5465531,0.499836040966269
1074.0,1435.1348678,0.49983405552266813
1075.0,1434.7231825,0.49983207007906727
1076.0,1434.3114971999998,0.4998300846354664
1077.0,1433.8998118999998,0.49982809919186555
1078.0,1433.4881266,0.4998261137482647
1079.0,1433.0764413,0.49982412830466383
1080.0,1432.664756,0.4998221428610629
1081.0,1432.2554232999998,0.49982015741746205
1082.0,1431.8460906,0.4998181719738612
1083.0,1431.4367579,0.49981618653026033
1084.0,1431.0274252,0.49981420108665947
1085.0,1430.6180924999999,0.4998122156430586
1086.0,1430.2087598,0.49981023019945775
1087.0,1429.7994271,0.49980824475585683
1088.0,1429.3900944,0.499806259312256
1089.0,1428.9807617000001,0.4998042738686551
1090.0,1428.571429,0.49980228842505425
1091.0,1427.7597406,0.4998003029814534
1092.0,1426.9480522000001,0.49979831753785253
1093.0,1426.1363638,0.49979633209425167
1094.0,1425.3246754000002,0.49979434665065076
1095.0,1424.512987,0.4997923612070499
1096.0,1423.7012986,0.49979037576344904
1097.0,1422.8896102,0.4997883903198482
1098.0,1422.0779218,0.4997864048762473
1099.0,1421.2662334000001,0.49978441943264645
1100.0,1420.454545,0.4997824339890456
1101.0,1421.0624429,0.4997804485454447
1102.0,1421.6703408,0.4997784631018438
1103.0,1422.2782387,0.49977647765824296
1104.0,1422.8861366,0.4997744922146421
1105.0,1423.4940345,0.49977250677104124
1106.0,1424.1019324,0.4997705213274404
1107.0,1424.7098303,0.49976841480422995
1108.0,1425.3177282,0.4997662275612798
1109.0,1425.9256261,0.4997640403183297
1110.0,1426.533524,0.4997618530753796
1111.0,1426.9416881,0.49975966583242953
1112.0,1427.3498522,0.4997574785894794
1113.0,1427.7580163,0.4997552913465293
1114.0,1428.1661804,0.4997531041035792
1115.0,1428.5743444999998,0.49975091686062906
1116.0,1428.9825085999998,0.49974872961767897
1117.0,1429.3906726999999,0.4997465423747289
1118.0,1429.7988368,0.49974435513177873
1119.0,1430.2070009,0.49974216788882864
1120.0,1430.615165,0.49973998064587855
1121.0,1430.4107913999999,0.4997377934029284
1122.0,1430.2064178,0.4997356061599783
1123.0,1430.0020442,0.4997334189170282
1124.0,1429.7976706,0.49973123167407807
1125.0,1429.593297,0.499729044431128
1126.0,1429.3889234,0.4997268571881779
1127.0,1429.1845498,0.49972466994522774
1128.0,1428.9801762,0.49972248270227765
1129.0,1428.7758026000001,0.49972029545932756
1130.0,1428.571429,0.4997181082163774
1131.0,1428.7758026000001,0.4997159209734273
1132.0,1428.9801762,0.4997137337304772
1133.0,1429.1845498,0.4997115464875271
1134.0,1429.3889234,0.499709359244577
1135.0,1429.593297,0.4997071720016269
1136.0,1429.7976706,0.49970498475867675
1137.0,1430.0020442,0.49970279751572666
1138.0,1430.2064178,0.49970061027277657
1139.0,1430.4107913999999,0.4996984230298264
1140.0,1430.615165,0.49969623578687633
1141.0,1430.4107913999999,0.49969404854392624
1142.0,1430.2064178,0.4996918613009761
1143.0,1430.0020442,0.499689674058026
1144.0,1429.7976706,0.4996874868150759
1145.0,1429.593297,0.49968529957212576
1146.0,1429.3889234,0.49968311232917567
1147.0,1429.1845498,0.4996809250862256
1148.0,1428.9801762,0.49967873784327543
1149.0,1428.7758026000001,0.49967655060032534
1150.0,1428.571429,0.49967436335737525
1151.0,1428.571429,0.4996721761144251
1152.0,1428.571429,0.499669988871475
1153.0,1428.571429,0.4996676963888286
1154.0,1428.571429,0.49966529866648585
1155.0,1428.571429,0.4996629009441431
1156.0,1428.571429,0.4996605032218004
1157.0,1428.571429,0.49965810549945766
1158.0,1428.571429,0.49965570777711493
1159.0,1428.571429,0.4996533100547722
1160.0,1428.571429,0.4996509123324295
1161.0,1428.1644286,0.49964851461008675
1162.0,1427.7574282,0.499646116887744
1163.0,1427.3504278,0.4996437191654013
1164.0,1426.9434274,0.49964132144305856
1165.0,1426.536427,0.49963892372071583
1166.0,1426.1294266,0.4996365259983731
1167.0,1425.7224262,0.4996341282760304
1168.0,1425.3154258,0.49963173055368765
1169.0,1424.9084254,0.4996293328313449
1170.0,1424.501425,0.4996269351090022
1171.0,1424.0967369999998,0.49962453738665946
1172.0,1423.692049,0.49962213966431673
1173.0,1423.287361,0.49961974194197395
1174.0,1422.882673,0.4996173442196312
1175.0,1422.477985,0.4996149464972885
1176.0,1422.073297,0.49961254877494576
1177.0,1421.668609,0.49961015105260304
1178.0,1421.263921,0.4996077533302603
1179.0,1420.8592330000001,0.4996053556079176
1180.0,1420.454545,0.49960295788557485
1181.0,1420.05215,0.4996005601632321
1182.0,1419.6497550000001,0.4995981624408894
1183.0,1419.24736,0.49959576471854666
1184.0,1418.844965,0.49959336699620394
1185.0,1418.4425700000002,0.4995909692738612
1186.0,1418.040175,0.4995885715515185
1187.0,1417.63778,0.49958617382917575
1188.0,1417.235385,0.499583776106833
1189.0,1416.83299,0.4995813783844903
1190.0,1416.430595,0.49957898066214756
1191.0,1415.4345116,0.49957658293980484
1192.0,1414.4384282,0.4995741852174621
1193.0,1413.4423448,0.4995717874951193
1194.0,1412.4462614000001,0.4995693897727766
1195.0,1411.450178,0.49956699205043387
1196.0,1410.4540946,0.49956459432809114
1197.0,1409.4580112,0.4995621966057484
1198.0,1408.4619278,0.4995597988834057
1199.0,1407.4658444000002,0.49955732738535796
1200.0,1406.469761,0.49955474522375276
1201.0,1405.8788073,0.49955216306214756
1202.0,1405.2878536,0.49954958090054236
1203.0,1404.6968999,0.49954699873893715
1204.0,1404.1059462,0.49954441657733195
1205.0,1403.5149925,0.49954183441572675
1206.0,1402.9240388,0.4995392522541215
1207.0,1402.3330851,0.4995366700925163
1208.0,1401.7421314,0.4995340879309111
1209.0,1401.1511777,0.4995315057693059
1210.0,1400.560224,0.4995289236077007
1211.0,1399.9742155000001,0.4995263414460955
1212.0,1399.388207,0.4995237592844903
1213.0,1398.8021985,0.4995211771228851
1214.0,1398.21619,0.49951859496127987
1215.0,1397.6301815000002,0.4995160127996746
1216.0,1397.044173,0.4995134306380694
1217.0,1396.4581645,0.4995108484764642
1218.0,1395.8721560000001,0.499508266314859
1219.0,1395.2861475,0.4995056841532538
1220.0,1394.700139,0.4995031019916486
1221.0,1394.700139,0.4995005198300434
1222.0,1394.700139,0.4994979376684382
1223.0,1394.700139,0.499495355506833
1224.0,1394.700139,0.4994927733452278
1225.0,1394.700139,0.49949019118362253
1226.0,1394.700139,0.49948760902201733
1227.0,1394.700139,0.49948502686041213
1228.0,1394.700139,0.4994824446988069
1229.0,1394.700139,0.4994798625372017
1230.0,1394.700139,0.4994772803755965
1231.0,1394.5058911,0.4994746982139913
1232.0,1394.3116432,0.4994721160523861
1233.0,1394.1173953,0.4994695338907809
1234.0,1393.9231474,0.4994669517291757
1235.0,1393.7288995,0.49946436956757045
1236.0,1393.5346516,0.49946178740596525
1237.0,1393.3404037,0.49945920524436005
1238.0,1393.1461558,0.49945662308275485
1239.0,1392.9519079,0.49945404092114964
1240.0,1392.75766,0.49945145875954444
1241.0,1391.7944803999999,0.49944887659793924
1242.0,1390.8313008,0.49944629443633404
1243.0,1389.8681212000001,0.49944371227472883
1244.0,1388.9049416,0.4994411301131236
1245.0,1387.941762,0.49943849978004334
1246.0,1386.9785824,0.4994357570468546
1247.0,1386.0154028000002,0.4994330143136659
1248.0,1385.0522232,0.4994302715804772
1249.0,1384.0890436,0.49942752884728847
1250.0,1383.125864,0.49942478611409974
1251.0,1382.9348246000002,0.499422043380911
1252.0,1382.7437852,0.49941930064772233
1253.0,1382.5527458000001,0.4994165579145336
1254.0,1382.3617064,0.49941381518134487
1255.0,1382.170667,0.49941107244815613
1256.0,1381.9796276000002,0.49940832971496746
1257.0,1381.7885882,0.4994055869817787
1258.0,1381.5975488000001,0.49940284424859
1259.0,1381.4065094,0.49940010151540126
1260.0,1381.21547,0.49939735878221253
1261.0,1380.6455048,0.49939461604902385
1262.0,1380.0755396000002,0.4993918733158351
1263.0,1379.5055744000001,0.4993891305826464
1264.0,1378.9356092,0.49938638784945766
1265.0,1378.365644,0.499383645116269
1266.0,1377.7956788000001,0.49938090238308025
1267.0,1377.2257136,0.4993781596498915
1268.0,1376.6557484,0.4993754169167028
1269.0,1376.0857832000002,0.4993726741835141
1270.0,1375.515818,0.4993699314503254
1271.0,1375.3268736,0.49936718871713665
1272.0,1375.1379292000001,0.4993644459839479
1273.0,1374.9489848,0.4993617032507592
1274.0,1374.7600404,0.4993589605175705
1275.0,1374.5710960000001,0.4993562177843818
1276.0,1374.3821516,0.49935347505119304
1277.0,1374.1932072,0.4993507323180043
1278.0,1374.0042627999999,0.49934798958481563
1279.0,1373.8153184,0.4993452468516269
1280.0,1373.626374,0.49934250411843817
1281.0,1373.250038,0.49933976138524944
1282.0,1372.8737019999999,0.49933701865206076
1283.0,1372.497366,0.49933427591887203
1284.0,1372.12103,0.4993315331856833
1285.0,1371.744694,0.49932879045249456
1286.0,1371.368358,0.49932604771930583
1287.0,1370.992022,0.49932330498611716
1288.0,1370.615686,0.4993205622529284
1289.0,1370.23935,0.4993178195197397
1290.0,1369.863014,0.49931507678655096
1291.0,1369.3023606,0.4993122989013015
1292.0,1368.7417072,0.49930938040780914
1293.0,1368.1810538,0.4993064619143167
1294.0,1367.6204004,0.4993035434208243
1295.0,1367.059747,0.4993006249273319
1296.0,1366.4990936,0.49929770643383947
1297.0,1365.9384402,0.4992947879403471
1298.0,1365.3777868,0.49929186944685466
1299.0,1364.8171334,0.4992889509533623
1300.0,1364.25648,0.49928603245986986
1301.0,1364.070614,0.4992831139663775
1302.0,1363.884748,0.49928019547288505
1303.0,1363.698882,0.49927727697939267
1304.0,1363.5130159999999,0.49927435848590024
1305.0,1363.32715,0.4992714399924078
1306.0,1363.141284,0.49926852149891543
1307.0,1362.955418,0.499265603005423
1308.0,1362.769552,0.4992626845119306
1309.0,1362.583686,0.4992597660184382
1310.0,1362.39782,0.4992568475249458
1311.0,1361.659393,0.4992539290314534
1312.0,1360.920966,0.499251010537961
1313.0,1360.182539,0.49924809204446857
1314.0,1359.444112,0.4992451735509762
1315.0,1358.705685,0.49924225505748376
1316.0,1357.967258,0.49923933656399133
1317.0,1357.228831,0.49923641807049896
1318.0,1356.490404,0.4992334995770065
1319.0,1355.751977,0.49923058108351415
1320.0,1355.01355,0.4992276625900217
1321.0,1354.4649614999998,0.49922474409652934
1322.0,1353.916373,0.4992218256030369
1323.0,1353.3677845,0.49921890710954453
1324.0,1352.819196,0.4992159886160521
1325.0,1352.2706075,0.4992130701225597
1326.0,1351.722019,0.4992101516290673
1327.0,1351.1734305,0.49920723313557486
1328.0,1350.624842,0.4992043146420825
1329.0,1350.0762535000001,0.49920139614859005
1330.0,1349.527665,0.49919847765509767
1331.0,1349.1644005,0.49919555916160524
1332.0,1348.801136,0.49919264066811286
1333.0,1348.4378715,0.49918972217462043
1334.0,1348.074607,0.49918680368112806
1335.0,1347.7113425,0.4991838851876356
1336.0,1347.348078,0.49918096669414325
1337.0,1346.9848135,0.49917803040748376
1338.0,1346.621549,0.4991749339823211
1339.0,1346.2582845,0.4991718375571584
1340.0,1345.89502,0.4991687411319957
1341.0,1345.3537754,0.49916564470683306
1342.0,1344.8125307999999,0.49916254828167034
1343.0,1344.2712862,0.4991594518565077
1344.0,1343.7300416,0.49915635543134496
1345.0,1343.188797,0.4991532590061823
1346.0,1342.6475524,0.4991501625810196
1347.0,1342.1063078,0.4991470661558569
1348.0,1341.5650632000002,0.4991439697306942
1349.0,1341.0238186000001,0.49914087330553153
1350.0,1340.482574,0.4991377768803688
1351.0,1339.5901089000001,0.49913468045520615
1352.0,1338.6976438000002,0.49913158403004343
1353.0,1337.8051787000002,0.49912848760488077
1354.0,1336.9127136000002,0.49912539117971805
1355.0,1336.0202485,0.4991222947545554
1356.0,1335.1277834,0.49911919832939267
1357.0,1334.2353183,0.49911610190423
1358.0,1333.3428532,0.4991130054790673
1359.0,1332.4503881,0.4991099090539046
1360.0,1331.557923,0.4991068126287419
1361.0,1330.8524618000001,0.49910371620357924
1362.0,1330.1470006,0.4991006197784165
1363.0,1329.4415394,0.49909752335325386
1364.0,1328.7360782,0.49909442692809114
1365.0,1328.030617,0.4990913305029285
1366.0,1327.3251558,0.49908823407776576
1367.0,1326.6196946,0.4990851376526031
1368.0,1325.9142334,0.4990820412274404
1369.0,1325.2087721999999,0.4990789448022777
1370.0,1324.503311,0.499075848377115
1371.0,1324.1533762,0.49907275195195233
1372.0,1323.8034413999999,0.4990696555267896
1373.0,1323.4535066,0.49906655910162695
1374.0,1323.1035718,0.49906346267646423
1375.0,1322.753637,0.49906036625130157
1376.0,1322.4037022,0.49905726982613885
1377.0,1322.0537674,0.4990541734009762
1378.0,1321.7038326000002,0.49905107697581347
1379.0,1321.3538978000001,0.4990479805506508
1380.0,1321.003963,0.4990448841254881
1381.0,1320.4825141000001,0.4990417877003254
1382.0,1319.9610652000001,0.4990386912751627
1383.0,1319.4396163000001,0.49903559485000004
1384.0,1318.9181674000001,0.4990323378543384
1385.0,1318.3967185000001,0.4990290808586768
1386.0,1317.8752696,0.49902582386301525
1387.0,1317.3538207,0.49902256686735363
1388.0,1316.8323718,0.499019309871692
1389.0,1316.3109229,0.4990160528760304
1390.0,1315.789474,0.4990127958803688
1391.0,1315.6165713,0.49900953888470717
1392.0,1315.4436686,0.4990062818890456
1393.0,1315.2707659,0.499003024893384
1394.0,1315.0978632,0.4989997678977224
1395.0,1314.9249605,0.49899651090206076
1396.0,1314.7520578,0.49899325390639915
1397.0,1314.5791551,0.49898999691073753
1398.0,1314.4062524,0.49898673991507597
1399.0,1314.2333497,0.49898348291941436
1400.0,1314.060447,0.49898022592375274
1401.0,1313.7160013,0.4989769689280911
1402.0,1313.3715556,0.4989737119324295
1403.0,1313.0271099000001,0.49897045493676795
1404.0,1312.6826642,0.49896719794110633
1405.0,1312.3382185,0.4989639409454447
1406.0,1311.9937728,0.4989606839497831
1407.0,1311.6493271,0.4989574269541215
1408.0,1311.3048814,0.49895416995845987
1409.0,1310.9604357,0.4989509129627983
1410.0,1310.61599,0.4989476559671367
1411.0,1309.9324875,0.4989443989714751
1412.0,1309.248985,0.49894114197581346
1413.0,1308.5654825,0.49893788498015185
1414.0,1307.8819799999999,0.4989346279844903
1415.0,1307.1984775,0.49893137098882867
1416.0,1306.514975,0.49892811399316706
1417.0,1305.8314725,0.49892485699750544
1418.0,1305.14797,0.4989216000018438
1419.0,1304.4644675,0.4989183430061822
1420.0,1303.780965,0.49891508601052065
1421.0,1303.2729984,0.49891182901485903
1422.0,1302.7650317999999,0.4989085720191974
1423.0,1302.2570652,0.4989053150235358
1424.0,1301.7490986,0.4989020580278742
1425.0,1301.241132,0.49889880103221257
1426.0,1300.7331654,0.498895544036551
1427.0,1300.2251988,0.4988922870408894
1428.0,1299.7172322000001,0.4988890300452278
1429.0,1299.2092656,0.49888577304956616
1430.0,1298.701299,0.49888238911583516
1431.0,1298.1972752000001,0.4988789910778742
1432.0,1297.6932514,0.49887559303991325
1433.0,1297.1892276,0.4988721950019523
1434.0,1296.6852038,0.49886879696399133
1435.0,1296.18118,0.4988653989260304
1436.0,1295.6771562000001,0.4988620008880694
1437.0,1295.1731324,0.49885860285010847
1438.0,1294.6691086,0.4988552048121475
1439.0,1294.1650848,0.49885180677418656
1440.0,1293.661061,0.4988484087362256
1441.0,1292.8296593,0.49884501069826465
1442.0,1291.9982576,0.4988416126603037
1443.0,1291.1668559,0.49883821462234273
1444.0,1290.3354542,0.4988348165843818
1445.0,1289.5040525,0.4988314185464208
1446.0,1288.6726508000002,0.49882802050845987
1447.0,1287.8412491000001,0.4988246224704989
1448.0,1287.0098474000001,0.49882122443253796
1449.0,1286.1784457,0.498817826394577
1450.0,1285.347044,0.49881442835661605
1451.0,1284.8533127,0.4988110303186551
1452.0,1284.3595814,0.49880763228069414
1453.0,1283.8658501,0.4988042342427332
1454.0,1283.3721188,0.4988008362047722
1455.0,1282.8783875,0.49879743816681127
1456.0,1282.3846562,0.4987940401288503
1457.0,1281.8909249,0.49879064209088936
1458.0,1281.3971936,0.4987872440529284
1459.0,1280.9034623,0.49878384601496745
1460.0,1280.409731,0.4987804479770065
1461.0,1280.5738861,0.49877704993904554
1462.0,1280.7380412,0.4987736519010846
1463.0,1280.9021963,0.4987702538631236
1464.0,1281.0663514,0.49876685582516267
1465.0,1281.2305065,0.4987634577872017
1466.0,1281.3946615999998,0.49876005974924076
1467.0,1281.5588166999999,0.4987566617112798
1468.0,1281.7229717999999,0.49875326367331885
1469.0,1281.8871268999999,0.4987498656353579
1470.0,1282.051282,0.49874646759739694
1471.0,1281.7233916999999,0.498743069559436
1472.0,1281.3955013999998,0.498739671521475
1473.0,1281.0676111,0.49873627348351407
1474.0,1280.7397208,0.4987328754455531
1475.0,1280.4118305,0.49872947740759216
1476.0,1280.0839402,0.4987259682711496
1477.0,1279.7560498999999,0.4987224313600867
1478.0,1279.4281596,0.49871889444902384
1479.0,1279.1002693,0.4987153575379609
1480.0,1278.772379,0.498711820626898
1481.0,1278.2836761,0.4987082837158351
1482.0,1277.7949732,0.4987047468047722
1483.0,1277.3062703,0.4987012098937093
1484.0,1276.8175674,0.4986976729826464
1485.0,1276.3288645,0.49869413607158347
1486.0,1275.8401616,0.4986905991605206
1487.0,1275.3514587,0.4986870622494577
1488.0,1274.8627558,0.4986835253383948
1489.0,1274.3740529,0.49867998842733186
1490.0,1273.88535,0.498676451516269
1491.0,1272.9190653,0.4986729146052061
1492.0,1271.9527806,0.49866937769414316
1493.0,1270.9864959,0.49866584078308024
1494.0,1270.0202112,0.4986623038720173
1495.0,1269.0539265,0.49865876696095446
1496.0,1268.0876418,0.49865523004989154
1497.0,1267.1213571,0.4986516931388286
1498.0,1266.1550723999999,0.4986481562277657
1499.0,1265.1887877,0.49864461931670284
1500.0,1264.222503,0.4986410824056399
1501.0,1263.7448371,0.498637545494577
1502.0,1263.2671712,0.4986340085835141
1503.0,1262.7895053,0.4986304716724512
1504.0,1262.3118394,0.4986269347613883
1505.0,1261.8341735,0.4986233978503254
1506.0,1261.3565076,0.49861986093926247
1507.0,1260.8788417,0.4986163240281996
1508.0,1260.4011758000001,0.4986127871171367
1509.0,1259.9235099,0.4986092502060738
1510.0,1259.445844,0.49860571329501086
1511.0,1258.8145428,0.498602176383948
1512.0,1258.1832416,0.4985986394728851
1513.0,1257.5519404000001,0.49859510256182216
1514.0,1256.9206392,0.49859156565075924
1515.0,1256.289338,0.4985880287396963
1516.0,1255.6580368,0.49858449182863346
1517.0,1255.0267356,0.49858095491757054
1518.0,1254.3954344,0.4985774180065076
1519.0,1253.7641332,0.4985738810954447
1520.0,1253.132832,0.49857034418438184
1521.0,1252.5078281,0.4985668072733189
1522.0,1251.8828242,0.49856318226550983
1523.0,1251.2578203,0.4985595195019523
1524.0,1250.6328164,0.49855585673839486
1525.0,1250.0078125,0.49855219397483735
1526.0,1249.3828086,0.49854853121127984
1527.0,1248.7578047,0.4985448684477224
1528.0,1248.1328008,0.4985412056841649
1529.0,1247.5077969,0.4985375429206074
1530.0,1246.882793,0.4985338801570499
1531.0,1245.9568899,0.49853021739349246
1532.0,1245.0309868,0.49852655462993495
1533.0,1244.1050837,0.4985228918663775
1534.0,1243.1791805999999,0.49851922910282
1535.0,1242.2532775,0.49851556633926253
1536.0,1241.3273744,0.498511903575705
1537.0,1240.4014713,0.4985082408121475
1538.0,1239.4755682,0.49850457804859005
1539.0,1238.5496650999999,0.49850091528503254
1540.0,1237.623762,0.4984972525214751
1541.0,1237.4707801,0.4984935897579176
1542.0,1237.3177982,0.4984899269943601
1543.0,1237.1648163,0.4984862642308026
1544.0,1237.0118344,0.49848260146724516
1545.0,1236.8588525,0.49847893870368765
1546.0,1236.7058706,0.4984752759401302
1547.0,1236.5528887,0.4984716131765727
1548.0,1236.3999068,0.4984679504130152
1549.0,1236.2469249,0.4984642876494577
1550.0,1236.093943,0.4984606248859002
1551.0,1235.9413388,0.49845696212234275
1552.0,1235.7887346,0.49845329935878524
1553.0,1235.6361304,0.4984496365952278
1554.0,1235.4835262,0.4984459738316703
1555.0,1235.330922,0.4984423110681128
1556.0,1235.1783178,0.4984386483045553
1557.0,1235.0257136,0.49843498554099785
1558.0,1234.8731094,0.49843132277744034
1559.0,1234.7205052,0.4984276600138829
1560.0,1234.567901,0.4984239972503254
1561.0,1234.4156732,0.49842033448676787
1562.0,1234.2634454,0.4984166717232104
1563.0,1234.1112176,0.4984130089596529
1564.0,1233.9589898,0.49840934619609545
1565.0,1233.806762,0.49840568343253794
1566.0,1233.6545342,0.4984020206689805
1567.0,1233.5023064,0.498398357905423
1568.0,1233.3500786,0.4983946391583514
1569.0,1233.1978508,0.4983908830889371
1570.0,1233.045623,0.49838712701952276
1571.0,1232.4404471999999,0.49838337095010843
1572.0,1231.8352714,0.49837961488069416
1573.0,1231.2300956,0.4983758588112798
1574.0,1230.6249198,0.4983721027418655
1575.0,1230.019744,0.49836834667245117
1576.0,1229.4145681999998,0.4983645906030369
1577.0,1228.8093924,0.49836083453362257
1578.0,1228.2042165999999,0.49835707846420824
1579.0,1227.5990408,0.4983533223947939
1580.0,1226.993865,0.49834956632537963
1581.0,1226.3946005999999,0.4983458102559653
1582.0,1225.7953361999998,0.498342054186551
1583.0,1225.1960718,0.49833829811713665
1584.0,1224.5968074,0.4983345420477224
1585.0,1223.997543,0.49833078597830804
1586.0,1223.3982786,0.4983270299088937
1587.0,1222.7990141999999,0.4983232738394794
1588.0,1222.1997498,0.49831951777006506
1589.0,1221.6004854,0.4983157617006508
1590.0,1221.001221,0.49831200563123645
1591.0,1220.4077818,0.4983082495618221
1592.0,1219.8143426,0.4983044934924078
1593.0,1219.2209034,0.4983007374229935
1594.0,1218.6274642,0.4982969813535792
1595.0,1218.034025,0.49829322528416486
1596.0,1217.4405858,0.49828946921475054
1597.0,1216.8471466,0.49828571314533626
1598.0,1216.2537074000002,0.49828195707592193
1599.0,1215.6602682,0.4982782010065076
1600.0,1215.066829,0.4982744449370933
1601.0,1214.3330930000002,0.498270688867679
1602.0,1213.599357,0.4982669327982647
1603.0,1212.8656210000001,0.49826317672885034
1604.0,1212.131885,0.498259420659436
1605.0,1211.398149,0.4982556645900217
1606.0,1210.6644130000002,0.4982519085206074
1607.0,1209.930677,0.4982481524511931
1608.0,1209.1969410000002,0.49824439638177875
1609.0,1208.463205,0.4982406403123644
1610.0,1207.729469,0.49823688424295015
1611.0,1207.2934655000001,0.4982331281735358
1612.0,1206.8574620000002,0.4982293721041215
1613.0,1206.4214585,0.49822561603470716
1614.0,1205.985455,0.4982218295867679
1615.0,1205.5494515,0.4982180127603037
1616.0,1205.113448,0.4982141959338395
1617.0,1204.6774445,0.4982103791073753
1618.0,1204.241441,0.4982065622809111
1619.0,1203.8054375,0.49820274545444687
1620.0,1203.369434,0.49819892862798265
1621.0,1203.0805098,0.49819511180151843
1622.0,1202.7915856,0.49819129497505427
1623.0,1202.5026613999999,0.49818747814859005
1624.0,1202.2137372,0.4981836613221258
1625.0,1201.924813,0.4981798444956616
1626.0,1201.6358888,0.4981760276691974
1627.0,1201.3469645999999,0.4981722108427332
1628.0,1201.0580404,0.498168394016269
1629.0,1200.7691162,0.4981645771898048
1630.0,1200.480192,0.49816076036334056
1631.0,1200.3362495,0.49815694353687634
1632.0,1200.192307,0.4981531267104122
1633.0,1200.0483645,0.49814930988394795
1634.0,1199.904422,0.49814549305748373
1635.0,1199.7604795,0.4981416762310195
1636.0,1199.6165369999999,0.4981378594045553
1637.0,1199.4725945,0.4981340425780911
1638.0,1199.328652,0.4981302257516269
1639.0,1199.1847095,0.4981264089251627
1640.0,1199.040767,0.49812259209869847
1641.0,1198.4684325,0.49811877527223425
1642.0,1197.896098,0.49811495844577003
1643.0,1197.3237635,0.49811114161930586
1644.0,1196.751429,0.49810732479284164
1645.0,1196.1790945,0.4981035079663774
1646.0,1195.6067600000001,0.4980996911399132
1647.0,1195.0344255,0.498095874313449
1648.0,1194.462091,0.4980920574869848
1649.0,1193.8897565,0.4980882406605206
1650.0,1193.317422,0.4980844238340564
1651.0,1192.7505254,0.49808060700759216
1652.0,1192.1836288,0.49807679018112794
1653.0,1191.6167322000001,0.4980729733546638
1654.0,1191.0498356,0.49806915652819955
1655.0,1190.482939,0.49806533970173533
1656.0,1189.9160424,0.4980615228752711
1657.0,1189.3491457999999,0.4980577060488069
1658.0,1188.7822492,0.49805388922234267
1659.0,1188.2153526,0.4980500723958785
1660.0,1187.648456,0.4980462295312364
1661.0,1187.2268056999999,0.49804234760932753
1662.0,1186.8051553999999,0.4980384656874186
1663.0,1186.3835050999999,0.49803458376550974
1664.0,1185.9618547999999,0.4980307018436008
1665.0,1185.5402045,0.49802681992169195
1666.0,1185.1185542,0.49802293799978303
1667.0,1184.6969039,0.49801905607787417
1668.0,1184.2752536,0.49801517415596525
1669.0,1183.8536033,0.4980112922340564
1670.0,1183.431953,0.49800741031214746
1671.0,1183.2920674,0.4980035283902386
1672.0,1183.1521818,0.49799964646832967
1673.0,1183.0122962,0.4979957645464208
1674.0,1182.8724106,0.4979918826245119
1675.0,1182.732525,0.497988000702603
1676.0,1182.5926394,0.49798411878069415
1677.0,1182.4527538,0.49798023685878523
1678.0,1182.3128682,0.49797635493687636
1679.0,1182.1729826,0.49797247301496744
1680.0,1182.033097,0.4979685910930586
1681.0,1181.6154175,0.49796470917114966
1682.0,1181.197738,0.4979608272492408
1683.0,1180.7800585,0.49795694532733187
1684.0,1180.362379,0.497953063405423
1685.0,1179.9446994999998,0.4979491814835141
1686.0,1179.52702,0.4979452995616052
1687.0,1179.1093405,0.4979414176396963
1688.0,1178.6916609999998,0.4979375357177874
1689.0,1178.2739815,0.4979336537958785
1690.0,1177.856302,0.49792977187396964
1691.0,1177.579485,0.4979258899520607
1692.0,1177.302668,0.49792200803015185
1693.0,1177.0258509999999,0.49791812610824293
1694.0,1176.749034,0.49791424418633407
1695.0,1176.472217,0.49791036226442514
1696.0,1176.1954,0.4979064803425163
1697.0,1175.9185830000001,0.49790259842060736
1698.0,1175.641766,0.4978987164986985
1699.0,1175.364949,0.4978948345767896
1700.0,1175.088132,0.4978909526548807
1701.0,1175.088132,0.49788707073297184
1702.0,1175.088132,0.4978831888110629
1703.0,1175.088132,0.49787930688915405
1704.0,1175.088132,0.49787542496724513
1705.0,1175.088132,0.49787154304533626
1706.0,1175.088132,0.49786764875509765
1707.0,1175.088132,0.497863725605423
1708.0,1175.088132,0.4978598024557484
1709.0,1175.088132,0.4978558793060738
1710.0,1175.088132,0.49785195615639916
1711.0,1174.8126131000001,0.49784803300672453
1712.0,1174.5370942,0.4978441098570499
1713.0,1174.2615753,0.4978401867073753
1714.0,1173.9860564,0.49783626355770066
1715.0,1173.7105375,0.49783234040802604
1716.0,1173.4350186,0.4978284172583514
1717.0,1173.1594997,0.4978244941086768
1718.0,1172.8839808,0.4978205709590022
1719.0,1172.6084618999998,0.49781664780932755
1720.0,1172.332943,0.4978127246596529
1721.0,1171.9220785999998,0.4978088015099783
1722.0,1171.5112141999998,0.4978048783603037
1723.0,1171.1003498,0.49780095521062906
1724.0,1170.6894854,0.4977970320609545
1725.0,1170.278621,0.49779310891127987
1726.0,1169.8677566,0.49778918576160525
1727.0,1169.4568921999999,0.4977852626119306
1728.0,1169.0460278,0.497781339462256
1729.0,1168.6351634,0.4977774163125814
1730.0,1168.224299,0.49777349316290675
1731.0,1167.6809389,0.49776957001323213
1732.0,1167.1375788,0.4977656468635575
1733.0,1166.5942187,0.4977617237138829
1734.0,1166.0508586,0.49775780056420826
1735.0,1165.5074985,0.49775387741453364
1736.0,1164.9641384,0.497749954264859
1737.0,1164.4207783,0.4977460311151844
1738.0,1163.8774182,0.4977421079655098
1739.0,1163.3340581,0.49773818481583515
1740.0,1162.790698,0.4977342616661605
1741.0,1162.3864834,0.4977303385164859
1742.0,1161.9822688,0.4977264153668113
1743.0,1161.5780542,0.49772249221713666
1744.0,1161.1738396,0.49771856906746204
1745.0,1160.769625,0.4977146459177874
1746.0,1160.3654104,0.49771072276811285
1747.0,1159.9611958,0.4977067996184382
1748.0,1159.5569812,0.4977028764687636
1749.0,1159.1527666,0.497698953319089
1750.0,1158.748552,0.49769503016941435
1751.0,1158.4806332,0.49769110701973973
1752.0,1158.2127144,0.49768718039804777
1753.0,1157.9447956,0.49768323988828633
1754.0,1157.6768768,0.49767929937852495
1755.0,1157.408958,0.4976753588687636
1756.0,1157.1410392,0.4976714183590022
1757.0,1156.8731204,0.4976674778492408
1758.0,1156.6052015999999,0.49766353733947943
1759.0,1156.3372828,0.497659596829718
1760.0,1156.069364,0.4976556563199566
1761.0,1155.6698009,0.49765171581019524
1762.0,1155.2702378,0.49764777530043386
1763.0,1154.8706746999999,0.4976438347906725
1764.0,1154.4711115999999,0.4976398942809111
1765.0,1154.0715485,0.49763595377114966
1766.0,1153.6719854,0.4976320132613883
1767.0,1153.2724223,0.4976280727516269
1768.0,1152.8728592,0.4976241322418655
1769.0,1152.4732961,0.49762019173210414
1770.0,1152.073733,0.49761625122234276
1771.0,1151.6769223,0.49761231071258133
1772.0,1151.2801116,0.49760837020281995
1773.0,1150.8833009,0.49760442969305857
1774.0,1150.4864902,0.4976004891832972
1775.0,1150.0896794999999,0.4975965486735358
1776.0,1149.6928688,0.49759260816377443
1777.0,1149.2960581,0.497588667654013
1778.0,1148.8992474,0.4975847271442516
1779.0,1148.5024367,0.49758078663449024
1780.0,1148.105626,0.49757684612472886
1781.0,1147.7115394,0.4975729056149675
1782.0,1147.3174528,0.49756896510520604
1783.0,1146.9233662,0.49756502459544466
1784.0,1146.5292795999999,0.4975610840856833
1785.0,1146.135193,0.4975571435759219
1786.0,1145.7411064,0.4975532030661605
1787.0,1145.3470198,0.49754926255639914
1788.0,1144.9529332,0.4975453220466377
1789.0,1144.5588466,0.4975413815368763
1790.0,1144.16476,0.49753744102711495
1791.0,1143.6435004,0.49753350051735357
1792.0,1143.1222407999999,0.4975295600075922
1793.0,1142.6009812,0.4975256194978308
1794.0,1142.0797215999999,0.49752167898806937
1795.0,1141.558462,0.497517738478308
1796.0,1141.0372024,0.4975137979685466
1797.0,1140.5159428,0.49750985745878523
1798.0,1139.9946832,0.4975059139112798
1799.0,1139.4734236,0.4975019430240781
1800.0,1138.952164,0.49749797213687635
1801.0,1138.6933112000002,0.4974940012496746
1802.0,1138.4344584,0.49749003036247286
1803.0,1138.1756056,0.49748605947527114
1804.0,1137.9167528,0.4974820885880694
1805.0,1137.6579000000002,0.49747811770086764
1806.0,1137.3990472,0.4974741468136659
1807.0,1137.1401944,0.4974701759264642
1808.0,1136.8813416,0.4974662050392625
1809.0,1136.6224888000002,0.49746223415206076
1810.0,1136.363636,0.497458263264859
1811.0,1135.8494443,0.49745429237765726
1812.0,1135.3352526,0.49745032149045554
1813.0,1134.8210609,0.4974463506032538
1814.0,1134.3068692,0.49744237971605204
1815.0,1133.7926775,0.4974384088288503
1816.0,1133.2784858,0.4974344379416486
1817.0,1132.7642941,0.4974304670544469
1818.0,1132.2501023999998,0.4974264961672451
1819.0,1131.7359107,0.4974225252800434
1820.0,1131.221719,0.49741855439284166
1821.0,1130.7121597,0.49741458350563994
1822.0,1130.2026004,0.49741061261843816
1823.0,1129.6930410999998,0.49740664173123644
1824.0,1129.1834818,0.4974026708440347
1825.0,1128.6739225000001,0.497398699956833
1826.0,1128.1643632,0.4973947290696312
1827.0,1127.6548039,0.4973907581824295
1828.0,1127.1452446,0.4973867872952278
1829.0,1126.6356853000002,0.49738281640802606
1830.0,1126.126126,0.4973788455208243
1831.0,1125.746959,0.49737487463362257
1832.0,1125.367792,0.49737090374642084
1833.0,1124.9886250000002,0.4973669328592191
1834.0,1124.6094580000001,0.49736296197201735
1835.0,1124.230291,0.4973589910848156
1836.0,1123.851124,0.4973550201976139
1837.0,1123.471957,0.4973510493104122
1838.0,1123.0927900000002,0.4973470784232104
1839.0,1122.713623,0.4973431075360087
1840.0,1122.334456,0.49733913664880697
1841.0,1121.9578337,0.49733516576160525
1842.0,1121.5812114,0.49733119487440347
1843.0,1121.2045891,0.49732722398720175
1844.0,1120.8279668,0.49732325310000003
1845.0,1120.4513445,0.49731924315423
1846.0,1120.0747222,0.4973152332084599
1847.0,1119.6980999,0.49731122326268984
1848.0,1119.3214776,0.4973072133169198
1849.0,1118.9448553,0.4973032033711497
1850.0,1118.568233,0.49729919342537965
1851.0,1118.1941299,0.49729518347960955
1852.0,1117.8200268,0.4972911735338395
1853.0,1117.4459236999999,0.49728716358806946
1854.0,1117.0718206,0.49728315364229936
1855.0,1116.6977175,0.4972791436965293
1856.0,1116.3236144,0.49727513375075927
1857.0,1115.9495113,0.49727112380498917
1858.0,1115.5754081999999,0.4972671138592191
1859.0,1115.2013051,0.4972631039134491
1860.0,1114.827202,0.497259093967679
1861.0,1114.3322730999998,0.49725508402190893
1862.0,1113.8373442,0.49725107407613883
1863.0,1113.3424153,0.4972470641303688
1864.0,1112.8474864,0.49724305418459874
1865.0,1112.3525574999999,0.49723904423882864
1866.0,1111.8576286,0.4972350342930586
1867.0,1111.3626997000001,0.49723102434728855
1868.0,1110.8677708,0.49722701440151845
1869.0,1110.3728419,0.4972230044557484
1870.0,1109.877913,0.49721899450997836
1871.0,1109.3873593,0.49721498456420826
1872.0,1108.8968056,0.4972109746184382
1873.0,1108.4062519,0.4972069646726681
1874.0,1107.9156982,0.49720295472689807
1875.0,1107.4251445,0.497198944781128
1876.0,1106.9345908,0.4971949348353579
1877.0,1106.4440371,0.4971909248895879
1878.0,1105.9534833999999,0.49718691494381784
1879.0,1105.4629297,0.49718290499804774
1880.0,1104.972376,0.4971788950522777
1881.0,1104.7287216,0.49717488510650765
1882.0,1104.4850672,0.49717087516073755
1883.0,1104.2414128,0.4971668652149675
1884.0,1103.9977584,0.49716285526919746
1885.0,1103.754104,0.49715884532342736
1886.0,1103.5104496,0.4971548353776573
1887.0,1103.2667952,0.4971508254318872
1888.0,1103.0231408,0.49714681548611717
1889.0,1102.7794864,0.4971428055403471
1890.0,1102.535832,0.497138795594577
1891.0,1102.4144074,0.49713476416691976
1892.0,1102.2929828000001,0.49713073035238614
1893.0,1102.1715582,0.4971266965378525
1894.0,1102.0501336,0.4971226627233189
1895.0,1101.928709,0.4971186289087853
1896.0,1101.8072844,0.49711459509425165
1897.0,1101.6858598000001,0.49711056127971803
1898.0,1101.5644352,0.4971065274651844
1899.0,1101.4430106,0.4971024936506508
1900.0,1101.321586,0.49709845983611717
1901.0,1100.9589115,0.49709442602158355
1902.0,1100.596237,0.4970903922070499
1903.0,1100.2335625,0.4970863583925163
1904.0,1099.870888,0.4970823245779827
1905.0,1099.5082135,0.49707829076344906
1906.0,1099.145539,0.49707425694891544
1907.0,1098.7828645,0.4970702231343818
1908.0,1098.42019,0.49706618931984814
1909.0,1098.0575155,0.4970621555053145
1910.0,1097.694841,0.4970581216907809
1911.0,1097.0956626,0.4970540878762473
1912.0,1096.4964842,0.49705005406171365
1913.0,1095.8973058,0.49704602024718003
1914.0,1095.2981273999999,0.4970419864326464
1915.0,1094.698949,0.4970379526181128
1916.0,1094.0997706,0.49703391880357917
1917.0,1093.5005922,0.49702988498904555
1918.0,1092.9014138,0.4970258511745119
1919.0,1092.3022354,0.4970218173599783
1920.0,1091.703057,0.4970177835454447
1921.0,1091.3466795,0.49701374973091106
1922.0,1090.990302,0.49700971591637744
1923.0,1090.6339245,0.4970056821018438
1924.0,1090.277547,0.4970016482873102
1925.0,1089.9211695,0.49699761447277657
1926.0,1089.5647920000001,0.49699358065824295
1927.0,1089.2084145000001,0.49698954684370933
1928.0,1088.852037,0.4969855130291757
1929.0,1088.4956595,0.4969814792146421
1930.0,1088.139282,0.49697744540010846
1931.0,1087.6677157000001,0.49697341158557484
1932.0,1087.1961494,0.4969693777710412
1933.0,1086.7245831,0.4969653439565076
1934.0,1086.2530168,0.4969613101419739
1935.0,1085.7814505000001,0.4969572763274403
1936.0,1085.3098842,0.4969532425129067
1937.0,1084.8383179,0.49694919654739694
1938.0,1084.3667516,0.49694514754414315
1939.0,1083.8951852999999,0.49694109854088936
1940.0,1083.423619,0.49693704953763557
1941.0,1082.8398777999998,0.4969330005343818
1942.0,1082.2561366,0.496928951531128
1943.0,1081.6723954,0.4969249025278742
1944.0,1081.0886542,0.49692085352462034
1945.0,1080.504913,0.49691680452136655
1946.0,1079.9211718,0.49691275551811276
1947.0,1079.3374306,0.49690870651485897
1948.0,1078.7536894,0.4969046575116052
1949.0,1078.1699482000001,0.4969006085083514
1950.0,1077.586207,0.4968965595050976
1951.0,1076.8939675000001,0.4968925105018438
1952.0,1076.201728,0.49688846149859
1953.0,1075.5094885,0.4968844124953362
1954.0,1074.817249,0.4968803634920824
1955.0,1074.1250095,0.49687631448882863
1956.0,1073.4327700000001,0.49687226548557484
1957.0,1072.7405305,0.49686821648232105
1958.0,1072.048291,0.49686416747906725
1959.0,1071.3560515,0.49686011847581346
1960.0,1070.663812,0.4968560694725596
1961.0,1070.2072389,0.4968520204693058
1962.0,1069.7506658,0.49684797146605203
1963.0,1069.2940927,0.49684392246279824
1964.0,1068.8375196,0.49683987345954445
1965.0,1068.3809465,0.49683582445629065
1966.0,1067.9243734000001,0.49683177545303686
1967.0,1067.4678003000001,0.49682772644978307
1968.0,1067.0112272000001,0.4968236774465293
1969.0,1066.5546541,0.4968196284432755
1970.0,1066.098081,0.4968155794400217
1971.0,1065.8712516,0.4968115304367679
1972.0,1065.6444222,0.4968074814335141
1973.0,1065.4175928,0.4968034324302603
1974.0,1065.1907634,0.4967993834270065
1975.0,1064.9639339999999,0.4967953344237527
1976.0,1064.7371046,0.4967912854204989
1977.0,1064.5102752,0.4967872364172451
1978.0,1064.2834458,0.4967831874139913
1979.0,1064.0566164,0.4967791384107375
1980.0,1063.829787,0.4967750894074837
1981.0,1063.6039208,0.4967710404042299
1982.0,1063.3780545999998,0.49676699140097613
1983.0,1063.1521884,0.4967629499921909
1984.0,1062.9263222,0.4967589118381779
1985.0,1062.700456,0.4967548736841649
1986.0,1062.4745897999999,0.4967508355301518
1987.0,1062.2487236,0.4967467973761388
1988.0,1062.0228574,0.4967427592221258
1989.0,1061.7969911999999,0.4967387210681128
1990.0,1061.571125,0.4967346829140998
1991.0,1061.2341182999999,0.49673064476008677
1992.0,1060.8971116,0.49672660660607376
1993.0,1060.5601049,0.49672256845206075
1994.0,1060.2230982,0.4967185302980477
1995.0,1059.8860915,0.4967144921440347
1996.0,1059.5490848,0.49671045399002167
1997.0,1059.2120781,0.49670641583600866
1998.0,1058.8750714,0.49670237768199565
1999.0,1058.5380647000002,0.49669833952798265
2000.0,1058.201058,0.49669430137396964
2001.0,1057.6441101,0.49669026321995663
2002.0,1057.0871622000002,0.49668622506594357
2003.0,1056.5302143000001,0.49668218691193056
2004.0,1055.9732664,0.49667814875791755
2005.0,1055.4163185000002,0.49667411060390454
2006.0,1054.8593706000001,0.49667007244989153
2007.0,1054.3024227,0.4966660342958785
2008.0,1053.7454748,0.4966619961418655
2009.0,1053.1885269000002,0.4966579579878525
2010.0,1052.631579,0.49665391983383944
2011.0,1052.080463,0.49664988167982643
2012.0,1051.5293470000001,0.4966458435258134
2013.0,1050.978231,0.4966418053718004
2014.0,1050.4271150000002,0.4966377672177874
2015.0,1049.875999,0.4966337290637744
2016.0,1049.324883,0.4966296909097614
2017.0,1048.7737670000001,0.4966256527557484
2018.0,1048.222651,0.4966216146017353
2019.0,1047.6715350000002,0.4966175764477223
2020.0,1047.120419,0.4966135382937093
2021.0,1046.6836639,0.4966095001396963
2022.0,1046.2469088,0.4966054619856833
2023.0,1045.8101537,0.4966014238316703
2024.0,1045.3733986,0.49659738567765727
2025.0,1044.9366435000002,0.49659334752364426
2026.0,1044.4998884000001,0.49658930936963125
2027.0,1044.0631333000001,0.4965852712156182
2028.0,1043.6263782,0.4965812330616052
2029.0,1043.1896231,0.49657721704056396
2030.0,1042.752868,0.4965732157748373
2031.0,1042.6442479,0.4965692145091106
2032.0,1042.5356278,0.49656521324338393
2033.0,1042.4270077,0.49656121197765724
2034.0,1042.3183876,0.4965572107119306
2035.0,1042.2097675,0.4965532094462039
2036.0,1042.1011474,0.4965492081804772
2037.0,1041.9925273,0.4965452069147505
2038.0,1041.8839072,0.4965412056490239
2039.0,1041.7752871,0.4965372043832972
2040.0,1041.666667,0.4965332031175705
2041.0,1040.9126165999999,0.4965292018518438
2042.0,1040.1585662,0.49652520058611715
2043.0,1039.4045158,0.49652119932039046
2044.0,1038.6504654,0.49651719805466377
2045.0,1037.896415,0.4965131967889371
2046.0,1037.1423645999998,0.49650919552321043
2047.0,1036.3883142,0.49650519425748374
2048.0,1035.6342637999999,0.49650119299175705
2049.0,1034.8802134,0.49649719172603035
2050.0,1034.126163,0.49649319046030366
2051.0,1033.5942051,0.496489189194577
2052.0,1033.0622472,0.4964851879288503
2053.0,1032.5302892999998,0.49648118666312363
2054.0,1031.9983313999999,0.49647718539739694
2055.0,1031.4663735,0.4964731841316703
2056.0,1030.9344156,0.4964691828659436
2057.0,1030.4024577,0.4964651816002169
2058.0,1029.8704997999998,0.4964611803344902
2059.0,1029.3385418999999,0.4964571790687636
2060.0,1028.806584,0.4964531778030369
2061.0,1028.0709716,0.4964491765373102
2062.0,1027.3353591999999,0.4964451752715835
2063.0,1026.5997468,0.49644117400585686
2064.0,1025.8641344,0.49643717274013016
2065.0,1025.128522,0.49643317147440347
2066.0,1024.3929096,0.4964291702086768
2067.0,1023.6572972,0.49642516894295013
2068.0,1022.9216848,0.49642116767722344
2069.0,1022.1860724000001,0.49641716641149675
2070.0,1021.45046,0.49641316514577005
2071.0,1021.1384079000001,0.4964091638800434
2072.0,1020.8263558,0.4964051626143167
2073.0,1020.5143037,0.49640116134859
2074.0,1020.2022516,0.49639716008286333
2075.0,1019.8901995,0.49639316749609547
2076.0,1019.5781474,0.4963891835882863
2077.0,1019.2660953,0.49638519968047723
2078.0,1018.9540432,0.49638121577266814
2079.0,1018.6419910999999,0.496377231864859
2080.0,1018.329939,0.4963732479570499
2081.0,1017.9168234,0.4963692640492408
2082.0,1017.5037078,0.49636528014143166
2083.0,1017.0905922,0.4963612962336226
2084.0,1016.6774766,0.4963573123258134
2085.0,1016.264361,0.49635332841800434
2086.0,1015.8512454,0.49634934451019525
2087.0,1015.4381298000001,0.4963453606023861
2088.0,1015.0250142,0.496341376694577
2089.0,1014.6118986,0.4963373927867679
2090.0,1014.198783,0.49633340887895877
2091.0,1013.9934796,0.4963294249711497
2092.0,1013.7881762000001,0.49632544106334053
2093.0,1013.5828728,0.49632145715553144
2094.0,1013.3775694000001,0.49631747324772235
2095.0,1013.172266,0.4963134893399132
2096.0,1012.9669626,0.4963095054321041
2097.0,1012.7616592,0.496305521524295
2098.0,1012.5563558,0.4963015376164859
2099.0,1012.3510524000001,0.4962975537086768
2100.0,1012.145749,0.49629356980086764
2101.0,1012.145749,0.49628958589305855
2102.0,1012.145749,0.49628560198524946
2103.0,1012.145749,0.4962816180774403
2104.0,1012.145749,0.4962776341696312
2105.0,1012.145749,0.49627365026182213
2106.0,1012.145749,0.496269666354013
2107.0,1012.145749,0.4962656824462039
2108.0,1012.145749,0.49626169853839475
2109.0,1012.145749,0.49625771463058566
2110.0,1012.145749,0.49625373072277656
2111.0,1011.9412751,0.4962497468149674
2112.0,1011.7368012000001,0.4962457629071583
2113.0,1011.5323273,0.49624177899934924
2114.0,1011.3278534,0.4962377950915401
2115.0,1011.1233795,0.496233811183731
2116.0,1010.9189056,0.4962298272759219
2117.0,1010.7144317,0.49622584336811276
2118.0,1010.5099577999999,0.49622185946030367
2119.0,1010.3054839,0.4962178755524945
2120.0,1010.10101,0.49621389164468543
2121.0,1009.6945307,0.4962099224926247
2122.0,1009.2880514,0.49620597547418654
2123.0,1008.8815721,0.49620202845574835
2124.0,1008.4750928,0.49619808143731015
2125.0,1008.0686135,0.496194134418872
2126.0,1007.6621342,0.4961901874004338
2127.0,1007.2556549,0.49618624038199566
2128.0,1006.8491756,0.49618229336355746
2129.0,1006.4426963,0.49617834634511926
2130.0,1006.036217,0.4961743993266811
2131.0,1005.7334979999999,0.4961704523082429
2132.0,1005.4307789999999,0.49616650528980477
2133.0,1005.12806,0.49616255827136657
2134.0,1004.825341,0.4961586112529284
2135.0,1004.522622,0.49615466423449023
2136.0,1004.2199029999999,0.49615071721605203
2137.0,1003.9171839999999,0.4961467701976139
2138.0,1003.614465,0.4961428231791757
2139.0,1003.311746,0.49613887616073754
2140.0,1003.009027,0.49613492914229934
2141.0,1002.7081243,0.49613098212386114
2142.0,1002.4072216,0.496127035105423
2143.0,1002.1063188999999,0.4961230880869848
2144.0,1001.8054162,0.49611914106854665
2145.0,1001.5045135,0.49611519405010845
2146.0,1001.2036108,0.49611124703167025
2147.0,1000.9027080999999,0.4961073000132321
2148.0,1000.6018054,0.4961033529947939
2149.0,1000.3009027,0.49609940597635577
2150.0,1000.0,0.49609545895791757
2151.0,999.00990099,0.4960915119394794
2152.0,998.01980198,0.4960875649210412
2153.0,997.02970297,0.496083617902603
2154.0,996.03960396,0.4960796708841649
2155.0,995.04950495,0.4960757238657267
2156.0,994.05940594,0.49607177684728854
2157.0,993.06930693,0.49606782982885034
2158.0,992.07920792,0.49606388281041214
2159.0,991.08910891,0.496059935791974
2160.0,990.0990099,0.4960559887735358
2161.0,990.0990099,0.49605204175509765
2162.0,990.0990099,0.49604809473665945
2163.0,990.0990099,0.49604414771822125
2164.0,990.0990099,0.4960402006997831
2165.0,990.0990099,0.4960362536813449
2166.0,990.0990099,0.49603230666290676
2167.0,990.0990099,0.49602836810694145
2168.0,990.0990099,0.4960244492967462
2169.0,990.0990099,0.496020530486551
2170.0,990.0990099,0.49601661167635575
2171.0,989.1283246,0.49601269286616056
2172.0,988.1576393,0.49600877405596533
2173.0,987.186954,0.4960048552457701
2174.0,986.2162687,0.49600093643557486
2175.0,985.2455834,0.4959970176253796
2176.0,984.2748981000001,0.4959930988151844
2177.0,983.3042128000001,0.49598918000498915
2178.0,982.3335275000001,0.4959852611947939
2179.0,981.3628422,0.49598134238459873
2180.0,980.3921569,0.4959774235744035
2181.0,980.3921569,0.49597350476420826
2182.0,980.3921569,0.495969585954013
2183.0,980.3921569,0.4959656671438178
2184.0,980.3921569,0.49596174833362255
2185.0,980.3921569,0.4959578295234273
2186.0,980.3921569,0.49595391071323214
2187.0,980.3921569,0.4959499919030369
2188.0,980.3921569,0.49594607309284167
2189.0,980.3921569,0.49594215428264643
2190.0,980.3921569,0.4959382354724512
2191.0,980.3921569,0.49593431666225596
2192.0,980.3921569,0.4959303978520607
2193.0,980.3921569,0.4959264790418655
2194.0,980.3921569,0.4959225602316703
2195.0,980.3921569,0.49591864142147507
2196.0,980.3921569,0.49591472261127983
2197.0,980.3921569,0.4959108038010846
2198.0,980.3921569,0.49590688499088936
2199.0,980.3921569,0.4959029661806941
2200.0,980.3921569,0.4958990473704989
2201.0,980.3921569,0.49589512856030366
2202.0,980.3921569,0.4958912097501085
2203.0,980.3921569,0.49588729093991324
2204.0,980.3921569,0.495883372129718
2205.0,980.3921569,0.49587945331952277
2206.0,980.3921569,0.49587553450932753
2207.0,980.3921569,0.4958716156991323
2208.0,980.3921569,0.49586769688893706
2209.0,980.3921569,0.4958637780787419
2210.0,980.3921569,0.49585985926854664
2211.0,979.44031985,0.4958559404583514
2212.0,978.4884828,0.49585202164815617
2213.0,977.53664575,0.4958481041399132
2214.0,976.5848087,0.49584419183947936
2215.0,975.63297165,0.4958402795390455
2216.0,974.6811346,0.4958363672386117
2217.0,973.72929755,0.49583245493817785
2218.0,972.7774605,0.495828542637744
2219.0,971.82562345,0.49582463033731017
2220.0,970.8737864,0.49582071803687633
2221.0,970.8737864,0.4958168057364425
2222.0,970.8737864,0.49581289343600865
2223.0,970.8737864,0.4958089811355748
2224.0,970.8737864,0.49580506883514097
2225.0,970.8737864,0.49580115653470713
2226.0,970.8737864,0.4957972442342733
2227.0,970.8737864,0.49579333193383945
2228.0,970.8737864,0.4957894196334056
2229.0,970.8737864,0.4957855073329718
2230.0,970.8737864,0.49578159503253794
2231.0,969.94025391,0.4957776827321041
2232.0,969.00672142,0.49577377043167026
2233.0,968.07318893,0.4957698581312364
2234.0,967.13965644,0.4957659458308026
2235.0,966.20612395,0.49576203353036874
2236.0,965.2725914600001,0.4957581212299349
2237.0,964.33905897,0.49575420892950106
2238.0,963.40552648,0.4957502966290672
2239.0,962.47199399,0.4957463843286334
2240.0,961.5384615,0.49574247202819954
2241.0,961.5384615,0.4957385597277657
2242.0,961.5384615,0.49573464742733186
2243.0,961.5384615,0.495730735126898
2244.0,961.5384615,0.4957268228264642
2245.0,961.5384615,0.49572291052603035
2246.0,961.5384615,0.4957189982255965
2247.0,961.5384615,0.4957150859251627
2248.0,961.5384615,0.4957111736247289
2249.0,961.5384615,0.49570726132429505
2250.0,961.5384615,0.4957033490238612
2251.0,960.62271059,0.49569943672342737
2252.0,959.7069596800001,0.4956955244229935
2253.0,958.79120877,0.4956916121225597
2254.0,957.87545786,0.49568769982212585
2255.0,956.95970695,0.495683787521692
2256.0,956.04395604,0.49567987522125817
2257.0,955.12820513,0.49567596292082433
2258.0,954.2124542199999,0.4956720506203905
2259.0,953.29670331,0.4956681398388286
2260.0,952.3809524,0.49566424272711496
2261.0,952.3809524,0.49566034561540134
2262.0,952.3809524,0.4956564485036877
2263.0,952.3809524,0.495652551391974
2264.0,952.3809524,0.49564865428026034
2265.0,952.3809524,0.49564475716854667
2266.0,952.3809524,0.495640860056833
2267.0,952.3809524,0.49563696294511933
2268.0,952.3809524,0.49563306583340566
2269.0,952.3809524,0.495629168721692
2270.0,952.3809524,0.4956252716099783
2271.0,952.3809524,0.49562137449826466
2272.0,952.3809524,0.495617477386551
2273.0,952.3809524,0.4956135802748373
2274.0,952.3809524,0.49560968316312365
2275.0,952.3809524,0.49560578605141
2276.0,952.3809524,0.4956018889396963
2277.0,952.3809524,0.49559799182798264
2278.0,952.3809524,0.495594094716269
2279.0,952.3809524,0.49559019760455536
2280.0,952.3809524,0.4955863004928417
2281.0,951.4824798,0.495582403381128
2282.0,950.5840072,0.49557850626941435
2283.0,949.6855346,0.4955746091577007
2284.0,948.787062,0.495570712045987
2285.0,947.8885894,0.49556681493427335
2286.0,946.9901168,0.4955629178225597
2287.0,946.0916442,0.495559020710846
2288.0,945.1931716,0.49555512359913234
2289.0,944.294699,0.4955512264874187
2290.0,943.3962264,0.495547329375705
2291.0,943.3962264,0.49554343226399133
2292.0,943.3962264,0.49553953515227767
2293.0,943.3962264,0.495535638040564
2294.0,943.3962264,0.49553174092885033
2295.0,943.3962264,0.49552784381713666
2296.0,943.3962264,0.495523946705423
2297.0,943.3962264,0.4955200495937094
2298.0,943.3962264,0.4955161524819957
2299.0,943.3962264,0.49551225537028204
2300.0,943.3962264,0.49550835825856837
2301.0,943.3962264,0.4955044611468547
2302.0,943.3962264,0.49550056403514103
2303.0,943.3962264,0.49549666692342736
2304.0,943.3962264,0.4954927698117137
2305.0,943.3962264,0.4954888727
2306.0,943.3962264,0.4954850037965293
2307.0,943.3962264,0.4954811348930586
2308.0,943.3962264,0.49547726598958786
2309.0,943.3962264,0.49547339708611715
2310.0,943.3962264,0.49546952818264645
2311.0,943.3962264,0.49546565927917574
2312.0,943.3962264,0.49546179037570504
2313.0,943.3962264,0.49545792147223433
2314.0,943.3962264,0.49545405256876357
2315.0,943.3962264,0.49545018366529286
2316.0,943.3962264,0.49544631476182216
2317.0,943.3962264,0.49544244585835145
2318.0,943.3962264,0.49543857695488075
2319.0,943.3962264,0.49543470805141
2320.0,943.3962264,0.4954308391479393
2321.0,942.5145476900001,0.4954269702444686
2322.0,941.63286898,0.4954231013409979
2323.0,940.75119027,0.49541923243752717
2324.0,939.86951156,0.49541536353405646
2325.0,938.98783285,0.4954114946305857
2326.0,938.1061541400001,0.495407625727115
2327.0,937.22447543,0.4954037568236443
2328.0,936.34279672,0.4953998879201736
2329.0,935.46111801,0.4953960190167029
2330.0,934.5794393,0.4953921501132321
2331.0,934.5794393,0.4953882812097614
2332.0,934.5794393,0.4953844123062907
2333.0,934.5794393,0.49538054340282
2334.0,934.5794393,0.4953766744993493
2335.0,934.5794393,0.4953728055958786
2336.0,934.5794393,0.49536893669240784
2337.0,934.5794393,0.49536506778893713
2338.0,934.5794393,0.4953611988854664
2339.0,934.5794393,0.4953573299819957
2340.0,934.5794393,0.495353461078525
2341.0,934.5794393,0.49534959217505425
2342.0,934.5794393,0.49534572327158355
2343.0,934.5794393,0.49534185436811284
2344.0,934.5794393,0.49533798546464214
2345.0,934.5794393,0.49533411656117143
2346.0,934.5794393,0.49533024765770073
2347.0,934.5794393,0.49532637875422997
2348.0,934.5794393,0.49532250985075926
2349.0,934.5794393,0.49531864094728856
2350.0,934.5794393,0.49531477204381785
2351.0,934.5794393,0.49531090314034715
2352.0,934.5794393,0.49530709282375274
2353.0,934.5794393,0.4953032890168113
2354.0,934.5794393,0.4952994852098699
2355.0,934.5794393,0.49529568140292846
2356.0,934.5794393,0.49529187759598703
2357.0,934.5794393,0.4952880737890456
2358.0,934.5794393,0.4952842699821042
2359.0,934.5794393,0.49528046617516275
2360.0,934.5794393,0.4952766623682213
2361.0,933.71408796,0.49527285856127984
2362.0,932.84873662,0.4952690547543384
2363.0,931.98338528,0.495265250947397
2364.0,931.11803394,0.49526144714045556
2365.0,930.2526826000001,0.49525764333351413
2366.0,929.38733126,0.4952538395265727
2367.0,928.52197992,0.4952500357196313
2368.0,927.6566285800001,0.49524623191268985
2369.0,926.79127724,0.49524242810574837
2370.0,925.9259259,0.49523862429880694
2371.0,925.9259259,0.4952348204918655
2372.0,925.9259259,0.4952310166849241
2373.0,925.9259259,0.49522721287798266
2374.0,925.9259259,0.49522340907104123
2375.0,925.9259259,0.4952196052640998
2376.0,925.9259259,0.4952158014571584
2377.0,925.9259259,0.49521199765021695
2378.0,925.9259259,0.49520819384327547
2379.0,925.9259259,0.49520439003633404
2380.0,925.9259259,0.4952005862293926
2381.0,925.07645258,0.4951967824224512
2382.0,924.22697926,0.49519297861550976
2383.0,923.37750594,0.49518917480856833
2384.0,922.52803262,0.4951853710016269
2385.0,921.6785593,0.4951815671946855
2386.0,920.8290859800001,0.49517776338774405
2387.0,919.97961266,0.49517395958080257
2388.0,919.13013934,0.49517015577386114
2389.0,918.28066602,0.4951663519669197
2390.0,917.4311927,0.4951625481599783
2391.0,914.97378772,0.49515874435303686
2392.0,912.51638274,0.49515494054609543
2393.0,910.05897776,0.495151136739154
2394.0,907.60157278,0.4951473329322126
2395.0,905.1441678,0.4951435291252711
2396.0,902.68676282,0.49513972531832967
2397.0,900.22935784,0.49513592151138824
2398.0,897.7719528599999,0.4951321576306941
2399.0,895.31454788,0.4951284037315618
2400.0,892.8571429,0.4951246498324295
2401.0,892.06700383,0.49512089593329717
2402.0,891.27686476,0.49511714203416485
2403.0,890.48672569,0.49511338813503253
2404.0,889.69658662,0.4951096342359002
2405.0,888.9064475499999,0.4951058803367679
2406.0,888.11630848,0.4951021264376355
2407.0,887.32616941,0.4950983725385032
2408.0,886.53603034,0.4950946186393709
2409.0,885.74589127,0.49509086474023856
2410.0,884.9557522,0.49508711084110624
2411.0,884.17947523,0.4950833569419739
2412.0,883.40319826,0.4950796030428416
2413.0,882.62692129,0.4950758491437093
2414.0,881.85064432,0.49507209524457696
2415.0,881.07436735,0.49506834134544464
2416.0,880.29809038,0.4950645874463123
2417.0,879.5218134099999,0.49506083354718
2418.0,878.74553644,0.4950570796480477
2419.0,877.96925947,0.49505332574891536
2420.0,877.1929825,0.49504957184978304
2421.0,877.1929825,0.4950458179506507
2422.0,877.1929825,0.4950420640515184
2423.0,877.1929825,0.4950383101523861
2424.0,877.1929825,0.49503455625325377
2425.0,877.1929825,0.49503080235412145
2426.0,877.1929825,0.4950270484549891
2427.0,877.1929825,0.4950232945558568
2428.0,877.1929825,0.4950195406567245
2429.0,877.1929825,0.49501578675759217
2430.0,877.1929825,0.49501203285845985
2431.0,876.43020599,0.49500827895932753
2432.0,875.66742948,0.4950045250601952
2433.0,874.90465297,0.4950007711610629
2434.0,874.14187646,0.49499701726193057
2435.0,873.37909995,0.4949932633627982
2436.0,872.61632344,0.4949895094636659
2437.0,871.85354693,0.49498575556453356
2438.0,871.09077042,0.49498200166540124
2439.0,870.32799391,0.4949782477662689
2440.0,869.5652174,0.4949744938671366
2441.0,869.5652174,0.4949707399680043
2442.0,869.5652174,0.49496698606887196
2443.0,869.5652174,0.49496323216973964
2444.0,869.5652174,0.4949594828274403
2445.0,869.5652174,0.49495573543806937
2446.0,869.5652174,0.49495198804869844
2447.0,869.5652174,0.4949482406593275
2448.0,869.5652174,0.4949444932699566
2449.0,869.5652174,0.4949407458805857
2450.0,869.5652174,0.4949369984912147
2451.0,868.8155922100001,0.4949332511018438
2452.0,868.06596702,0.49492950371247285
2453.0,867.31634183,0.49492575632310193
2454.0,866.56671664,0.494922008933731
2455.0,865.81709145,0.4949182615443601
2456.0,865.0674662600001,0.4949145141549891
2457.0,864.31784107,0.4949107667656182
2458.0,863.56821588,0.49490701937624726
2459.0,862.81859069,0.49490327198687634
2460.0,862.0689655,0.4948995245975054
2461.0,862.0689655,0.4948957772081345
2462.0,862.0689655,0.4948920298187635
2463.0,862.0689655,0.4948882824293926
2464.0,862.0689655,0.49488453504002167
2465.0,862.0689655,0.49488078765065074
2466.0,862.0689655,0.4948770402612798
2467.0,862.0689655,0.4948732928719089
2468.0,862.0689655,0.494869545482538
2469.0,862.0689655,0.494865798093167
2470.0,862.0689655,0.4948620507037961
2471.0,862.0689655,0.49485830331442515
2472.0,862.0689655,0.49485455592505423
2473.0,862.0689655,0.4948508085356833
2474.0,862.0689655,0.4948470611463124
2475.0,862.0689655,0.4948433137569414
2476.0,862.0689655,0.4948395663675705
2477.0,862.0689655,0.49483581897819956
2478.0,862.0689655,0.49483207158882864
2479.0,862.0689655,0.4948283241994577
2480.0,862.0689655,0.4948245768100868
2481.0,861.33215442,0.49482082942071587
2482.0,860.59534334,0.4948170820313449
2483.0,859.85853226,0.49481333464197397
2484.0,859.12172118,0.49480958725260304
2485.0,858.3849101000001,0.4948058398632321
2486.0,857.64809902,0.4948020924738612
2487.0,856.91128794,0.4947983450844903
2488.0,856.17447686,0.4947945976951193
2489.0,855.4376657800001,0.4947908503057484
2490.0,854.7008547,0.49478709250097613
2491.0,854.7008547,0.49478332775260303
2492.0,854.7008547,0.4947795630042299
2493.0,854.7008547,0.4947757982558568
2494.0,854.7008547,0.4947720335074837
2495.0,854.7008547,0.4947682687591106
2496.0,854.7008547,0.4947645040107375
2497.0,854.7008547,0.4947607392623644
2498.0,854.7008547,0.4947569745139913
2499.0,854.7008547,0.4947532097656182
2500.0,854.7008547,0.4947494450172451
2501.0,853.9765319400001,0.494745680268872
2502.0,853.25220918,0.4947419155204989
2503.0,852.52788642,0.4947381507721258
2504.0,851.80356366,0.4947343860237527
2505.0,851.0792409000001,0.4947306212753796
2506.0,850.35491814,0.4947268565270065
2507.0,849.6305953799999,0.4947230917786334
2508.0,848.90627262,0.4947193270302603
2509.0,848.18194986,0.4947155622818872
2510.0,847.4576271,0.4947117975335141
2511.0,847.4576271,0.49470803278514097
2512.0,847.4576271,0.49470426803676787
2513.0,847.4576271,0.49470050328839477
2514.0,847.4576271,0.49469673854002166
2515.0,847.4576271,0.49469297379164856
2516.0,847.4576271,0.49468920904327546
2517.0,847.4576271,0.49468544429490235
2518.0,847.4576271,0.49468167954652925
2519.0,847.4576271,0.49467791479815615
2520.0,847.4576271,0.49467415004978305
2521.0,846.7454778399999,0.49467038530140994
2522.0,846.03332858,0.49466662055303684
2523.0,845.3211793199999,0.49466285580466374
2524.0,844.60903006,0.49465909105629063
2525.0,843.8968808,0.49465532630791753
2526.0,843.1847315399999,0.49465156155954443
2527.0,842.47258228,0.4946477968111713
2528.0,841.7604330199999,0.4946440320627982
2529.0,841.04828376,0.4946402673144251
2530.0,840.3361345,0.494636502566052
2531.0,840.3361345,0.4946327378176789
2532.0,840.3361345,0.4946289730693058
2533.0,840.3361345,0.4946252083209327
2534.0,840.3361345,0.4946214435725596
2535.0,840.3361345,0.4946176788241865
2536.0,840.3361345,0.4946139260101952
2537.0,840.3361345,0.4946101851305857
2538.0,840.3361345,0.4946064442509761
2539.0,840.3361345,0.4946027033713666
2540.0,840.3361345,0.49459896249175705
2541.0,839.63585438,0.4945952216121475
2542.0,838.93557426,0.49459148073253795
2543.0,838.23529414,0.4945877398529284
2544.0,837.53501402,0.49458399897331884
2545.0,836.8347339,0.4945802580937093
2546.0,836.1344537800001,0.4945765172140998
2547.0,835.43417366,0.4945727763344902
2548.0,834.73389354,0.4945690354548807
2549.0,834.03361342,0.49456529457527115
2550.0,833.3333333,0.49456155369566157
2551.0,833.3333333,0.49455781281605204
2552.0,833.3333333,0.4945540719364425
2553.0,833.3333333,0.49455033105683294
2554.0,833.3333333,0.4945465901772234
2555.0,833.3333333,0.4945428492976139
2556.0,833.3333333,0.4945391084180043
2557.0,833.3333333,0.4945353675383948
2558.0,833.3333333,0.49453162665878525
2559.0,833.3333333,0.49452788577917567
2560.0,833.3333333,0.49452414489956614
2561.0,833.3333333,0.4945204040199566
2562.0,833.3333333,0.49451666314034703
2563.0,833.3333333,0.4945129222607375
2564.0,833.3333333,0.494509181381128
2565.0,833.3333333,0.49450544050151846
2566.0,833.3333333,0.4945016996219089
2567.0,833.3333333,0.49449795874229935
2568.0,833.3333333,0.4944942178626898
2569.0,833.3333333,0.49449047698308024
2570.0,833.3333333,0.4944867361034707
2571.0,832.6446280700001,0.4944829952238612
2572.0,831.9559228400001,0.4944792543442516
2573.0,831.26721761,0.4944755134646421
2574.0,830.57851238,0.49447177258503255
2575.0,829.88980715,0.494468031705423
2576.0,829.20110192,0.49446429082581345
2577.0,828.5123966900001,0.4944605499462039
2578.0,827.82369146,0.49445680906659434
2579.0,827.13498623,0.4944530681869848
2580.0,826.446281,0.4944493273073753
2581.0,826.446281,0.4944455864277657
2582.0,826.446281,0.49444187939804773
2583.0,826.446281,0.49443822314316704
2584.0,826.446281,0.49443456688828635
2585.0,826.446281,0.49443091063340566
2586.0,826.446281,0.4944272543785249
2587.0,826.446281,0.4944235981236442
2588.0,826.446281,0.49441994186876354
2589.0,826.446281,0.49441628561388284
2590.0,826.446281,0.49441262935900215
2591.0,825.76886601,0.49440897310412146
2592.0,825.09145102,0.4944053168492408
2593.0,824.41403603,0.4944016605943601
2594.0,823.73662104,0.4943980043394794
2595.0,823.0592060500001,0.4943943480845987
2596.0,822.38179106,0.494390691829718
2597.0,821.70437607,0.4943870355748373
2598.0,821.02696108,0.4943833793199566
2599.0,820.34954609,0.4943797230650759
2600.0,819.6721311,0.4943760668101952
2601.0,819.6721311,0.4943724105553145
2602.0,819.6721311,0.4943687543004338
2603.0,819.6721311,0.4943650980455531
2604.0,819.6721311,0.49436144179067243
2605.0,819.6721311,0.49435778553579174
2606.0,819.6721311,0.49435412928091105
2607.0,819.6721311,0.49435047302603036
2608.0,819.6721311,0.49434681677114967
2609.0,819.6721311,0.494343160516269
2610.0,819.6721311,0.4943395042613883
2611.0,819.6721311,0.49433584800650754
2612.0,819.6721311,0.49433219175162685
2613.0,819.6721311,0.49432853549674616
2614.0,819.6721311,0.49432487924186547
2615.0,819.6721311,0.4943212229869848
2616.0,819.6721311,0.4943175667321041
2617.0,819.6721311,0.4943139104772234
2618.0,819.6721311,0.4943102542223427
2619.0,819.6721311,0.494306597967462
2620.0,819.6721311,0.4943029417125813
2621.0,819.005731,0.49429928545770063
2622.0,818.3393309,0.49429562920281994
2623.0,817.6729308,0.4942919729479392
2624.0,817.0065307,0.4942883166930585
2625.0,816.3401306000001,0.4942846604381778
2626.0,815.6737305,0.4942810041832971
2627.0,815.0073304,0.49427734792841643
2628.0,814.3409303,0.4942737066458785
2629.0,813.6745302,0.4942701002988069
2630.0,813.0081301,0.49426649395173533
2631.0,813.0081301,0.49426288760466375
2632.0,813.0081301,0.49425928125759216
2633.0,813.0081301,0.4942556749105206
2634.0,813.0081301,0.494252068563449
2635.0,813.0081301,0.4942484622163774
2636.0,813.0081301,0.49424485586930583
2637.0,813.0081301,0.49424124952223425
2638.0,813.0081301,0.49423764317516267
2639.0,813.0081301,0.4942340368280911
2640.0,813.0081301,0.4942304304810195
2641.0,812.35247838,0.4942268241339479
2642.0,811.69682666,0.49422321778687633
2643.0,811.04117494,0.49421961143980475
2644.0,810.38552322,0.49421600509273317
2645.0,809.7298715,0.4942123987456616
2646.0,809.07421978,0.49420879239859
2647.0,808.41856806,0.4942051860515184
2648.0,807.76291634,0.49420157970444684
2649.0,807.10726462,0.49419797335737525
2650.0,806.4516129,0.49419436701030367
2651.0,806.4516129,0.4941907606632321
2652.0,806.4516129,0.4941871543161605
2653.0,806.4516129,0.4941835479690889
2654.0,806.4516129,0.49417994162201734
2655.0,806.4516129,0.49417633527494575
2656.0,806.4516129,0.49417272892787417
2657.0,806.4516129,0.4941691225808026
2658.0,806.4516129,0.494165516233731
2659.0,806.4516129,0.4941619098866594
2660.0,806.4516129,0.49415830353958784
2661.0,805.80645161,0.49415469719251626
2662.0,805.16129032,0.4941510908454447
2663.0,804.51612903,0.4941474844983731
2664.0,803.87096774,0.4941438781513015
2665.0,803.2258064499999,0.4941402718042299
2666.0,802.58064516,0.49413666545715834
2667.0,801.93548387,0.49413305911008676
2668.0,801.29032258,0.4941294527630152
2669.0,800.64516129,0.4941258464159436
2670.0,800.0,0.494122240068872
2671.0,800.0,0.4941186337218004
2672.0,800.0,0.49411502737472884
2673.0,800.0,0.49411142102765726
2674.0,800.0,0.4941078142465293
2675.0,800.0,0.4941042057291757
2676.0,800.0,0.4941005972118221
2677.0,800.0,0.49409698869446855
2678.0,800.0,0.49409338017711496
2679.0,800.0,0.49408977165976137
2680.0,800.0,0.4940861631424078
2681.0,800.0,0.49408255462505424
2682.0,800.0,0.49407894610770065
2683.0,800.0,0.49407533759034705
2684.0,800.0,0.49407172907299346
2685.0,800.0,0.4940681205556399
2686.0,800.0,0.49406451203828633
2687.0,800.0,0.49406090352093274
2688.0,800.0,0.49405729500357914
2689.0,800.0,0.4940536864862256
2690.0,800.0,0.494050077968872
2691.0,799.36507937,0.4940464694515184
2692.0,798.73015874,0.49404286093416483
2693.0,798.09523811,0.4940392524168113
2694.0,797.46031748,0.4940356438994577
2695.0,796.8253968500001,0.4940320353821041
2696.0,796.19047622,0.4940284268647505
2697.0,795.55555559,0.494024818347397
2698.0,794.92063496,0.4940212098300434
2699.0,794.28571433,0.4940176013126898
2700.0,793.6507937,0.4940139927953362
2701.0,793.6507937,0.49401038427798266
2702.0,793.6507937,0.49400677576062907
2703.0,793.6507937,0.4940031672432755
2704.0,793.6507937,0.4939995587259219
2705.0,793.6507937,0.49399595020856835
2706.0,793.6507937,0.49399234169121475
2707.0,793.6507937,0.49398873317386116
2708.0,793.6507937,0.49398512465650757
2709.0,793.6507937,0.49398151613915403
2710.0,793.6507937,0.49397790762180044
2711.0,793.6507937,0.49397429910444685
2712.0,793.6507937,0.49397069058709325
2713.0,793.6507937,0.4939670820697397
2714.0,793.6507937,0.4939634735523861
2715.0,793.6507937,0.49395986503503253
2716.0,793.6507937,0.49395625651767894
2717.0,793.6507937,0.4939526480003254
2718.0,793.6507937,0.4939490394829718
2719.0,793.6507937,0.4939454309656182
2720.0,793.6507937,0.493941824835141
2721.0,793.02587181,0.49393824018655097
2722.0,792.40094992,0.49393465553796095
2723.0,791.77602803,0.49393107088937094
2724.0,791.15110614,0.4939274862407809
2725.0,790.52618425,0.4939239015921909
2726.0,789.90126236,0.4939203169436009
2727.0,789.27634047,0.4939167322950109
2728.0,788.65141858,0.49391314764642086
2729.0,788.02649669,0.4939095629978308
2730.0,787.4015748,0.49390597834924077
2731.0,787.4015748,0.49390239370065075
2732.0,787.4015748,0.49389880905206074
2733.0,787.4015748,0.4938952244034707
2734.0,787.4015748,0.4938916397548807
2735.0,787.4015748,0.4938880551062907
2736.0,787.4015748,0.4938844704577007
2737.0,787.4015748,0.49388088580911066
2738.0,787.4015748,0.49387730116052064
2739.0,787.4015748,0.4938737165119306
2740.0,787.4015748,0.49387013186334056
2741.0,786.78641732,0.49386654721475054
2742.0,786.1712598400001,0.4938629625661605
2743.0,785.5561023600001,0.4938593779175705
2744.0,784.9409448800001,0.4938557932689805
2745.0,784.3257874000001,0.4938522086203905
2746.0,783.71062992,0.49384862397180046
2747.0,783.09547244,0.49384503932321044
2748.0,782.48031496,0.49384145467462043
2749.0,781.86515748,0.4938378700260304
2750.0,781.25,0.49383428537744034
2751.0,781.25,0.4938307007288503
2752.0,781.25,0.4938271160802603
2753.0,781.25,0.4938235314316703
2754.0,781.25,0.4938199467830803
2755.0,781.25,0.49381636213449026
2756.0,781.25,0.49381277748590025
2757.0,781.25,0.49380919283731023
2758.0,781.25,0.4938056081887202
2759.0,781.25,0.4938020235401302
2760.0,781.25,0.4937984388915402
2761.0,780.64437984,0.4937948542429501
2762.0,780.03875968,0.4937912695943601
2763.0,779.4331395199999,0.4937876849457701
2764.0,778.82751936,0.49378410029718006
2765.0,778.2218992,0.49378051564859005
2766.0,777.61627904,0.49377693100000003
2767.0,777.0106588799999,0.4937734005997831
2768.0,776.40503872,0.4937698701995662
2769.0,775.79941856,0.49376633979934925
2770.0,775.1937984,0.49376280939913236
2771.0,775.1937984,0.4937592789989154
2772.0,775.1937984,0.49375574859869853
2773.0,775.1937984,0.4937522181984816
2774.0,775.1937984,0.49374868779826464
2775.0,775.1937984,0.49374515739804775
2776.0,775.1937984,0.4937416269978308
2777.0,775.1937984,0.4937380965976139
2778.0,775.1937984,0.493734566197397
2779.0,775.1937984,0.4937310357971801
2780.0,775.1937984,0.49372750539696314
2781.0,774.59749548,0.4937239749967462
2782.0,774.00119256,0.4937204445965293
2783.0,773.40488964,0.49371691419631236
2784.0,772.80858672,0.4937133837960955
2785.0,772.2122838,0.49370985339587853
2786.0,771.61598088,0.49370632299566164
2787.0,771.0196779600001,0.4937027925954447
2788.0,770.42337504,0.49369926219522775
2789.0,769.82707212,0.49369573179501086
2790.0,769.2307692,0.4936922013947939
2791.0,769.2307692,0.49368867099457703
2792.0,769.2307692,0.4936851405943601
2793.0,769.2307692,0.49368161019414314
2794.0,769.2307692,0.49367807979392625
2795.0,769.2307692,0.4936745493937093
2796.0,769.2307692,0.4936710189934924
2797.0,769.2307692,0.49366748859327547
2798.0,769.2307692,0.4936639581930586
2799.0,769.2307692,0.49366042779284164
2800.0,769.2307692,0.4936568973926247
2801.0,768.6435701400001,0.4936533669924078
2802.0,768.0563710800001,0.49364983659219086
2803.0,767.4691720200001,0.49364630619197397
2804.0,766.8819729600001,0.493642775791757
2805.0,766.2947739000001,0.49363924539154014
2806.0,765.70757484,0.4936357149913232
2807.0,765.12037578,0.49363218459110625
2808.0,764.53317672,0.49362865419088936
2809.0,763.94597766,0.4936251237906724
2810.0,763.3587786,0.4936215933904555
2811.0,763.3587786,0.4936180629902386
2812.0,763.3587786,0.4936145325900217
2813.0,763.3587786,0.49361103734056394
2814.0,763.3587786,0.49360754599674617
2815.0,763.3587786,0.4936040546529284
2816.0,763.3587786,0.4936005633091106
2817.0,763.3587786,0.49359707196529284
2818.0,763.3587786,0.493593580621475
2819.0,763.3587786,0.49359008927765724
2820.0,763.3587786,0.49358659793383947
2821.0,762.7804765000001,0.4935831065900217
2822.0,762.2021744,0.49357961524620386
2823.0,761.6238723,0.4935761239023861
2824.0,761.0455702,0.4935726325585683
2825.0,760.4672681,0.49356914121475054
2826.0,759.888966,0.49356564987093277
2827.0,759.3106639,0.49356215852711494
2828.0,758.7323618,0.49355866718329716
2829.0,758.1540597,0.4935551758394794
2830.0,757.5757576,0.4935516844956616
2831.0,757.5757576,0.4935481931518438
2832.0,757.5757576,0.493544701808026
2833.0,757.5757576,0.49354121046420824
2834.0,757.5757576,0.49353771912039046
2835.0,757.5757576,0.4935342277765727
2836.0,757.5757576,0.49353073643275486
2837.0,757.5757576,0.4935272450889371
2838.0,757.5757576,0.4935237537451193
2839.0,757.5757576,0.49352026240130153
2840.0,757.5757576,0.4935167710574837
2841.0,757.00615176,0.49351327971366593
2842.0,756.43654592,0.49350978836984816
2843.0,755.86694008,0.4935062970260304
2844.0,755.2973342399999,0.4935028056822126
2845.0,754.7277283999999,0.4934993143383948
2846.0,754.15812256,0.493495822994577
2847.0,753.58851672,0.49349233165075923
2848.0,753.01891088,0.49348884030694146
2849.0,752.44930504,0.4934853489631236
2850.0,751.8796992,0.49348185761930585
2851.0,751.8796992,0.4934783662754881
2852.0,751.8796992,0.4934748749316703
2853.0,751.8796992,0.49347138358785253
2854.0,751.8796992,0.4934678922440347
2855.0,751.8796992,0.4934644009002169
2856.0,751.8796992,0.49346090955639915
2857.0,751.8796992,0.4934574182125814
2858.0,751.8796992,0.49345392686876355
2859.0,751.8796992,0.49345045809240784
2860.0,751.8796992,0.4934469949579176
2861.0,751.8796992,0.4934435318234273
2862.0,751.8796992,0.4934400686889371
2863.0,751.8796992,0.49343660555444685
2864.0,751.8796992,0.4934331424199566
2865.0,751.8796992,0.4934296792854664
2866.0,751.8796992,0.49342621615097615
2867.0,751.8796992,0.4934227530164859
2868.0,751.8796992,0.4934192898819957
2869.0,751.8796992,0.49341582674750545
2870.0,751.8796992,0.49341236361301516
2871.0,751.31859495,0.4934089004785249
2872.0,750.7574907,0.4934054373440347
2873.0,750.19638645,0.49340197420954446
2874.0,749.6352822,0.4933985110750542
2875.0,749.0741779499999,0.493395047940564
2876.0,748.5130737,0.49339158480607376
2877.0,747.95196945,0.4933881216715835
2878.0,747.3908652,0.4933846585370933
2879.0,746.8297609499999,0.493381195402603
2880.0,746.2686567,0.49337773226811277
2881.0,745.7158651,0.49337426913362253
2882.0,745.1630735,0.4933708059991323
2883.0,744.6102818999999,0.49336734286464207
2884.0,744.0574902999999,0.49336387973015183
2885.0,743.5046987,0.4933604165956616
2886.0,742.9519071,0.49335695346117137
2887.0,742.3991155,0.49335349032668113
2888.0,741.8463238999999,0.4933500271921909
2889.0,741.2935322999999,0.4933465640577006
2890.0,740.7407407,0.4933431009232104
2891.0,741.2935322999999,0.49333963778872014
2892.0,741.8463238999999,0.4933361746542299
2893.0,742.3991155,0.4933327115197397
2894.0,742.9519071,0.49332924838524944
2895.0,743.5046987,0.4933257852507592
2896.0,744.0574902999999,0.493322322116269
2897.0,744.6102818999999,0.49331885898177874
2898.0,745.1630735,0.49331539584728845
2899.0,745.7158651,0.4933119327127982
2900.0,746.2686567,0.493308469578308
2901.0,745.7158651,0.49330500644381775
2902.0,745.1630735,0.4933015433093275
2903.0,744.6102818999999,0.4932980801748373
2904.0,744.0574902999999,0.49329461704034705
2905.0,743.5046987,0.4932911933973969
2906.0,742.9519071,0.4932877866793926
2907.0,742.3991155,0.49328437996138824
2908.0,741.8463238999999,0.49328097324338394
2909.0,741.2935322999999,0.4932775665253796
2910.0,740.7407407,0.49327415980737527
2911.0,740.7407407,0.4932707530893709
2912.0,740.7407407,0.4932673463713666
2913.0,740.7407407,0.49326393965336224
2914.0,740.7407407,0.4932605329353579
2915.0,740.7407407,0.49325712621735357
2916.0,740.7407407,0.4932537194993492
2917.0,740.7407407,0.4932503127813449
2918.0,740.7407407,0.49324690606334054
2919.0,740.7407407,0.49324349934533623
2920.0,740.7407407,0.49324009262733187
2921.0,740.1960783899999,0.49323668590932757
2922.0,739.65141608,0.4932332791913232
2923.0,739.10675377,0.4932298724733189
2924.0,738.56209146,0.49322646575531454
2925.0,738.01742915,0.4932230590373102
2926.0,737.47276684,0.49321965231930587
2927.0,736.92810453,0.4932162456013015
2928.0,736.38344222,0.4932128388832972
2929.0,735.8387799100001,0.49320943216529284
2930.0,735.2941176,0.49320602544728853
2931.0,735.2941176,0.49320261872928417
2932.0,735.2941176,0.49319921201127986
2933.0,735.2941176,0.4931958052932755
2934.0,735.2941176,0.4931923985752712
2935.0,735.2941176,0.49318899185726683
2936.0,735.2941176,0.4931855851392625
2937.0,735.2941176,0.49318217842125817
2938.0,735.2941176,0.4931787717032538
2939.0,735.2941176,0.4931753649852495
2940.0,735.2941176,0.49317195826724514
2941.0,735.2941176,0.49316855154924083
2942.0,735.2941176,0.49316514483123647
2943.0,735.2941176,0.49316173811323216
2944.0,735.2941176,0.4931583313952278
2945.0,735.2941176,0.4931549246772235
2946.0,735.2941176,0.49315151795921913
2947.0,735.2941176,0.49314811124121477
2948.0,735.2941176,0.49314470452321046
2949.0,735.2941176,0.4931412978052061
2950.0,735.2941176,0.4931378910872018
2951.0,734.7574065700001,0.49313452603080266
2952.0,734.2206955400001,0.493131188748807
2953.0,733.6839845100001,0.4931278514668113
2954.0,733.1472734800001,0.4931245141848157
2955.0,732.6105624500001,0.49312117690282
2956.0,732.07385142,0.49311783962082434
2957.0,731.53714039,0.4931145023388287
2958.0,731.00042936,0.493111165056833
2959.0,730.46371833,0.49310782777483736
2960.0,729.9270073,0.49310449049284166
2961.0,729.9270073,0.493101153210846
2962.0,729.9270073,0.4930978159288504
2963.0,729.9270073,0.4930944786468547
2964.0,729.9270073,0.49309114136485904
2965.0,729.9270073,0.49308780408286335
2966.0,729.9270073,0.4930844668008677
2967.0,729.9270073,0.49308112951887206
2968.0,729.9270073,0.49307779223687637
2969.0,729.9270073,0.4930744549548807
2970.0,729.9270073,0.49307111767288503
2971.0,729.39807469,0.4930677803908894
2972.0,728.86914208,0.49306444310889375
2973.0,728.34020947,0.49306110582689805
2974.0,727.81127686,0.4930577685449024
2975.0,727.28234425,0.4930544312629067
2976.0,726.75341164,0.49305109398091107
2977.0,726.22447903,0.49304775669891543
2978.0,725.69554642,0.49304441941691973
2979.0,725.16661381,0.4930410821349241
2980.0,724.6376812,0.49303774485292845
2981.0,724.11635912,0.49303440757093275
2982.0,723.59503704,0.4930310702889371
2983.0,723.07371496,0.4930277330069414
2984.0,722.55239288,0.4930243957249458
2985.0,722.0310708,0.49302105844295013
2986.0,721.5097487200001,0.49301772116095444
2987.0,720.9884266400001,0.4930143838789588
2988.0,720.46710456,0.4930110465969631
2989.0,719.94578248,0.49300770931496746
2990.0,719.4244604,0.4930043720329718
2991.0,719.4244604,0.4930010347509761
2992.0,719.4244604,0.4929976974689805
2993.0,719.4244604,0.4929943601869848
2994.0,719.4244604,0.49299102290498914
2995.0,719.4244604,0.4929876856229935
2996.0,719.4244604,0.4929843483409978
2997.0,719.4244604,0.49298103167342733
2998.0,719.4244604,0.49297773562028196
2999.0,719.4244604,0.49297443956713666
3000.0,719.4244604,0.4929711435139913
3001.0,719.4244604,0.492967847460846
3002.0,719.4244604,0.4929645514077006
3003.0,719.4244604,0.4929612553545553
3004.0,719.4244604,0.49295795930140995
3005.0,719.4244604,0.49295466324826465
3006.0,719.4244604,0.4929513671951193
3007.0,719.4244604,0.4929480711419739
3008.0,719.4244604,0.4929447750888286
3009.0,719.4244604,0.49294147903568325
3010.0,719.4244604,0.49293818298253794
3011.0,718.91058579,0.4929348869293926
3012.0,718.39671118,0.49293159087624727
3013.0,717.88283657,0.4929282948231019
3014.0,717.36896196,0.4929249987699566
3015.0,716.8550873500001,0.49292170271681124
3016.0,716.3412127400001,0.49291840666366593
3017.0,715.82733813,0.49291511061052057
3018.0,715.31346352,0.49291181455737526
3019.0,714.79958891,0.4929085185042299
3020.0,714.2857143,0.4929052224510846
3021.0,713.77912869,0.4929019263979392
3022.0,713.27254308,0.4928986303447939
3023.0,712.76595747,0.49289533429164856
3024.0,712.25937186,0.49289203823850325
3025.0,711.75278625,0.4928887421853579
3026.0,711.24620064,0.4928854461322126
3027.0,710.73961503,0.4928821500790672
3028.0,710.23302942,0.49287885402592185
3029.0,709.72644381,0.49287555797277655
3030.0,709.2198582,0.4928722619196312
3031.0,709.2198582,0.4928689658664859
3032.0,709.2198582,0.4928656698133405
3033.0,709.2198582,0.4928623737601952
3034.0,709.2198582,0.49285907770704984
3035.0,709.2198582,0.49285578165390453
3036.0,709.2198582,0.49285248560075917
3037.0,709.2198582,0.49284918954761386
3038.0,709.2198582,0.4928458934944685
3039.0,709.2198582,0.4928425974413232
3040.0,709.2198582,0.49283930138817783
3041.0,708.7204075899999,0.4928360053350325
3042.0,708.22095698,0.49283270928188716
3043.0,707.72150637,0.49282943319143163
3044.0,707.22205576,0.4928261870450108
3045.0,706.7226051499999,0.49282294089858997
3046.0,706.22315454,0.49281969475216914
3047.0,705.72370393,0.49281644860574836
3048.0,705.22425332,0.4928132024593275
3049.0,704.72480271,0.4928099563129067
3050.0,704.2253521,0.49280671016648586
3051.0,704.2253521,0.49280346402006503
3052.0,704.2253521,0.4928002178736442
3053.0,704.2253521,0.49279697172722337
3054.0,704.2253521,0.4927937255808026
3055.0,704.2253521,0.49279047943438176
3056.0,704.2253521,0.4927872332879609
3057.0,704.2253521,0.4927839871415401
3058.0,704.2253521,0.49278074099511926
3059.0,704.2253521,0.4927774948486984
3060.0,704.2253521,0.4927742487022776
3061.0,704.2253521,0.4927710025558568
3062.0,704.2253521,0.492767756409436
3063.0,704.2253521,0.49276451026301515
3064.0,704.2253521,0.4927612641165943
3065.0,704.2253521,0.4927580179701735
3066.0,704.2253521,0.49275477182375266
3067.0,704.2253521,0.4927515256773318
3068.0,704.2253521,0.49274827953091105
3069.0,704.2253521,0.4927450333844902
3070.0,704.2253521,0.4927417872380694
3071.0,703.73288682,0.49273854109164855
3072.0,703.24042154,0.4927352949452277
3073.0,702.74795626,0.4927320487988069
3074.0,702.25549098,0.49272880265238606
3075.0,701.7630257000001,0.4927255565059653
3076.0,701.27056042,0.49272231035954445
3077.0,700.77809514,0.4927190642131236
3078.0,700.28562986,0.4927158180667028
3079.0,699.79316458,0.49271257192028195
3080.0,699.3006993,0.4927093257738611
3081.0,699.3006993,0.4927060796274403
3082.0,699.3006993,0.4927028334810195
3083.0,699.3006993,0.4926995873345987
3084.0,699.3006993,0.49269634118817784
3085.0,699.3006993,0.492693095041757
3086.0,699.3006993,0.4926898488953362
3087.0,699.3006993,0.49268660274891535
3088.0,699.3006993,0.4926833566024945
3089.0,699.3006993,0.49268012738101946
3090.0,699.3006993,0.49267693765108456
3091.0,699.3006993,0.49267374792114965
3092.0,699.3006993,0.4926705581912147
3093.0,699.3006993,0.4926673684612798
3094.0,699.3006993,0.4926641787313449
3095.0,699.3006993,0.49266098900141
3096.0,699.3006993,0.492657799271475
3097.0,699.3006993,0.4926546095415401
3098.0,699.3006993,0.4926514198116052
3099.0,699.3006993,0.49264823008167025
3100.0,699.3006993,0.49264504035173534
3101.0,698.8150738100001,0.49264185062180044
3102.0,698.32944832,0.4926386608918655
3103.0,697.84382283,0.49263547116193057
3104.0,697.35819734,0.49263228143199567
3105.0,696.87257185,0.4926290917020607
3106.0,696.38694636,0.4926259019721258
3107.0,695.90132087,0.4926227122421909
3108.0,695.41569538,0.49261952251225594
3109.0,694.9300698899999,0.49261633278232103
3110.0,694.4444444,0.4926131430523861
3111.0,694.4444444,0.49260995332245117
3112.0,694.4444444,0.49260676359251626
3113.0,694.4444444,0.49260357386258136
3114.0,694.4444444,0.49260038413264645
3115.0,694.4444444,0.4925971944027115
3116.0,694.4444444,0.4925940046727766
3117.0,694.4444444,0.4925908149428417
3118.0,694.4444444,0.4925876252129067
3119.0,694.4444444,0.4925844354829718
3120.0,694.4444444,0.4925812457530369
3121.0,695.42253517,0.49257805602310195
3122.0,696.4006259399999,0.49257486629316705
3123.0,697.3787167099999,0.49257167656323214
3124.0,698.3568074799999,0.4925684868332972
3125.0,699.3348982499999,0.4925652971033623
3126.0,700.31298902,0.49256210737342737
3127.0,701.29107979,0.4925589176434924
3128.0,702.26917056,0.4925557279135575
3129.0,703.24726133,0.4925525381836226
3130.0,704.2253521,0.4925493484536877
3131.0,705.23138832,0.49254615872375274
3132.0,706.23742454,0.49254296899381783
3133.0,707.2434607600001,0.4925397792638829
3134.0,708.24949698,0.49253658953394797
3135.0,709.2555332,0.49253341152158353
3136.0,710.26156942,0.49253028037950114
3137.0,711.26760564,0.4925271492374187
3138.0,712.27364186,0.49252401809533625
3139.0,713.2796780799999,0.49252088695325386
3140.0,714.2857143,0.4925177558111714
3141.0,714.2857143,0.49251462466908896
3142.0,714.2857143,0.4925114935270065
3143.0,714.2857143,0.4925083623849241
3144.0,714.2857143,0.4925052312428417
3145.0,714.2857143,0.49250210010075923
3146.0,714.2857143,0.49249896895867684
3147.0,714.2857143,0.4924958378165944
3148.0,714.2857143,0.49249270667451195
3149.0,714.2857143,0.49248957553242956
3150.0,714.2857143,0.4924864443903471
3151.0,713.77912869,0.49248331324826466
3152.0,713.27254308,0.4924801821061822
3153.0,712.76595747,0.4924770509640998
3154.0,712.25937186,0.4924739198220174
3155.0,711.75278625,0.49247078867993493
3156.0,711.24620064,0.49246765753785254
3157.0,710.73961503,0.4924645263957701
3158.0,710.23302942,0.49246139525368765
3159.0,709.72644381,0.4924582641116052
3160.0,709.2198582,0.4924551329695228
3161.0,709.2198582,0.49245200182744037
3162.0,709.2198582,0.4924488706853579
3163.0,709.2198582,0.49244573954327553
3164.0,709.2198582,0.4924426084011931
3165.0,709.2198582,0.49243947725911064
3166.0,709.2198582,0.4924363461170282
3167.0,709.2198582,0.4924332149749458
3168.0,709.2198582,0.49243008383286335
3169.0,709.2198582,0.4924269526907809
3170.0,709.2198582,0.4924238215486985
3171.0,708.7204075899999,0.49242069040661607
3172.0,708.22095698,0.4924175592645336
3173.0,707.72150637,0.4924144281224512
3174.0,707.22205576,0.4924112969803688
3175.0,706.7226051499999,0.49240816583828634
3176.0,706.22315454,0.4924050346962039
3177.0,705.72370393,0.4924019035541215
3178.0,705.22425332,0.49239877241203905
3179.0,704.72480271,0.4923956412699566
3180.0,704.2253521,0.49239251012787416
3181.0,704.2253521,0.4923893870143167
3182.0,704.2253521,0.49238633615748373
3183.0,704.2253521,0.49238328530065073
3184.0,704.2253521,0.4923802344438178
3185.0,704.2253521,0.4923771835869848
3186.0,704.2253521,0.49237413273015185
3187.0,704.2253521,0.49237108187331885
3188.0,704.2253521,0.4923680310164859
3189.0,704.2253521,0.4923649801596529
3190.0,704.2253521,0.49236192930281997
3191.0,703.73288682,0.49235887844598697
3192.0,703.24042154,0.492355827589154
3193.0,702.74795626,0.49235277673232103
3194.0,702.25549098,0.4923497258754881
3195.0,701.7630257000001,0.4923466750186551
3196.0,701.27056042,0.49234362416182215
3197.0,700.77809514,0.49234057330498915
3198.0,700.28562986,0.49233752244815615
3199.0,699.79316458,0.4923344715913232
3200.0,699.3006993,0.4923314207344902
3201.0,698.8150738100001,0.49232836987765727
3202.0,698.32944832,0.49232531902082427
3203.0,697.84382283,0.49232226816399133
3204.0,697.35819734,0.49231921730715833
3205.0,696.87257185,0.4923161664503254
3206.0,696.38694636,0.4923131155934924
3207.0,695.90132087,0.49231006473665945
3208.0,695.41569538,0.49230701387982645
3209.0,694.9300698899999,0.4923039630229935
3210.0,694.4444444,0.4923009121661605
3211.0,694.4444444,0.49229786130932757
3212.0,694.4444444,0.49229481045249457
3213.0,694.4444444,0.49229175959566157
3214.0,694.4444444,0.49228870873882863
3215.0,694.4444444,0.49228565788199563
3216.0,694.4444444,0.4922826070251627
3217.0,694.4444444,0.4922795561683297
3218.0,694.4444444,0.49227650531149675
3219.0,694.4444444,0.49227345445466375
3220.0,694.4444444,0.4922704035978308
3221.0,693.9655171999999,0.4922673527409978
3222.0,693.48659,0.49226430188416487
3223.0,693.0076627999999,0.49226125102733187
3224.0,692.5287356,0.4922582001704989
3225.0,692.0498084,0.49225514931366593
3226.0,691.5708811999999,0.492252098456833
3227.0,691.091954,0.4922490476
3228.0,690.6130268,0.4922460618396963
3229.0,690.1340996,0.4922430760793926
3230.0,689.6551724,0.49224009031908894
3231.0,689.6551724,0.4922371045587852
3232.0,689.6551724,0.49223411879848156
3233.0,689.6551724,0.4922311330381779
3234.0,689.6551724,0.4922281472778742
3235.0,689.6551724,0.4922251615175705
3236.0,689.6551724,0.4922221757572668
3237.0,689.6551724,0.4922191899969631
3238.0,689.6551724,0.49221620423665946
3239.0,689.6551724,0.49221321847635574
3240.0,689.6551724,0.4922102327160521
3241.0,689.18280584,0.49220724695574836
3242.0,688.71043928,0.4922042611954447
3243.0,688.23807272,0.49220127543514103
3244.0,687.7657061599999,0.4921982896748373
3245.0,687.2933396,0.49219530391453364
3246.0,686.82097304,0.4921923181542299
3247.0,686.34860648,0.49218933239392626
3248.0,685.87623992,0.4921863466336226
3249.0,685.4038733599999,0.4921833608733189
3250.0,684.9315068,0.4921803751130152
3251.0,684.9315068,0.4921773893527115
3252.0,684.9315068,0.4921744035924078
3253.0,684.9315068,0.49217141783210416
3254.0,684.9315068,0.49216843207180044
3255.0,684.9315068,0.4921654463114968
3256.0,684.9315068,0.49216246055119306
3257.0,684.9315068,0.4921594747908894
3258.0,684.9315068,0.4921564890305857
3259.0,684.9315068,0.492153503270282
3260.0,684.9315068,0.49215051750997835
3261.0,684.465567,0.4921475317496746
3262.0,683.9996272,0.49214454598937096
3263.0,683.5336874,0.49214156022906724
3264.0,683.0677476,0.4921385744687636
3265.0,682.6018078,0.4921355887084599
3266.0,682.135868,0.4921326029481562
3267.0,681.6699282,0.49212961718785253
3268.0,681.2039884,0.4921266314275488
3269.0,680.7380486,0.49212364566724515
3270.0,680.2721088,0.4921206599069415
3271.0,680.2721088,0.49211767414663776
3272.0,680.2721088,0.4921146883863341
3273.0,680.2721088,0.4921117026260304
3274.0,680.2721088,0.49210874615965294
3275.0,680.2721088,0.4921057929481562
3276.0,680.2721088,0.49210283973665947
3277.0,680.2721088,0.49209988652516273
3278.0,680.2721088,0.492096933313666
3279.0,680.2721088,0.4920939801021692
3280.0,680.2721088,0.49209102689067247
3281.0,680.2721088,0.49208807367917573
3282.0,680.2721088,0.492085120467679
3283.0,680.2721088,0.49208216725618226
3284.0,680.2721088,0.49207921404468546
3285.0,680.2721088,0.49207626083318873
3286.0,680.2721088,0.492073307621692
3287.0,680.2721088,0.49207035441019525
3288.0,680.2721088,0.4920674011986985
3289.0,680.2721088,0.4920644479872018
3290.0,680.2721088,0.492061494775705
3291.0,680.2721088,0.49205854156420825
3292.0,680.2721088,0.4920555883527115
3293.0,680.2721088,0.4920526351412148
3294.0,680.2721088,0.49204968192971804
3295.0,680.2721088,0.49204672871822125
3296.0,680.2721088,0.4920437755067245
3297.0,680.2721088,0.4920408222952278
3298.0,680.2721088,0.49203786908373104
3299.0,680.2721088,0.4920349158722343
3300.0,680.2721088,0.49203196266073757
3301.0,679.81246549,0.4920290094492408
3302.0,679.35282218,0.49202605623774404
3303.0,678.8931788699999,0.4920231030262473
3304.0,678.43353556,0.49202014981475056
3305.0,677.9738922500001,0.4920171966032538
3306.0,677.51424894,0.49201424339175703
3307.0,677.05460563,0.4920112901802603
3308.0,676.59496232,0.49200833696876356
3309.0,676.1353190100001,0.4920053837572668
3310.0,675.6756757,0.4920024305457701
3311.0,675.6756757,0.49199947733427335
3312.0,675.6756757,0.49199652412277656
3313.0,675.6756757,0.4919935709112798
3314.0,675.6756757,0.4919906176997831
3315.0,675.6756757,0.49198766448828635
3316.0,675.6756757,0.4919847112767896
3317.0,675.6756757,0.4919817580652928
3318.0,675.6756757,0.4919788048537961
3319.0,675.6756757,0.49197585164229934
3320.0,675.6756757,0.4919729244681128
3321.0,675.2222020900001,0.4919700038032538
3322.0,674.76872848,0.49196708313839477
3323.0,674.31525487,0.4919641624735358
3324.0,673.86178126,0.4919612418086768
3325.0,673.4083076500001,0.49195832114381777
3326.0,672.95483404,0.4919554004789588
3327.0,672.50136043,0.4919524798140998
3328.0,672.04788682,0.49194955914924077
3329.0,671.5944132100001,0.4919466384843818
3330.0,671.1409396,0.4919437178195228
3331.0,670.69351231,0.49194079715466377
3332.0,670.24608502,0.4919378764898048
3333.0,669.7986577300001,0.4919349558249458
3334.0,669.35123044,0.49193203516008677
3335.0,668.9038031499999,0.49192911449522775
3336.0,668.45637586,0.4919261938303688
3337.0,668.00894857,0.49192327316550977
3338.0,667.56152128,0.49192035250065075
3339.0,667.1140939899999,0.4919174318357918
3340.0,666.6666667,0.49191451117093277
3341.0,666.6666667,0.49191159050607375
3342.0,666.6666667,0.4919086698412148
3343.0,666.6666667,0.49190574917635577
3344.0,666.6666667,0.49190282851149675
3345.0,666.6666667,0.4918999078466378
3346.0,666.6666667,0.49189698718177877
3347.0,666.6666667,0.49189406651691975
3348.0,666.6666667,0.4918911458520608
3349.0,666.6666667,0.49188822518720177
3350.0,666.6666667,0.49188530452234275
3351.0,666.6666667,0.49188238385748373
3352.0,666.6666667,0.49187946319262477
3353.0,666.6666667,0.49187654252776575
3354.0,666.6666667,0.49187362186290673
3355.0,666.6666667,0.49187070119804777
3356.0,666.6666667,0.49186778053318875
3357.0,666.6666667,0.49186485986832973
3358.0,666.6666667,0.49186193920347077
3359.0,666.6666667,0.49185901853861175
3360.0,666.6666667,0.49185609787375273
3361.0,666.22516559,0.49185317720889377
3362.0,665.78366448,0.49185025654403475
3363.0,665.34216337,0.49184733587917573
3364.0,664.90066226,0.49184441521431677
3365.0,664.45916115,0.49184149454945775
3366.0,664.01766004,0.49183863919945775
3367.0,663.57615893,0.4918358118415402
3368.0,663.13465782,0.4918329844836226
3369.0,662.69315671,0.49183015712570505
3370.0,662.2516556,0.4918273297677874
3371.0,662.2516556,0.49182450240986986
3372.0,662.2516556,0.4918216750519523
3373.0,662.2516556,0.4918188476940347
3374.0,662.2516556,0.49181602033611715
3375.0,662.2516556,0.4918131929781996
3376.0,662.2516556,0.491810365620282
3377.0,662.2516556,0.49180753826236445
3378.0,662.2516556,0.4918047109044469
3379.0,662.2516556,0.4918018835465293
3380.0,662.2516556,0.49179905618861175
3381.0,662.2516556,0.4917962288306942
3382.0,662.2516556,0.4917934014727766
3383.0,662.2516556,0.49179057411485905
3384.0,662.2516556,0.4917877467569414
3385.0,662.2516556,0.49178491939902386
3386.0,662.2516556,0.4917820920411063
3387.0,662.2516556,0.4917792646831887
3388.0,662.2516556,0.49177643732527115
3389.0,662.2516556,0.4917736099673536
3390.0,662.2516556,0.491770782609436
3391.0,661.81596372,0.49176795525151845
3392.0,661.3802718400001,0.4917651278936009
3393.0,660.94457996,0.4917623005356833
3394.0,660.50888808,0.49175947317776575
3395.0,660.0731962,0.4917566458198482
3396.0,659.6375043200001,0.4917538184619306
3397.0,659.20181244,0.491750991104013
3398.0,658.76612056,0.4917481637460954
3399.0,658.3304286800001,0.49174533638817786
3400.0,657.8947368,0.4917425090302603
3401.0,658.3304286800001,0.4917396816723427
3402.0,658.76612056,0.49173685431442515
3403.0,659.20181244,0.4917340269565076
3404.0,659.6375043200001,0.49173119959859
3405.0,660.0731962,0.49172837224067245
3406.0,660.50888808,0.4917255448827549
3407.0,660.94457996,0.4917227175248373
3408.0,661.3802718400001,0.49171989016691975
3409.0,661.81596372,0.4917170628090022
3410.0,662.2516556,0.4917142354510846
3411.0,661.81596372,0.491711408093167
3412.0,661.3802718400001,0.49170859635737524
3413.0,660.94457996,0.49170579503633405
3414.0,660.50888808,0.4917029937152928
3415.0,660.0731962,0.4917001923942516
3416.0,659.6375043200001,0.4916973910732104
3417.0,659.20181244,0.4916945897521692
3418.0,658.76612056,0.491691788431128
3419.0,658.3304286800001,0.49168898711008674
3420.0,657.8947368,0.49168618578904555
3421.0,657.8947368,0.4916833844680043
3422.0,657.8947368,0.4916805831469631
3423.0,657.8947368,0.4916777818259219
3424.0,657.8947368,0.4916749805048807
3425.0,657.8947368,0.4916721791838395
3426.0,657.8947368,0.49166937786279824
3427.0,657.8947368,0.49166657654175705
3428.0,657.8947368,0.4916637752207158
3429.0,657.8947368,0.4916609738996746
3430.0,657.8947368,0.49165817257863337
3431.0,657.4647402400001,0.4916553712575922
3432.0,657.03474368,0.491652569936551
3433.0,656.60474712,0.49164976861550974
3434.0,656.17475056,0.49164696729446855
3435.0,655.7447540000001,0.4916441659734273
3436.0,655.31475744,0.4916413646523861
3437.0,654.8847608799999,0.49163856333134487
3438.0,654.45476432,0.4916357620103037
3439.0,654.02476776,0.4916329606892625
3440.0,653.5947712,0.49163015936822124
3441.0,653.5947712,0.49162735804718005
3442.0,653.5947712,0.4916245567261388
3443.0,653.5947712,0.4916217554050976
3444.0,653.5947712,0.49161895408405637
3445.0,653.5947712,0.4916161527630152
3446.0,653.5947712,0.491613351441974
3447.0,653.5947712,0.49161055012093274
3448.0,653.5947712,0.49160774879989155
3449.0,653.5947712,0.4916049474788503
3450.0,653.5947712,0.4916021461578091
3451.0,653.17035902,0.49159934483676787
3452.0,652.74594684,0.4915965435157267
3453.0,652.32153466,0.49159374219468543
3454.0,651.89712248,0.49159094087364424
3455.0,651.4727103,0.49158813955260305
3456.0,651.0482981199999,0.4915853382315618
3457.0,650.6238859399999,0.4915825369105206
3458.0,650.1994737599999,0.49157972148590023
3459.0,649.7750615799999,0.49157689195770066
3460.0,649.3506494,0.4915740624295011
3461.0,649.3506494,0.4915712329013015
3462.0,649.3506494,0.4915684033731019
3463.0,649.3506494,0.4915655738449024
3464.0,649.3506494,0.4915627443167028
3465.0,649.3506494,0.49155991478850325
3466.0,649.3506494,0.49155708526030367
3467.0,649.3506494,0.4915542557321041
3468.0,649.3506494,0.4915514262039046
3469.0,649.3506494,0.491548596675705
3470.0,649.3506494,0.4915457671475054
3471.0,648.51814856,0.49154293761930584
3472.0,647.6856477199999,0.49154010809110626
3473.0,646.8531468799999,0.49153727856290674
3474.0,646.02064604,0.49153444903470717
3475.0,645.1881452,0.4915316195065076
3476.0,644.3556443599999,0.491528789978308
3477.0,643.52314352,0.49152596045010843
3478.0,642.69064268,0.4915231309219089
3479.0,641.8581418399999,0.49152030139370934
3480.0,641.025641,0.49151747186550976
3481.0,640.21421614,0.4915146423373102
3482.0,639.40279128,0.4915118128091106
3483.0,638.59136642,0.4915089832809111
3484.0,637.77994156,0.4915061537527115
3485.0,636.9685167,0.49150332422451193
3486.0,636.1570918399999,0.49150049469631235
3487.0,635.3456669799999,0.4914976651681128
3488.0,634.5342421199999,0.49149483563991325
3489.0,633.7228172599999,0.4914920061117137
3490.0,632.9113924,0.4914891765835141
3491.0,632.5133349199999,0.4914863470553145
3492.0,632.11527744,0.49148351752711494
3493.0,631.71721996,0.4914806879989154
3494.0,631.3191624799999,0.49147785847071584
3495.0,630.9211049999999,0.49147502894251627
3496.0,630.52304752,0.4914721994143167
3497.0,630.12499004,0.4914693698861171
3498.0,629.7269325599999,0.49146654035791754
3499.0,629.32887508,0.491463710829718
3500.0,628.9308176,0.49146088130151844
3501.0,628.53773584,0.49145805177331886
3502.0,628.14465408,0.4914552222451193
3503.0,627.7515723199999,0.4914523927169197
3504.0,627.35849056,0.49144958141561823
3505.0,626.9654088,0.49144679745466374
3506.0,626.57232704,0.4914440134937093
3507.0,626.17924528,0.4914412295327549
3508.0,625.78616352,0.49143844557180044
3509.0,625.39308176,0.491435661610846
3510.0,625.0,0.4914328776498915
3511.0,624.61180124,0.4914300936889371
3512.0,624.22360248,0.49142730972798265
3513.0,623.83540372,0.4914245257670282
3514.0,623.44720496,0.49142174180607373
3515.0,623.0590062,0.4914189578451193
3516.0,622.67080744,0.49141617388416486
3517.0,622.28260868,0.49141338992321043
3518.0,621.89440992,0.491410605962256
3519.0,621.50621116,0.4914078220013015
3520.0,621.1180124,0.4914050380403471
3521.0,621.1180124,0.49140225407939264
3522.0,621.1180124,0.4913994701184382
3523.0,621.1180124,0.4913966861574838
3524.0,621.1180124,0.4913939021965293
3525.0,621.1180124,0.49139111823557485
3526.0,621.1180124,0.4913883342746204
3527.0,621.1180124,0.491385550313666
3528.0,621.1180124,0.4913827663527115
3529.0,621.1180124,0.49137998239175706
3530.0,621.1180124,0.49137719843080263
3531.0,620.73460622,0.4913744144698482
3532.0,620.35120004,0.49137163050889376
3533.0,619.96779386,0.4913688465479393
3534.0,619.58438768,0.49136606258698484
3535.0,619.2009815,0.4913632786260304
3536.0,618.8175753200001,0.491360494665076
3537.0,618.43416914,0.4913577107041215
3538.0,618.05076296,0.49135492674316705
3539.0,617.66735678,0.4913521427822126
3540.0,617.2839506,0.4913493588212582
3541.0,617.2839506,0.49134657486030375
3542.0,617.2839506,0.49134379089934926
3543.0,617.2839506,0.49134100693839483
3544.0,617.2839506,0.4913382229774404
3545.0,617.2839506,0.49133543901648596
3546.0,617.2839506,0.4913326550555315
3547.0,617.2839506,0.49132987109457704
3548.0,617.2839506,0.4913270871336226
3549.0,617.2839506,0.4913243031726682
3550.0,617.2839506,0.49132152897603043
3551.0,616.90524879,0.4913187775627983
3552.0,616.52654698,0.4913160261495662
3553.0,616.14784517,0.4913132747363341
3554.0,615.76914336,0.491310523323102
3555.0,615.39044155,0.4913077719098699
3556.0,615.0117397399999,0.49130502049663777
3557.0,614.63303793,0.4913022690834057
3558.0,614.25433612,0.49129951767017355
3559.0,613.87563431,0.49129676625694146
3560.0,613.4969325,0.4912940148437094
3561.0,613.4969325,0.49129126343047724
3562.0,613.4969325,0.49128851201724516
3563.0,613.4969325,0.491285760604013
3564.0,613.4969325,0.49128300919078094
3565.0,613.4969325,0.4912802577775488
3566.0,613.4969325,0.4912775063643167
3567.0,613.4969325,0.49127475495108464
3568.0,613.4969325,0.4912720035378525
3569.0,613.4969325,0.4912692521246204
3570.0,613.4969325,0.4912665007113883
3571.0,613.12284901,0.4912637492981562
3572.0,612.74876552,0.4912609978849241
3573.0,612.3746820299999,0.491258246471692
3574.0,612.0005985399999,0.4912554950584599
3575.0,611.62651505,0.49125274364522775
3576.0,611.25243156,0.49124999223199567
3577.0,610.87834807,0.49124724081876353
3578.0,610.5042645799999,0.49124448940553145
3579.0,610.13018109,0.49124173799229937
3580.0,609.7560976,0.4912389865790672
3581.0,609.7560976,0.49123623516583514
3582.0,609.7560976,0.491233483752603
3583.0,609.7560976,0.4912307323393709
3584.0,609.7560976,0.49122798092613884
3585.0,609.7560976,0.4912252295129067
3586.0,609.7560976,0.4912224780996746
3587.0,609.7560976,0.4912197266864425
3588.0,609.7560976,0.4912169752732104
3589.0,609.7560976,0.49121422385997826
3590.0,609.7560976,0.4912114724467462
3591.0,609.38654845,0.4912087210335141
3592.0,609.0169993,0.49120596962028196
3593.0,608.6474501499999,0.4912032182070499
3594.0,608.2779009999999,0.49120046679381774
3595.0,607.9083518499999,0.49119771538058565
3596.0,607.5388027,0.49119496917516264
3597.0,607.16925355,0.4911922438009761
3598.0,606.7997044,0.49118951842678954
3599.0,606.43015525,0.491186793052603
3600.0,606.0606061,0.49118406767841644
3601.0,606.0606061,0.4911813423042299
3602.0,606.0606061,0.49117861693004333
3603.0,606.0606061,0.4911758915558568
3604.0,606.0606061,0.49117316618167023
3605.0,606.0606061,0.4911704408074837
3606.0,606.0606061,0.4911677154332972
3607.0,606.0606061,0.49116499005911063
3608.0,606.0606061,0.4911622646849241
3609.0,606.0606061,0.4911595393107375
3610.0,606.0606061,0.491156813936551
3611.0,605.69550935,0.4911540885623644
3612.0,605.3304125999999,0.49115136318817787
3613.0,604.96531585,0.4911486378139913
3614.0,604.6002191,0.49114591243980477
3615.0,604.23512235,0.4911431870656182
3616.0,603.8700256,0.49114046169143166
3617.0,603.5049288499999,0.4911377363172451
3618.0,603.1398321,0.49113501094305856
3619.0,602.77473535,0.491132285568872
3620.0,602.4096386,0.49112956019468545
3621.0,602.4096386,0.4911268348204989
3622.0,602.4096386,0.49112410944631235
3623.0,602.4096386,0.4911213840721258
3624.0,602.4096386,0.49111865869793925
3625.0,602.4096386,0.4911159333237527
3626.0,602.4096386,0.49111320794956614
3627.0,602.4096386,0.4911104825753796
3628.0,602.4096386,0.49110775720119304
3629.0,602.4096386,0.4911050318270065
3630.0,602.4096386,0.49110230645281994
3631.0,602.04891426,0.4910995810786334
3632.0,601.68818992,0.49109685570444683
3633.0,601.32746558,0.4910941303302603
3634.0,600.96674124,0.49109140495607373
3635.0,600.6060169,0.4910886795818872
3636.0,600.2452925599999,0.4910859542077006
3637.0,599.88456822,0.4910832288335141
3638.0,599.52384388,0.4910805034593275
3639.0,599.16311954,0.491077778085141
3640.0,598.8023952,0.4910750527109545
3641.0,598.8023952,0.4910723273367679
3642.0,598.8023952,0.4910696045664859
3643.0,598.8023952,0.4910669052313449
3644.0,598.8023952,0.4910642058962039
3645.0,598.8023952,0.4910615065610629
3646.0,598.8023952,0.49105880722592193
3647.0,598.8023952,0.4910561078907809
3648.0,598.8023952,0.4910534085556399
3649.0,598.8023952,0.4910507092204989
3650.0,598.8023952,0.4910480098853579
3651.0,598.4459651999999,0.49104531055021694
3652.0,598.0895352,0.4910426112150759
3653.0,597.7331052,0.49103991187993495
3654.0,597.3766752,0.49103721254479393
3655.0,597.0202452,0.4910345132096529
3656.0,596.6638151999999,0.49103181387451195
3657.0,596.3073852,0.4910291145393709
3658.0,595.9509552,0.49102641520422996
3659.0,595.5945252,0.49102371586908894
3660.0,595.2380952,0.4910210165339479
3661.0,594.8858833099999,0.49101831719880695
3662.0,594.53367142,0.49101561786366593
3663.0,594.18145953,0.49101291852852497
3664.0,593.82924764,0.49101021919338395
3665.0,593.4770357499999,0.4910075198582429
3666.0,593.12482386,0.49100482052310196
3667.0,592.77261197,0.49100212118796094
3668.0,592.4204000799999,0.49099942185282
3669.0,592.06818819,0.49099672251767895
3670.0,591.7159763,0.490994023182538
3671.0,591.02391083,0.49099132384739697
3672.0,590.33184536,0.49098862451225594
3673.0,589.63977989,0.490985925177115
3674.0,588.94771442,0.49098322584197396
3675.0,588.25564895,0.490980526506833
3676.0,587.5635834799999,0.49097782717169197
3677.0,586.8715180099999,0.49097512783655095
3678.0,586.1794525399999,0.49097242850141
3679.0,585.48738707,0.49096972916626896
3680.0,584.7953216,0.490967029831128
3681.0,584.7953216,0.490964330495987
3682.0,584.7953216,0.490961631160846
3683.0,584.7953216,0.490958931825705
3684.0,584.7953216,0.49095623249056397
3685.0,584.7953216,0.490953533155423
3686.0,584.7953216,0.490950833820282
3687.0,584.7953216,0.490948134485141
3688.0,584.7953216,0.49094543515
3689.0,584.7953216,0.49094277053177876
3690.0,584.7953216,0.49094010591355747
3691.0,585.13931885,0.49093744129533623
3692.0,585.4833161,0.49093477667711494
3693.0,585.8273133499999,0.4909321120588937
3694.0,586.1713106,0.49092944744067246
3695.0,586.51530785,0.49092678282245117
3696.0,586.8593051,0.49092411820422993
3697.0,587.2033023500001,0.4909214535860087
3698.0,587.5472996,0.4909187889677874
3699.0,587.89129685,0.49091612434956616
3700.0,588.2352941,0.49091345973134487
3701.0,587.89129685,0.49091079511312363
3702.0,587.5472996,0.4909081304949024
3703.0,587.2033023500001,0.4909054658766811
3704.0,586.8593051,0.49090280125845986
3705.0,586.51530785,0.49090013664023857
3706.0,586.1713106,0.49089747202201733
3707.0,585.8273133499999,0.4908948074037961
3708.0,585.4833161,0.4908921427855748
3709.0,585.13931885,0.49088947816735357
3710.0,584.7953216,0.49088681354913233
3711.0,584.4553243199999,0.49088414893091104
3712.0,584.11532704,0.4908814843126898
3713.0,583.77532976,0.4908788196944685
3714.0,583.4353324799999,0.49087615507624727
3715.0,583.0953351999999,0.49087349045802603
3716.0,582.75533792,0.49087082583980474
3717.0,582.41534064,0.4908681612215835
3718.0,582.0753433599999,0.4908654966033622
3719.0,581.73534608,0.49086283198514097
3720.0,581.3953488,0.49086016736691973
3721.0,581.3953488,0.49085750274869844
3722.0,581.3953488,0.4908548381304772
3723.0,581.3953488,0.49085217351225596
3724.0,581.3953488,0.49084950889403467
3725.0,581.3953488,0.49084684427581343
3726.0,581.3953488,0.49084417965759214
3727.0,581.3953488,0.4908415150393709
3728.0,581.3953488,0.49083885042114966
3729.0,581.3953488,0.49083618580292837
3730.0,581.3953488,0.49083352118470713
3731.0,581.0592821299999,0.49083085656648584
3732.0,580.72321546,0.4908281919482646
3733.0,580.38714879,0.49082552733004337
3734.0,580.05108212,0.49082286271182207
3735.0,579.71501545,0.49082022543524945
3736.0,579.37894878,0.4908175911966377
3737.0,579.04288211,0.490814956958026
3738.0,578.70681544,0.4908123227194143
3739.0,578.3707487700001,0.4908096884808026
3740.0,578.0346821,0.49080705424219084
3741.0,577.70247826,0.49080442000357916
3742.0,577.37027442,0.4908017857649674
3743.0,577.0380705800001,0.4907991515263557
3744.0,576.70586674,0.490796517287744
3745.0,576.3736629,0.4907938830491323
3746.0,576.04145906,0.4907912488105206
3747.0,575.7092552199999,0.49078861457190887
3748.0,575.37705138,0.4907859803332972
3749.0,575.04484754,0.49078334609468544
3750.0,574.7126437,0.49078071185607375
3751.0,574.7126437,0.490778077617462
3752.0,574.7126437,0.4907754433788503
3753.0,574.7126437,0.4907728091402386
3754.0,574.7126437,0.4907701749016269
3755.0,574.7126437,0.49076754066301514
3756.0,574.7126437,0.49076490642440346
3757.0,574.7126437,0.49076227218579177
3758.0,574.7126437,0.49075963794718
3759.0,574.7126437,0.49075700370856834
3760.0,574.7126437,0.4907543694699566
3761.0,574.7126437,0.4907517352313449
3762.0,574.7126437,0.49074910099273317
3763.0,574.7126437,0.4907464667541215
3764.0,574.7126437,0.49074383251550974
3765.0,574.7126437,0.49074119827689805
3766.0,574.7126437,0.4907385640382863
3767.0,574.7126437,0.4907359297996746
3768.0,574.7126437,0.49073329556106293
3769.0,574.7126437,0.4907306613224512
3770.0,574.7126437,0.4907280270838395
3771.0,574.3842364699999,0.49072539284522776
3772.0,574.05582924,0.49072275860661607
3773.0,573.7274220099999,0.49072012436800433
3774.0,573.39901478,0.49071749012939264
3775.0,573.07060755,0.4907148558907809
3776.0,572.7422003199999,0.4907122216521692
3777.0,572.41379309,0.49070958741355747
3778.0,572.08538586,0.4907069531749458
3779.0,571.75697863,0.4907043189363341
3780.0,571.4285714,0.49070168469772235
3781.0,571.10389608,0.4906990400434924
3782.0,570.77922076,0.4906963927853579
3783.0,570.45454544,0.49069374552722345
3784.0,570.12987012,0.49069109826908897
3785.0,569.8051948,0.49068845101095443
3786.0,569.48051948,0.49068580375281995
3787.0,569.15584416,0.49068315649468547
3788.0,568.8311688399999,0.490680509236551
3789.0,568.5064935199999,0.4906778619784165
3790.0,568.1818182,0.490675214720282
3791.0,568.1818182,0.4906725674621475
3792.0,568.1818182,0.490669920204013
3793.0,568.1818182,0.49066727294587853
3794.0,568.1818182,0.49066462568774405
3795.0,568.1818182,0.49066197842960957
3796.0,568.1818182,0.49065933117147503
3797.0,568.1818182,0.49065668391334055
3798.0,568.1818182,0.49065403665520607
3799.0,568.1818182,0.4906513893970716
3800.0,568.1818182,0.4906487421389371
3801.0,567.86081152,0.4906460948808026
3802.0,567.53980484,0.4906434476226681
3803.0,567.21879816,0.4906408003645336
3804.0,566.89779148,0.49063815310639913
3805.0,566.5767848,0.49063550584826465
3806.0,566.25577812,0.4906328585901301
3807.0,565.93477144,0.49063021133199564
3808.0,565.61376476,0.49062756407386116
3809.0,565.29275808,0.4906249168157267
3810.0,564.9717514,0.4906222695575922
3811.0,564.65435154,0.4906196222994577
3812.0,564.33695168,0.4906169750413232
3813.0,564.0195518200001,0.4906143277831887
3814.0,563.70215196,0.4906116805250542
3815.0,563.3847521,0.49060903326691974
3816.0,563.06735224,0.49060638600878526
3817.0,562.74995238,0.4906037387506507
3818.0,562.4325525200001,0.49060109149251624
3819.0,562.11515266,0.49059844423438176
3820.0,561.7977528,0.4905957969762473
3821.0,561.7977528,0.4905931497181128
3822.0,561.7977528,0.49059050245997826
3823.0,561.7977528,0.4905878552018438
3824.0,561.7977528,0.4905852079437093
3825.0,561.7977528,0.4905825606855748
3826.0,561.7977528,0.49057991342744034
3827.0,561.7977528,0.4905772509796095
3828.0,561.7977528,0.49057458202190884
3829.0,561.7977528,0.4905719130642082
3830.0,561.7977528,0.49056924410650754
3831.0,561.48389931,0.4905665751488069
3832.0,561.17004582,0.4905639061911063
3833.0,560.85619233,0.4905612372334056
3834.0,560.5423388400001,0.490558568275705
3835.0,560.22848535,0.4905558993180043
3836.0,559.91463186,0.4905532303603037
3837.0,559.6007783700001,0.490550561402603
3838.0,559.28692488,0.4905478924449024
3839.0,558.9730713900001,0.4905452234872017
3840.0,558.6592179,0.4905425545295011
3841.0,558.6592179,0.4905398855718004
3842.0,558.6592179,0.49053721661409977
3843.0,558.6592179,0.4905345476563991
3844.0,558.6592179,0.49053187869869846
3845.0,558.6592179,0.4905292097409978
3846.0,558.6592179,0.49052654078329716
3847.0,558.6592179,0.49052387182559654
3848.0,558.6592179,0.49052120286789586
3849.0,558.6592179,0.49051853391019523
3850.0,558.6592179,0.49051586495249455
3851.0,558.04191489,0.4905131959947939
3852.0,557.42461188,0.49051052703709325
3853.0,556.80730887,0.4905078580793926
3854.0,556.19000586,0.49050518912169194
3855.0,555.57270285,0.4905025201639913
3856.0,554.95539984,0.49049985120629064
3857.0,554.33809683,0.49049718224859
3858.0,553.72079382,0.49049451329088933
3859.0,553.10349081,0.4904918443331887
3860.0,552.4861878,0.49048917537548803
3861.0,552.18262397,0.4904865064177874
3862.0,551.87906014,0.4904838374600867
3863.0,551.5754963100001,0.4904811685023861
3864.0,551.27193248,0.4904784995446855
3865.0,550.96836865,0.4904758305869848
3866.0,550.66480482,0.49047316162928417
3867.0,550.3612409899999,0.4904704926715835
3868.0,550.05767716,0.49046782371388287
3869.0,549.75411333,0.4904651547561822
3870.0,549.4505495,0.49046248579848156
3871.0,549.15030329,0.4904598168407809
3872.0,548.8500570799999,0.49045714788308026
3873.0,548.54981087,0.49045446720845987
3874.0,548.2495646599999,0.49045177872255963
3875.0,547.94931845,0.49044909023665945
3876.0,547.64907224,0.4904464017507592
3877.0,547.3488260299999,0.49044371326485897
3878.0,547.04857982,0.4904410247789588
3879.0,546.7483336099999,0.49043833629305855
3880.0,546.4480874,0.4904356478071583
3881.0,546.15110475,0.49043295932125813
3882.0,545.8541220999999,0.4904302708353579
3883.0,545.55713945,0.4904275823494577
3884.0,545.2601568,0.4904248938635575
3885.0,544.96317415,0.49042220537765724
3886.0,544.6661915,0.49041951689175706
3887.0,544.36920885,0.4904168284058568
3888.0,544.0722262,0.4904141399199566
3889.0,543.77524355,0.4904114514340564
3890.0,543.4782609,0.49040876294815616
3891.0,543.4782609,0.490406074462256
3892.0,543.4782609,0.49040338597635574
3893.0,543.4782609,0.4904006974904555
3894.0,543.4782609,0.4903980090045553
3895.0,543.4782609,0.4903953205186551
3896.0,543.4782609,0.4903926320327549
3897.0,543.4782609,0.49038994354685467
3898.0,543.4782609,0.49038725506095443
3899.0,543.4782609,0.49038456657505425
3900.0,543.4782609,0.490381878089154
3901.0,543.18448886,0.4903791896032538
3902.0,542.89071682,0.4903765011173536
3903.0,542.5969447800001,0.49037381263145335
3904.0,542.30317274,0.49037112414555317
3905.0,542.0094007,0.49036843565965293
3906.0,541.71562866,0.4903657471737527
3907.0,541.42185662,0.4903630586878525
3908.0,541.1280845800001,0.4903603702019523
3909.0,540.83431254,0.49035768171605204
3910.0,540.5405405,0.49035499323015186
3911.0,540.5405405,0.4903523047442516
3912.0,540.5405405,0.49034961625835144
3913.0,540.5405405,0.4903469277724512
3914.0,540.5405405,0.49034423928655096
3915.0,540.5405405,0.4903415508006508
3916.0,540.5405405,0.49033886231475055
3917.0,540.5405405,0.4903361738288503
3918.0,540.5405405,0.4903334853429501
3919.0,540.5405405,0.4903307892621475
3920.0,540.5405405,0.49032808558644253
3921.0,540.24992731,0.49032538191073755
3922.0,539.95931412,0.49032267823503256
3923.0,539.66870093,0.4903199745593276
3924.0,539.3780877400001,0.4903172708836226
3925.0,539.08747455,0.4903145672079176
3926.0,538.79686136,0.4903118635322126
3927.0,538.50624817,0.4903091598565076
3928.0,538.21563498,0.4903064561808026
3929.0,537.9250217900001,0.4903037525050976
3930.0,537.6344086,0.4903010488293926
3931.0,537.34690357,0.49029834515368764
3932.0,537.0593985400001,0.49029564147798266
3933.0,536.77189351,0.4902929378022777
3934.0,536.48438848,0.4902902341265727
3935.0,536.1968834500001,0.4902875304508677
3936.0,535.90937842,0.4902848267751627
3937.0,535.62187339,0.49028212309945773
3938.0,535.33436836,0.49027941942375275
3939.0,535.0468633300001,0.49027671574804776
3940.0,534.7593583,0.4902740120723428
3941.0,534.7593583,0.4902713083966378
3942.0,534.7593583,0.49026860472093275
3943.0,534.7593583,0.49026590104522777
3944.0,534.7593583,0.4902631973695228
3945.0,534.7593583,0.4902604936938178
3946.0,534.7593583,0.4902577900181128
3947.0,534.7593583,0.49025508634240783
3948.0,534.7593583,0.49025238266670285
3949.0,534.7593583,0.49024967899099786
3950.0,534.7593583,0.4902469753152929
3951.0,534.7593583,0.4902442716395879
3952.0,534.7593583,0.4902415679638829
3953.0,534.7593583,0.4902388642881779
3954.0,534.7593583,0.49023616061247294
3955.0,534.7593583,0.49023345693676795
3956.0,534.7593583,0.49023075326106297
3957.0,534.7593583,0.49022804958535793
3958.0,534.7593583,0.49022534590965294
3959.0,534.7593583,0.49022264223394796
3960.0,534.7593583,0.490219938558243
3961.0,534.47491183,0.490217234882538
3962.0,534.1904653600001,0.490214531206833
3963.0,533.90601889,0.490211827531128
3964.0,533.62157242,0.49020912385542303
3965.0,533.33712595,0.4902064158400217
3966.0,533.05267948,0.49020370131507596
3967.0,532.76823301,0.4902009867901302
3968.0,532.48378654,0.4901982722651844
3969.0,532.1993400700001,0.49019555774023865
3970.0,531.9148936,0.4901928432152929
3971.0,531.63345715,0.4901901286903471
3972.0,531.3520207,0.49018741416540135
3973.0,531.07058425,0.4901846996404556
3974.0,530.7891478,0.4901819851155098
3975.0,530.50771135,0.49017927059056404
3976.0,530.2262749,0.4901765560656183
3977.0,529.94483845,0.4901738415406725
3978.0,529.663402,0.49017112701572674
3979.0,529.38196555,0.49016841249078097
3980.0,529.1005291,0.4901656979658352
3981.0,529.1005291,0.49016298344088943
3982.0,529.1005291,0.49016026891594366
3983.0,529.1005291,0.4901575543909979
3984.0,529.1005291,0.4901548398660521
3985.0,529.1005291,0.49015212534110636
3986.0,529.1005291,0.4901494108161606
3987.0,529.1005291,0.4901466962912148
3988.0,529.1005291,0.49014398176626905
3989.0,529.1005291,0.4901412672413233
3990.0,529.1005291,0.49013855271637746
3991.0,529.1005291,0.4901358381914317
3992.0,529.1005291,0.4901331236664859
3993.0,529.1005291,0.49013040914154016
3994.0,529.1005291,0.4901276946165944
3995.0,529.1005291,0.4901249800916486
3996.0,529.1005291,0.49012226556670285
3997.0,529.1005291,0.4901195510417571
3998.0,529.1005291,0.4901168365168113
3999.0,529.1005291,0.49011412199186555
4000.0,529.1005291,0.4901114074669198
4001.0,528.82205514,0.490108692941974
4002.0,528.54358118,0.49010597841702824
4003.0,528.26510722,0.4901032638920825
4004.0,527.9866332600001,0.4901005493671367
4005.0,527.7081593,0.49009783484219094
4006.0,527.42968534,0.49009512031724517
4007.0,527.1512113800001,0.4900924057922994
4008.0,526.87273742,0.49008969126735363
4009.0,526.5942634600001,0.49008697674240786
4010.0,526.3157895,0.4900842622174621
4011.0,526.3157895,0.4900815444377441
4012.0,526.3157895,0.49007881906355755
4013.0,526.3157895,0.490076093689371
4014.0,526.3157895,0.49007336831518444
4015.0,526.3157895,0.4900706429409979
4016.0,526.3157895,0.49006791756681134
4017.0,526.3157895,0.4900651921926248
4018.0,526.3157895,0.49006246681843824
4019.0,526.3157895,0.4900597414442517
4020.0,526.3157895,0.49005701607006513
4021.0,526.04023149,0.4900542906958786
4022.0,525.76467348,0.49005156532169203
4023.0,525.48911547,0.4900488399475055
4024.0,525.2135574600001,0.4900461145733189
4025.0,524.93799945,0.4900433891991324
4026.0,524.66244144,0.4900406638249458
4027.0,524.38688343,0.49003793845075927
4028.0,524.11132542,0.4900352130765727
4029.0,523.83576741,0.49003248770238617
4030.0,523.5602094,0.4900297623281996
4031.0,523.28752179,0.49002703695401306
4032.0,523.01483418,0.4900243115798265
4033.0,522.7421465699999,0.49002158620563996
4034.0,522.46945896,0.49001886083145335
4035.0,522.1967713500001,0.4900161354572668
4036.0,521.92408374,0.49001341008308025
4037.0,521.65139613,0.4900106847088937
4038.0,521.37870852,0.49000795933470714
4039.0,521.1060209100001,0.4900052339605206
4040.0,520.8333333,0.49000250858633404
4041.0,520.8333333,0.4899997832121475
4042.0,520.8333333,0.48999705783796094
4043.0,520.8333333,0.4899943324637744
4044.0,520.8333333,0.48999160708958783
4045.0,520.8333333,0.4899888817154013
4046.0,520.8333333,0.48998615634121473
4047.0,520.8333333,0.4899834309670282
4048.0,520.8333333,0.4899807055928416
4049.0,520.8333333,0.4899779802186551
4050.0,520.8333333,0.4899752548444685
4051.0,520.8333333,0.48997252947028197
4052.0,520.8333333,0.4899698040960954
4053.0,520.8333333,0.48996707872190887
4054.0,520.8333333,0.4899643533477223
4055.0,520.8333333,0.48996162797353576
4056.0,520.8333333,0.4899589025993492
4057.0,520.8333333,0.4899561750553145
4058.0,520.8333333,0.4899534388318872
4059.0,520.8333333,0.48995070260845985
4060.0,520.8333333,0.4899479663850325
4061.0,520.5634714700001,0.4899452301616052
4062.0,520.29360964,0.48994249393817785
4063.0,520.02374781,0.4899397577147505
4064.0,519.7538859800001,0.4899370214913232
4065.0,519.4840241500001,0.48993428526789584
4066.0,519.21416232,0.4899315490444685
4067.0,518.94430049,0.48992881282104117
4068.0,518.6744386600001,0.4899260765976139
4069.0,518.40457683,0.48992334037418656
4070.0,518.134715,0.4899206041507592
4071.0,518.134715,0.4899178679273319
4072.0,518.134715,0.48991513170390455
4073.0,518.134715,0.4899123954804772
4074.0,518.134715,0.4899096592570499
4075.0,518.134715,0.48990692303362254
4076.0,518.134715,0.4899041868101952
4077.0,518.134715,0.4899014505867679
4078.0,518.134715,0.48989871436334054
4079.0,518.134715,0.4898959781399132
4080.0,518.134715,0.48989324191648587
4081.0,517.86763525,0.48989050569305853
4082.0,517.6005555,0.4898877694696312
4083.0,517.33347575,0.4898850332462039
4084.0,517.066396,0.4898822970227766
4085.0,516.79931625,0.48987956079934925
4086.0,516.5322365,0.4898768245759219
4087.0,516.26515675,0.4898740883524946
4088.0,515.998077,0.48987135212906724
4089.0,515.73099725,0.4898686159056399
4090.0,515.4639175,0.48986587968221257
4091.0,515.4639175,0.48986314345878523
4092.0,515.4639175,0.4898604072353579
4093.0,515.4639175,0.48985767101193056
4094.0,515.4639175,0.4898549347885032
4095.0,515.4639175,0.4898521985650759
4096.0,515.4639175,0.48984946234164856
4097.0,515.4639175,0.4898467261182212
4098.0,515.4639175,0.48984398989479394
4099.0,515.4639175,0.4898412536713666
4100.0,515.4639175,0.48983851744793927
4101.0,515.19957703,0.48983578122451193
4102.0,514.93523656,0.4898330450010846
4103.0,514.6708960899999,0.48983030725867677
4104.0,514.40655562,0.4898275558454447
4105.0,514.14221515,0.48982480443221255
4106.0,513.87787468,0.48982205301898046
4107.0,513.61353421,0.4898193016057484
4108.0,513.3491937399999,0.48981655019251624
4109.0,513.0848532699999,0.48981379877928416
4110.0,512.8205128,0.4898110473660521
4111.0,512.8205128,0.48980829595281994
4112.0,512.8205128,0.48980554453958786
4113.0,512.8205128,0.4898027931263557
4114.0,512.8205128,0.48980004171312364
4115.0,512.8205128,0.48979729029989155
4116.0,512.8205128,0.4897945388866594
4117.0,512.8205128,0.48979178747342733
4118.0,512.8205128,0.48978903606019525
4119.0,512.8205128,0.4897862846469631
4120.0,512.8205128,0.489783533233731
4121.0,512.5588696799999,0.4897807818204989
4122.0,512.29722656,0.4897780304072668
4123.0,512.03558344,0.4897752789940347
4124.0,511.77394031999995,0.4897725275808026
4125.0,511.5122972,0.4897697761675705
4126.0,511.25065408,0.4897670247543384
4127.0,510.98901096,0.4897642733411063
4128.0,510.72736784,0.4897615219278742
4129.0,510.46572471999997,0.48975877051464206
4130.0,510.2040816,0.48975601910141
4131.0,509.94509476,0.4897532676881779
4132.0,509.68610792,0.48975051627494576
4133.0,509.42712108,0.4897477648617137
4134.0,509.16813424,0.4897450134484816
4135.0,508.9091474,0.48974226203524945
4136.0,508.65016056,0.48973951062201737
4137.0,508.39117372,0.48973675920878523
4138.0,508.13218688,0.48973400779555315
4139.0,507.87320004,0.48973125638232107
4140.0,507.6142132,0.48972850496908893
4141.0,507.6142132,0.48972575355585685
4142.0,507.6142132,0.48972300214262476
4143.0,507.6142132,0.4897202507293926
4144.0,507.6142132,0.48971749931616054
4145.0,507.6142132,0.4897147479029284
4146.0,507.6142132,0.4897119964896963
4147.0,507.6142132,0.48970924507646424
4148.0,507.6142132,0.4897064936632321
4149.0,507.6142132,0.48970374225
4150.0,507.6142132,0.48970096913828637
4151.0,507.35784239,0.48969819602657266
4152.0,507.10147158,0.489695422914859
4153.0,506.84510077,0.48969264980314536
4154.0,506.58872996,0.48968987669143166
4155.0,506.33235915,0.489687103579718
4156.0,506.07598834,0.48968433046800436
4157.0,505.81961753,0.4896815573562907
4158.0,505.56324672,0.489678784244577
4159.0,505.30687591000003,0.48967601113286335
4160.0,505.0505051,0.4896732380211497
4161.0,504.79671087,0.489670464909436
4162.0,504.54291664,0.48966769179772235
4163.0,504.28912241,0.4896649186860087
4164.0,504.03532818,0.489662145574295
4165.0,503.78153395000004,0.48965937246258134
4166.0,503.52773972,0.4896565993508677
4167.0,503.27394549,0.48965382623915404
4168.0,503.02015126000003,0.48965105312744034
4169.0,502.76635703,0.4896482800157267
4170.0,502.5125628,0.48964550690401304
4171.0,502.5125628,0.48964273379229933
4172.0,502.5125628,0.4896399606805857
4173.0,502.5125628,0.48963718756887203
4174.0,502.5125628,0.48963441445715833
4175.0,502.5125628,0.4896316413454447
4176.0,502.5125628,0.48962886823373103
4177.0,502.5125628,0.4896260951220174
4178.0,502.5125628,0.4896233220103037
4179.0,502.5125628,0.48962054889859
4180.0,502.5125628,0.4896177757868764
4181.0,502.26130652,0.48961500267516267
4182.0,502.01005024,0.489612229563449
4183.0,501.75879396,0.48960945645173537
4184.0,501.50753768,0.48960668334002166
4185.0,501.25628140000003,0.489603910228308
4186.0,501.00502512,0.48960113711659436
4187.0,500.75376884,0.4895983640048807
4188.0,500.50251256,0.489595590893167
4189.0,500.25125628,0.48959281778145336
4190.0,500.0,0.4895900446697397
4191.0,500.0,0.489587271558026
4192.0,500.0,0.48958449844631236
4193.0,500.0,0.4895817253345987
4194.0,500.0,0.489578952222885
4195.0,500.0,0.48957617911117135
4196.0,500.0,0.4895733884240781
4197.0,500.0,0.48957059578416484
4198.0,500.0,0.48956780314425163
4199.0,500.0,0.48956501050433837
4200.0,500.0,0.48956221786442516
4201.0,499.75124378,0.4895594252245119
4202.0,499.50248756,0.4895566325845987
4203.0,499.25373134,0.4895538399446855
4204.0,499.00497512,0.4895510473047722
4205.0,498.7562189,0.489548254664859
4206.0,498.50746268,0.48954546202494575
4207.0,498.25870646,0.48954266938503255
4208.0,498.00995023999997,0.4895398767451193
4209.0,497.76119402,0.4895370841052061
4210.0,497.5124378,0.48953429146529287
4211.0,497.5124378,0.4895314988253796
4212.0,497.5124378,0.4895287061854664
4213.0,497.5124378,0.48952591354555314
4214.0,497.5124378,0.48952312090563993
4215.0,497.5124378,0.48952032826572667
4216.0,497.5124378,0.48951753562581346
4217.0,497.5124378,0.48951474298590025
4218.0,497.5124378,0.489511950345987
4219.0,497.5124378,0.4895091577060738
4220.0,497.5124378,0.4895063650661605
4221.0,497.26614452,0.4895035724262473
4222.0,497.01985124,0.48950077978633405
4223.0,496.77355796,0.48949798714642084
4224.0,496.52726468,0.4894951945065076
4225.0,496.2809714,0.4894924018665944
4226.0,496.03467812,0.48948960922668117
4227.0,495.78838484,0.4894868165867679
4228.0,495.54209156,0.4894840239468547
4229.0,495.29579828,0.48948123130694143
4230.0,495.049505,0.4894784386670282
4231.0,495.049505,0.48947564602711496
4232.0,495.049505,0.48947285338720176
4233.0,495.049505,0.48947006074728855
4234.0,495.049505,0.4894672681073753
4235.0,495.049505,0.4894644754674621
4236.0,495.049505,0.4894616828275488
4237.0,495.049505,0.4894588901876356
4238.0,495.049505,0.48945609754772235
4239.0,495.049505,0.48945330490780914
4240.0,495.049505,0.48945051226789593
4241.0,494.80563824,0.48944771962798267
4242.0,494.56177148,0.4894449026843818
4243.0,494.31790472,0.48944207966485903
4244.0,494.07403796,0.4894392566453363
4245.0,493.8301712,0.48943643362581346
4246.0,493.58630444,0.4894336106062907
4247.0,493.34243768,0.4894307875867679
4248.0,493.09857092,0.48942796456724513
4249.0,492.85470416,0.4894251415477224
4250.0,492.6108374,0.48942231852819956
4251.0,492.36936149999997,0.4894194955086768
4252.0,492.12788559999996,0.48941667248915405
4253.0,491.8864097,0.48941384946963123
4254.0,491.6449338,0.4894110264501085
4255.0,491.4034579,0.4894082034305857
4256.0,491.16198199999997,0.4894053804110629
4257.0,490.92050609999995,0.48940255739154015
4258.0,490.6790302,0.4893997343720174
4259.0,490.4375543,0.4893969113524946
4260.0,490.1960784,0.4893940883329718
4261.0,490.1960784,0.489391265313449
4262.0,490.1960784,0.48938844229392625
4263.0,490.1960784,0.4893856192744035
4264.0,490.1960784,0.4893827962548807
4265.0,490.1960784,0.4893799732353579
4266.0,490.1960784,0.48937715021583517
4267.0,490.1960784,0.48937432719631235
4268.0,490.1960784,0.4893715041767896
4269.0,490.1960784,0.48936868115726684
4270.0,490.1960784,0.489365858137744
4271.0,489.95695836,0.48936303511822127
4272.0,489.71783832,0.48936021209869845
4273.0,489.47871827999995,0.4893573890791757
4274.0,489.23959823999996,0.48935456605965294
4275.0,489.0004782,0.4893517430401301
4276.0,488.76135816,0.48934892002060737
4277.0,488.52223812,0.4893460970010846
4278.0,488.28311807999995,0.4893432739815618
4279.0,488.04399803999996,0.48934045096203904
4280.0,487.804878,0.4893376279425163
4281.0,487.804878,0.48933480492299347
4282.0,487.804878,0.4893319819034707
4283.0,487.804878,0.4893291588839479
4284.0,487.804878,0.48932633586442514
4285.0,487.804878,0.4893235128449024
4286.0,487.804878,0.4893206898253796
4287.0,487.804878,0.4893178668058568
4288.0,487.804878,0.4893150073324295
4289.0,487.804878,0.4893121322359002
4290.0,487.804878,0.4893092571393709
4291.0,487.56807951999997,0.48930638204284166
4292.0,487.33128103999996,0.48930350694631236
4293.0,487.09448255999996,0.48930063184978306
4294.0,486.85768407999996,0.48929775675325377
4295.0,486.62088559999995,0.48929488165672447
4296.0,486.38408712,0.4892920065601952
4297.0,486.14728864,0.4892891314636659
4298.0,485.91049016,0.48928625636713663
4299.0,485.67369168,0.48928338127060733
4300.0,485.4368932,0.4892805061740781
4301.0,485.20238262,0.4892776310775488
4302.0,484.96787204,0.4892747559810195
4303.0,484.73336145999997,0.4892718808844902
4304.0,484.49885087999996,0.48926900578796095
4305.0,484.26434029999996,0.48926613069143166
4306.0,484.02982972,0.48926325559490236
4307.0,483.79531914,0.48926038049837306
4308.0,483.56080856,0.4892575054018438
4309.0,483.32629798,0.4892546303053145
4310.0,483.0917874,0.4892517552087852
4311.0,483.0917874,0.4892488801122559
4312.0,483.0917874,0.4892460050157267
4313.0,483.0917874,0.4892431299191974
4314.0,483.0917874,0.4892402548226681
4315.0,483.0917874,0.4892373797261388
4316.0,483.0917874,0.48923450462960955
4317.0,483.0917874,0.48923162953308025
4318.0,483.0917874,0.48922875443655095
4319.0,483.0917874,0.48922587934002165
4320.0,483.0917874,0.4892230042434924
4321.0,482.62949861,0.4892201291469631
4322.0,482.16720982,0.4892172540504338
4323.0,481.70492103,0.4892143789539045
4324.0,481.24263224,0.4892115038573753
4325.0,480.78034345000003,0.489208628760846
4326.0,480.31805466000003,0.4892057536643167
4327.0,479.85576587,0.4892028785677874
4328.0,479.39347708,0.4892000034712581
4329.0,478.93118829,0.48919712837472884
4330.0,478.4688995,0.48919425327819954
4331.0,478.4688995,0.48919137818167024
4332.0,478.4688995,0.48918850308514095
4333.0,478.4688995,0.4891856279886117
4334.0,478.4688995,0.48918271513633405
4335.0,478.4688995,0.4891797771135575
4336.0,478.4688995,0.48917683909078086
4337.0,478.4688995,0.4891739010680043
4338.0,478.4688995,0.4891709630452277
4339.0,478.4688995,0.48916802502245116
4340.0,478.4688995,0.4891650869996746
4341.0,478.4688995,0.489162148976898
4342.0,478.4688995,0.48915921095412146
4343.0,478.4688995,0.4891562729313449
4344.0,478.4688995,0.4891533349085683
4345.0,478.4688995,0.4891503968857917
4346.0,478.4688995,0.48914745886301514
4347.0,478.4688995,0.4891445208402386
4348.0,478.4688995,0.489141582817462
4349.0,478.4688995,0.48913864479468544
4350.0,478.4688995,0.4891357067719089
4351.0,478.24105717000003,0.4891327687491323
4352.0,478.01321484,0.48912983072635574
4353.0,477.78537251,0.4891268927035792
4354.0,477.55753018,0.48912395468080255
4355.0,477.32968785,0.489121016658026
4356.0,477.10184552,0.4891180786352494
4357.0,476.87400319,0.48911514061247285
4358.0,476.64616086,0.4891122025896963
4359.0,476.41831852999996,0.4891092645669197
4360.0,476.1904762,0.48910632654414316
4361.0,476.1904762,0.4891033885213666
4362.0,476.1904762,0.48910045049859
4363.0,476.1904762,0.4890975124758134
4364.0,476.1904762,0.48909457445303683
4365.0,476.1904762,0.48909163643026027
4366.0,476.1904762,0.4890886984074837
4367.0,476.1904762,0.48908576038470714
4368.0,476.1904762,0.48908282236193057
4369.0,476.1904762,0.489079884339154
4370.0,476.1904762,0.48907694631637744
4371.0,475.96479351,0.4890740082936008
4372.0,475.73911082,0.48907107027082425
4373.0,475.51342812999997,0.4890681322480477
4374.0,475.28774544,0.4890651942252711
4375.0,475.06206275,0.48906225620249455
4376.0,474.83638006,0.489059318179718
4377.0,474.61069737,0.4890563801569414
4378.0,474.38501468,0.48905344213416485
4379.0,474.15933199,0.4890505041113883
4380.0,473.9336493,0.48904754113524945
4381.0,473.9336493,0.48904455320574836
4382.0,473.9336493,0.48904156527624726
4383.0,473.9336493,0.48903857734674616
4384.0,473.9336493,0.4890355894172451
4385.0,473.9336493,0.489032601487744
4386.0,473.9336493,0.4890296135582429
4387.0,473.9336493,0.48902662562874183
4388.0,473.9336493,0.4890236376992408
4389.0,473.9336493,0.4890206497697397
4390.0,473.9336493,0.4890176618402386
4391.0,473.71009569,0.4890146739107375
4392.0,473.48654208,0.48901168598123645
4393.0,473.26298847000004,0.48900869805173536
4394.0,473.03943486000003,0.48900571012223426
4395.0,472.81588125,0.48900272219273316
4396.0,472.59232764,0.48899973426323207
4397.0,472.36877403,0.488996746333731
4398.0,472.14522042000004,0.48899375840422993
4399.0,471.92166681000003,0.48899077047472883
4400.0,471.6981132,0.48898778254522773
4401.0,471.47665869,0.4889847946157267
4402.0,471.25520418,0.4889818066862256
4403.0,471.03374967,0.4889788187567245
4404.0,470.81229516,0.4889758308272234
4405.0,470.59084065,0.48897284289772236
4406.0,470.36938614,0.48896985496822126
4407.0,470.14793163,0.48896686703872017
4408.0,469.92647712,0.48896387910921907
4409.0,469.70502261,0.488960891179718
4410.0,469.4835681,0.48895790325021693
4411.0,469.4835681,0.48895491532071583
4412.0,469.4835681,0.48895192739121474
4413.0,469.4835681,0.4889489394617137
4414.0,469.4835681,0.4889459515322126
4415.0,469.4835681,0.4889429636027115
4416.0,469.4835681,0.4889399756732104
4417.0,469.4835681,0.48893698774370936
4418.0,469.4835681,0.48893399981420826
4419.0,469.4835681,0.48893101188470717
4420.0,469.4835681,0.48892802395520607
4421.0,469.26418325000003,0.48892503602570503
4422.0,469.0447984,0.48892204809620393
4423.0,468.82541355,0.48891906016670283
4424.0,468.6060287,0.48891607223720174
4425.0,468.38664385000004,0.48891308430770064
4426.0,468.167259,0.4889100772827549
4427.0,467.94787415,0.4889070416146421
4428.0,467.72848930000004,0.4889040059465293
4429.0,467.50910445,0.4889009702784165
4430.0,467.2897196,0.4888979346103037
4431.0,467.2897196,0.4888948989421909
4432.0,467.2897196,0.48889186327407813
4433.0,467.2897196,0.4888888276059653
4434.0,467.2897196,0.48888579193785253
4435.0,467.2897196,0.4888827562697397
4436.0,467.2897196,0.48887972060162693
4437.0,467.2897196,0.4888766849335141
4438.0,467.2897196,0.48887364926540133
4439.0,467.2897196,0.4888706135972885
4440.0,467.2897196,0.48886757792917573
4441.0,467.2897196,0.4888645422610629
4442.0,467.2897196,0.48886150659295013
4443.0,467.2897196,0.4888584709248373
4444.0,467.2897196,0.48885543525672454
4445.0,467.2897196,0.4888523995886117
4446.0,467.2897196,0.48884936392049894
4447.0,467.2897196,0.4888463282523861
4448.0,467.2897196,0.48884329258427334
4449.0,467.2897196,0.4888402569161605
4450.0,467.2897196,0.48883722124804774
4451.0,467.07237555,0.4888341855799349
4452.0,466.8550315,0.48883114991182214
4453.0,466.63768745,0.4888281142437093
4454.0,466.4203434,0.48882507857559654
4455.0,466.20299935,0.4888220429074837
4456.0,465.9856553,0.48881900723937094
4457.0,465.76831125,0.4888159715712581
4458.0,465.5509672,0.48881293590314534
4459.0,465.33362315,0.4888099002350325
4460.0,465.1162791,0.48880686456691974
4461.0,464.90094748999996,0.4888038288988069
4462.0,464.68561588,0.48880079323069414
4463.0,464.47028427,0.4887977575625813
4464.0,464.25495266,0.48879472189446854
4465.0,464.03962105,0.4887916862263557
4466.0,463.82428944,0.48878865055824294
4467.0,463.60895783,0.4887856148901301
4468.0,463.39362622,0.48878257922201734
4469.0,463.17829461,0.48877954355390457
4470.0,462.962963,0.48877650788579174
4471.0,462.962963,0.488773472217679
4472.0,462.962963,0.4887704111621475
4473.0,462.962963,0.48876729086930587
4474.0,462.962963,0.4887641705764642
4475.0,462.962963,0.48876105028362254
4476.0,462.962963,0.4887579299907809
4477.0,462.962963,0.4887548096979393
4478.0,462.962963,0.4887516894050976
4479.0,462.962963,0.48874856911225595
4480.0,462.962963,0.4887454488194143
4481.0,462.74961601,0.4887423285265727
4482.0,462.53626902,0.488739208233731
4483.0,462.32292203,0.48873608794088935
4484.0,462.10957504,0.48873296764804774
4485.0,461.89622805,0.4887298473552061
4486.0,461.68288106,0.4887267270623644
4487.0,461.46953407,0.48872360676952276
4488.0,461.25618707999996,0.48872048647668115
4489.0,461.04284008999997,0.4887173661838395
4490.0,460.8294931,0.4887142458909978
4491.0,460.8294931,0.48871112559815616
4492.0,460.8294931,0.48870800530531455
4493.0,460.8294931,0.4887048850124729
4494.0,460.8294931,0.4887017647196312
4495.0,460.8294931,0.4886986444267896
4496.0,460.8294931,0.48869552413394796
4497.0,460.8294931,0.4886924038411063
4498.0,460.8294931,0.48868928354826463
4499.0,460.8294931,0.488686163255423
4500.0,460.8294931,0.48868304296258136
4501.0,460.61810342,0.4886799226697397
4502.0,460.40671374,0.48867680237689803
4503.0,460.19532405999996,0.4886736820840564
4504.0,459.98393438,0.48867056179121476
4505.0,459.7725447,0.4886674414983731
4506.0,459.56115502,0.4886643212055315
4507.0,459.34976534,0.48866120091268983
4508.0,459.13837566,0.48865808061984817
4509.0,458.92698598000004,0.4886549603270065
4510.0,458.7155963,0.4886518400341649
4511.0,458.7155963,0.48864871974132323
4512.0,458.7155963,0.48864559944848157
4513.0,458.7155963,0.4886424791556399
4514.0,458.7155963,0.4886393588627983
4515.0,458.7155963,0.48863623856995664
4516.0,458.7155963,0.488633118277115
4517.0,458.7155963,0.48862999798427337
4518.0,458.7155963,0.4886268568604122
4519.0,458.7155963,0.4886236324124729
4520.0,458.7155963,0.48862040796453365
4521.0,458.50613713,0.4886171835165944
4522.0,458.29667796,0.4886139590686551
4523.0,458.08721879,0.48861073462071586
4524.0,457.87775962,0.4886075101727766
4525.0,457.66830045,0.48860428572483733
4526.0,457.45884128,0.48860106127689806
4527.0,457.24938211,0.4885978368289588
4528.0,457.03992294,0.48859461238101953
4529.0,456.83046377,0.48859138793308027
4530.0,456.6210046,0.488588163485141
4531.0,456.41344958999997,0.48858493903720174
4532.0,456.20589458,0.4885817145892625
4533.0,455.99833957,0.4885784901413232
4534.0,455.79078456,0.488575265693384
4535.0,455.58322955,0.48857204124544473
4536.0,455.37567454,0.48856881679750547
4537.0,455.16811953,0.4885655923495662
4538.0,454.96056452,0.48856236790162694
4539.0,454.75300951,0.48855914345368767
4540.0,454.5454545,0.4885559190057484
4541.0,454.5454545,0.48855269455780914
4542.0,454.5454545,0.4885494701098699
4543.0,454.5454545,0.4885462456619306
4544.0,454.5454545,0.48854302121399135
4545.0,454.5454545,0.4885397967660521
4546.0,454.5454545,0.4885365723181128
4547.0,454.5454545,0.48853334787017355
4548.0,454.5454545,0.4885301234222343
4549.0,454.5454545,0.488526898974295
4550.0,454.5454545,0.48852367452635576
4551.0,454.33977783,0.4885204500784165
4552.0,454.13410116,0.4885172256304772
4553.0,453.92842449,0.48851400118253796
4554.0,453.72274782,0.4885107767345987
4555.0,453.51707115,0.48850755228665943
4556.0,453.31139448,0.4885043278387202
4557.0,453.10571781,0.48850110339078096
4558.0,452.90004114,0.4884978789428417
4559.0,452.69436447,0.4884946544949024
4560.0,452.4886878,0.48849143004696316
4561.0,452.4886878,0.4884882055990239
4562.0,452.4886878,0.48848498115108463
4563.0,452.4886878,0.48848175670314536
4564.0,452.4886878,0.48847852314175705
4565.0,452.4886878,0.48847520755932755
4566.0,452.4886878,0.48847189197689805
4567.0,452.4886878,0.48846857639446856
4568.0,452.4886878,0.48846526081203906
4569.0,452.4886878,0.48846194522960956
4570.0,452.4886878,0.48845862964718006
4571.0,452.28486406999997,0.48845531406475057
4572.0,452.08104033999996,0.48845199848232107
4573.0,451.87721661,0.4884486828998916
4574.0,451.67339288,0.4884453673174621
4575.0,451.46956915,0.4884420517350326
4576.0,451.26574542,0.488438736152603
4577.0,451.06192168999996,0.48843542057017353
4578.0,450.85809796,0.48843210498774403
4579.0,450.65427423,0.48842878940531453
4580.0,450.4504505,0.48842547382288504
4581.0,450.24845478,0.48842215824045554
4582.0,450.04645906,0.48841884265802604
4583.0,449.84446334,0.48841552707559655
4584.0,449.64246762,0.48841221149316705
4585.0,449.44047190000003,0.48840889591073755
4586.0,449.23847618,0.48840558032830805
4587.0,449.03648046,0.48840226474587856
4588.0,448.83448474,0.48839894916344906
4589.0,448.63248902000004,0.48839563358101956
4590.0,448.4304933,0.48839231799859
4591.0,448.23030111,0.4883890024161605
4592.0,448.03010892000003,0.488385686833731
4593.0,447.82991673000004,0.4883823712513015
4594.0,447.62972454000004,0.488379055668872
4595.0,447.42953235000004,0.4883757400864425
4596.0,447.22934016,0.488372424504013
4597.0,447.02914797,0.48836910892158353
4598.0,446.82895578,0.48836579333915403
4599.0,446.62876359,0.48836247775672453
4600.0,446.4285714,0.48835916217429504
4601.0,446.2301587,0.48835584659186554
4602.0,446.031746,0.48835253100943604
4603.0,445.8333333,0.48834921542700654
4604.0,445.6349206,0.488345899844577
4605.0,445.43650790000004,0.4883425842621475
4606.0,445.23809520000003,0.488339268679718
4607.0,445.0396825,0.4883359530972885
4608.0,444.8412698,0.488332637514859
4609.0,444.6428571,0.4883293219324295
4610.0,444.4444444,0.48832600635
4611.0,444.24778757,0.4883226235007592
4612.0,444.05113074,0.48831924065151844
4613.0,443.85447391,0.48831585780227765
4614.0,443.65781708000003,0.48831247495303687
4615.0,443.46116025000003,0.4883090921037961
4616.0,443.26450342,0.48830570925455535
4617.0,443.06784659,0.48830232640531457
4618.0,442.87118976,0.4882989435560738
4619.0,442.67453293,0.488295560706833
4620.0,442.4778761,0.4882921778575922
4621.0,442.4778761,0.48828879500835143
4622.0,442.4778761,0.48828541215911064
4623.0,442.4778761,0.48828202930986986
4624.0,442.4778761,0.4882786464606291
4625.0,442.4778761,0.4882752636113883
4626.0,442.4778761,0.4882718807621475
4627.0,442.4778761,0.4882684979129068
4628.0,442.4778761,0.488265115063666
4629.0,442.4778761,0.4882617322144252
4630.0,442.4778761,0.4882583493651844
4631.0,442.28295193,0.48825496651594363
4632.0,442.08802776,0.48825158366670285
4633.0,441.89310359,0.48824820081746206
4634.0,441.69817942,0.4882448179682213
4635.0,441.50325525,0.4882414351189805
4636.0,441.30833108,0.4882380522697397
4637.0,441.11340691,0.4882346694204989
4638.0,440.91848274,0.4882312865712582
4639.0,440.72355856999997,0.4882279037220174
4640.0,440.5286344,0.4882245208727766
4641.0,440.33542008,0.48822113802353584
4642.0,440.14220575999997,0.48821775517429505
4643.0,439.94899144,0.48821437232505427
4644.0,439.75577712,0.4882109894758135
4645.0,439.5625628,0.4882076066265727
4646.0,439.36934848,0.4882042237773319
4647.0,439.17613416,0.48820084092809113
4648.0,438.98291984,0.48819745807885034
4649.0,438.78970552,0.48819407522960956
4650.0,438.5964912,0.48819069238036883
4651.0,438.40496435,0.48818730953112804
4652.0,438.2134375,0.48818392668188726
4653.0,438.02191065,0.4881805438326465
4654.0,437.8303838,0.4881771609834057
4655.0,437.63885695,0.4881737781341649
4656.0,437.4473301,0.4881703952849241
4657.0,437.25580325,0.488166953848807
4658.0,437.0642764,0.4881635059030369
4659.0,436.87274955,0.48816005795726686
4660.0,436.6812227,0.4881566100114968
4661.0,436.6812227,0.48815316206572673
4662.0,436.6812227,0.48814971411995667
4663.0,436.6812227,0.4881462661741866
4664.0,436.6812227,0.48814281822841654
4665.0,436.6812227,0.4881393702826465
4666.0,436.6812227,0.48813592233687636
4667.0,436.6812227,0.4881324743911063
4668.0,436.6812227,0.48812902644533623
4669.0,436.6812227,0.48812557849956617
4670.0,436.6812227,0.4881221305537961
4671.0,436.4913613,0.48811868260802604
4672.0,436.3014999,0.488115234662256
4673.0,436.11163849999997,0.4881117867164859
4674.0,435.9217771,0.48810833877071585
4675.0,435.7319157,0.4881048908249458
4676.0,435.5420543,0.48810144287917573
4677.0,435.35219290000003,0.48809799493340567
4678.0,435.1623315,0.4880945469876356
4679.0,434.9724701,0.48809109904186554
4680.0,434.7826087,0.4880876510960955
4681.0,434.59439112,0.4880842031503254
4682.0,434.40617354,0.4880807552045553
4683.0,434.21795596000004,0.48807730725878523
4684.0,434.02973838,0.48807385931301517
4685.0,433.8415208,0.4880704113672451
4686.0,433.65330322,0.48806696342147504
4687.0,433.46508564,0.488063515475705
4688.0,433.27686806,0.4880600675299349
4689.0,433.08865048,0.48805661958416485
4690.0,432.9004329,0.4880531716383948
4691.0,432.52884455,0.4880497236926247
4692.0,432.1572562,0.48804627574685466
4693.0,431.78566785,0.4880428278010846
4694.0,431.4140795,0.48803937985531454
4695.0,431.04249115,0.4880359319095445
4696.0,430.67090279999996,0.4880324839637744
4697.0,430.29931445,0.48802903601800435
4698.0,429.9277261,0.48802558807223423
4699.0,429.55613775,0.48802214012646417
4700.0,429.1845494,0.4880186921806941
4701.0,429.1845494,0.48801524423492404
4702.0,429.1845494,0.488011796289154
4703.0,429.1845494,0.48800827717201734
4704.0,429.1845494,0.488004740262039
4705.0,429.1845494,0.4880012033520607
4706.0,429.1845494,0.4879976664420824
4707.0,429.1845494,0.4879941295321041
4708.0,429.1845494,0.4879905926221258
4709.0,429.1845494,0.4879870557121475
4710.0,429.1845494,0.48798351880216917
4711.0,429.00113719999996,0.4879799818921909
4712.0,428.817725,0.48797644498221254
4713.0,428.6343128,0.48797290807223426
4714.0,428.4509006,0.48796937116225597
4715.0,428.2674884,0.48796583425227763
4716.0,428.08407619999997,0.48796229734229934
4717.0,427.900664,0.487958760432321
4718.0,427.7172518,0.4879552235223427
4719.0,427.5338396,0.48795168661236443
4720.0,427.3504274,0.4879481497023861
4721.0,427.16857615,0.4879446127924078
4722.0,426.9867249,0.4879410758824295
4723.0,426.80487365,0.4879375389724512
4724.0,426.6230224,0.4879340020624729
4725.0,426.44117115,0.48793046515249455
4726.0,426.2593199,0.48792692824251627
4727.0,426.07746865,0.487923391332538
4728.0,425.8956174,0.48791985442255964
4729.0,425.71376615,0.48791631751258135
4730.0,425.5319149,0.487912780602603
4731.0,425.35160477,0.48790924369262473
4732.0,425.17129464,0.48790570678264644
4733.0,424.99098451000003,0.4879021698726681
4734.0,424.81067438,0.4878986329626898
4735.0,424.63036425,0.4878950960527115
4736.0,424.45005412,0.4878915591427332
4737.0,424.26974399,0.4878880222327549
4738.0,424.08943386000004,0.48788448532277656
4739.0,423.90912373000003,0.4878809484127983
4740.0,423.7288136,0.48787741150282
4741.0,423.55002507,0.48787387459284165
4742.0,423.37123654000004,0.48787033768286336
4743.0,423.19244801,0.487866800772885
4744.0,423.01365948,0.48786326386290674
4745.0,422.83487095,0.48785972695292845
4746.0,422.65608242,0.4878561900429501
4747.0,422.47729389,0.4878526531329718
4748.0,422.29850536,0.4878491162229935
4749.0,422.11971683,0.4878455261502169
4750.0,421.9409283,0.48784191329338394
4751.0,421.76364219,0.487838300436551
4752.0,421.58635608,0.48783468757971804
4753.0,421.40906997,0.48783107472288506
4754.0,421.23178386,0.4878274618660521
4755.0,421.05449775,0.4878238490092191
4756.0,420.87721164,0.4878202361523861
4757.0,420.69992553,0.48781662329555314
4758.0,420.52263942,0.4878130104387202
4759.0,420.34535331,0.48780939758188724
4760.0,420.1680672,0.48780578472505426
4761.0,420.1680672,0.4878021718682213
4762.0,420.1680672,0.4877985590113883
4763.0,420.1680672,0.4877949461545553
4764.0,420.1680672,0.48779133329772234
4765.0,420.1680672,0.4877877204408894
4766.0,420.1680672,0.48778410758405644
4767.0,420.1680672,0.48778049472722346
4768.0,420.1680672,0.4877768818703905
4769.0,420.1680672,0.4877732690135575
4770.0,420.1680672,0.4877696561567245
4771.0,419.99226466,0.48776604329989154
4772.0,419.81646212,0.4877624304430586
4773.0,419.64065958,0.48775881758622563
4774.0,419.46485703999997,0.48775520472939266
4775.0,419.2890545,0.4877515918725597
4776.0,419.11325196,0.4877479790157267
4777.0,418.93744942,0.4877443661588937
4778.0,418.76164688,0.48774075330206074
4779.0,418.58584434,0.4877371404452278
4780.0,418.4100418,0.48773352758839483
4781.0,418.4100418,0.48772991473156185
4782.0,418.4100418,0.4877263018747289
4783.0,418.4100418,0.4877226890178959
4784.0,418.4100418,0.4877190761610629
4785.0,418.4100418,0.48771546330422993
4786.0,418.4100418,0.487711850447397
4787.0,418.4100418,0.48770823759056403
4788.0,418.4100418,0.48770462473373105
4789.0,418.4100418,0.48770101187689807
4790.0,418.4100418,0.4876973990200651
4791.0,418.23570429,0.4876937861632321
4792.0,418.06136678,0.48769017330639913
4793.0,417.88702926999997,0.4876865604495662
4794.0,417.71269176,0.48768294759273323
4795.0,417.53835425,0.48767928396041216
4796.0,417.36401674,0.48767558647776577
4797.0,417.18967923,0.4876718889951193
4798.0,417.01534172,0.4876681915124729
4799.0,416.84100421,0.4876644940298265
4800.0,416.6666667,0.4876607965471801
4801.0,416.49377596,0.48765709906453364
4802.0,416.32088522,0.48765340158188725
4803.0,416.14799448,0.4876497040992408
4804.0,415.97510374,0.48764600661659435
4805.0,415.802213,0.48764230913394796
4806.0,415.62932226,0.4876386116513015
4807.0,415.45643151999997,0.4876349141686551
4808.0,415.28354078,0.4876312166860087
4809.0,415.11065004,0.4876275192033623
4810.0,414.9377593,0.48762382172071583
4811.0,414.9377593,0.48762012423806944
4812.0,414.9377593,0.487616426755423
4813.0,414.9377593,0.4876127292727766
4814.0,414.9377593,0.48760903179013015
4815.0,414.9377593,0.48760533430748376
4816.0,414.9377593,0.4876016368248373
4817.0,414.9377593,0.4875979393421909
4818.0,414.9377593,0.4875942418595445
4819.0,414.9377593,0.487590544376898
4820.0,414.9377593,0.48758684689425164
4821.0,414.9377593,0.4875831494116052
4822.0,414.9377593,0.4875794519289588
4823.0,414.9377593,0.48757575444631235
4824.0,414.9377593,0.48757205696366596
4825.0,414.9377593,0.4875683594810195
4826.0,414.9377593,0.4875646619983731
4827.0,414.9377593,0.48756096451572667
4828.0,414.9377593,0.4875572670330803
4829.0,414.9377593,0.48755356955043383
4830.0,414.9377593,0.48754987206778744
4831.0,414.76629742,0.487546174585141
4832.0,414.59483553999996,0.4875424771024946
4833.0,414.42337366,0.48753877961984815
4834.0,414.25191178,0.4875350821372017
4835.0,414.08044989999996,0.4875313846545553
4836.0,413.90898802,0.48752768717190886
4837.0,413.73752614,0.48752398968926247
4838.0,413.56606426,0.487520292206616
4839.0,413.39460238,0.48751659472396963
4840.0,413.2231405,0.4875128972413232
4841.0,413.05308981999997,0.4875091455119306
4842.0,412.88303914,0.4875053395357917
4843.0,412.71298846,0.4875015335596529
4844.0,412.54293778,0.48749772758351406
4845.0,412.37288709999996,0.48749392160737526
4846.0,412.20283642,0.48749011563123645
4847.0,412.03278574,0.4874863096550976
4848.0,411.86273506,0.4874825036789588
4849.0,411.69268437999995,0.48747869770281993
4850.0,411.5226337,0.4874748917266811
4851.0,411.5226337,0.48747108575054227
4852.0,411.5226337,0.48746727977440346
4853.0,411.5226337,0.48746347379826466
4854.0,411.5226337,0.4874596678221258
4855.0,411.5226337,0.487455861845987
4856.0,411.5226337,0.48745205586984813
4857.0,411.5226337,0.48744824989370933
4858.0,411.5226337,0.48744444391757047
4859.0,411.5226337,0.48744063794143166
4860.0,411.5226337,0.48743683196529286
4861.0,411.35397688999996,0.487433025989154
4862.0,411.18532008,0.4874292200130152
4863.0,411.01666327,0.48742541403687634
4864.0,410.84800645999997,0.48742160806073753
4865.0,410.67934964999995,0.4874178020845987
4866.0,410.51069284,0.48741399610845987
4867.0,410.34203603,0.48741019013232106
4868.0,410.17337921999996,0.4874063841561822
4869.0,410.00472241,0.4874025781800434
4870.0,409.8360656,0.48739877220390454
4871.0,409.8360656,0.48739496622776574
4872.0,409.8360656,0.4873911602516269
4873.0,409.8360656,0.48738735427548807
4874.0,409.8360656,0.48738354829934927
4875.0,409.8360656,0.4873797423232104
4876.0,409.8360656,0.4873759363470716
4877.0,409.8360656,0.48737213037093274
4878.0,409.8360656,0.48736832439479394
4879.0,409.8360656,0.4873645184186551
4880.0,409.8360656,0.4873607124425163
4881.0,409.66878556999995,0.48735690646637747
4882.0,409.50150554,0.4873531004902386
4883.0,409.33422551,0.4873492945140998
4884.0,409.16694548,0.48734548853796095
4885.0,408.99966544999995,0.48734168256182214
4886.0,408.83238542,0.4873378765856833
4887.0,408.66510539,0.4873340254754881
4888.0,408.49782536,0.48733010666420823
4889.0,408.33054532999995,0.4873261878529284
4890.0,408.1632653,0.4873222690416486
4891.0,407.99734527,0.4873183502303688
4892.0,407.83142524,0.487314431419089
4893.0,407.66550521,0.4873105126078091
4894.0,407.49958518,0.4873065937965293
4895.0,407.33366515,0.4873026749852495
4896.0,407.16774512,0.48729875617396967
4897.0,407.00182509,0.4872948373626898
4898.0,406.83590506,0.48729091855141
4899.0,406.66998503,0.4872869997401302
4900.0,406.504065,0.48728308092885037
4901.0,406.33948846000004,0.4872791621175705
4902.0,406.17491192,0.4872752433062907
4903.0,406.01033538,0.48727132449501087
4904.0,405.84575884000003,0.48726740568373106
4905.0,405.68118230000005,0.4872634868724512
4906.0,405.51660576,0.4872595680611714
4907.0,405.35202922,0.48725564924989156
4908.0,405.18745268000004,0.48725173043861175
4909.0,405.02287614,0.4872478116273319
4910.0,404.8582996,0.48724389281605207
4911.0,404.69505029,0.48723997400477226
4912.0,404.53180098,0.48723605519349245
4913.0,404.36855167,0.4872321363822126
4914.0,404.20530236,0.48722821757093276
4915.0,404.04205305,0.48722429875965295
4916.0,403.87880373999997,0.48722037994837314
4917.0,403.71555443,0.48721646113709327
4918.0,403.55230511999997,0.48721254232581346
4919.0,403.38905581,0.48720862351453365
4920.0,403.2258065,0.48720470470325383
4921.0,403.2258065,0.48720078589197396
4922.0,403.2258065,0.48719686708069415
4923.0,403.2258065,0.48719294826941434
4924.0,403.2258065,0.4871890294581345
4925.0,403.2258065,0.48718511064685466
4926.0,403.2258065,0.48718119183557484
4927.0,403.2258065,0.48717727302429503
4928.0,403.2258065,0.4871733542130152
4929.0,403.2258065,0.48716943540173535
4930.0,403.2258065,0.48716551659045554
4931.0,403.06386841999995,0.4871615977791757
4932.0,402.90193034,0.4871576789678959
4933.0,402.73999226,0.48715372891073755
4934.0,402.57805418,0.4871497059465293
4935.0,402.41611609999995,0.4871456829823211
4936.0,402.25417802,0.4871416600181128
4937.0,402.09223994,0.48713763705390456
4938.0,401.93030186,0.48713361408969635
4939.0,401.76836377999996,0.4871295911254881
4940.0,401.6064257,0.48712556816127983
4941.0,401.44578313,0.4871215451970716
4942.0,401.28514056,0.48711752223286336
4943.0,401.12449799,0.4871134992686551
4944.0,400.96385542,0.48710947630444684
4945.0,400.80321285,0.48710545334023864
4946.0,400.64257028,0.4871014303760304
4947.0,400.48192771,0.4870974074118221
4948.0,400.32128514,0.4870933844476139
4949.0,400.16064257,0.48708936148340565
4950.0,400.0,0.4870853385191974
4951.0,399.84063745000003,0.4870813155549892
4952.0,399.6812749,0.4870772925907809
4953.0,399.52191235,0.48707326962657266
4954.0,399.3625498,0.48706924666236445
4955.0,399.20318725000004,0.4870652236981562
4956.0,399.0438247,0.48706120073394793
4957.0,398.88446215,0.4870571777697397
4958.0,398.7250996,0.48705315480553146
4959.0,398.56573705000005,0.4870491318413232
4960.0,398.4063745,0.487045108877115
4961.0,398.24827673000004,0.48704108591290673
4962.0,398.09017896,0.4870370629486985
4963.0,397.93208119,0.48703303998449027
4964.0,397.77398342000004,0.487029017020282
4965.0,397.61588565,0.48702499405607375
4966.0,397.45778788,0.48702097109186554
4967.0,397.29969011000003,0.4870169481276573
4968.0,397.14159234000005,0.487012925163449
4969.0,396.98349457,0.48700890219924076
4970.0,396.8253968,0.48700487923503255
4971.0,396.66854882,0.4870008562708243
4972.0,396.51170084,0.48699683330661603
4973.0,396.35485286,0.4869928103424078
4974.0,396.19800488,0.48698878737819956
4975.0,396.04115690000003,0.4869847644139913
4976.0,395.88430892,0.4869807414497831
4977.0,395.72746094,0.48697671848557483
4978.0,395.57061296,0.48697269552136657
4979.0,395.41376498,0.4869686486883948
4980.0,395.256917,0.48696450638036876
4981.0,395.10130404,0.4869603640723427
4982.0,394.94569108,0.4869562217643167
4983.0,394.79007812,0.48695207945629065
4984.0,394.63446516,0.4869479371482646
4985.0,394.4788522,0.4869437948402386
4986.0,394.32323924,0.48693965253221255
4987.0,394.16762628000004,0.4869355102241866
4988.0,394.01201332,0.48693136791616054
4989.0,393.85640036,0.4869272256081345
4990.0,393.7007874,0.4869230833001085
4991.0,393.54639493,0.48691894099208244
4992.0,393.39200246,0.4869147986840564
4993.0,393.23760999,0.48691065637603037
4994.0,393.08321752,0.48690651406800434
4995.0,392.92882505,0.4869023717599783
4996.0,392.77443258,0.48689822945195227
4997.0,392.62004011,0.48689408714392624
4998.0,392.46564764,0.4868899448359002
4999.0,392.31125517,0.48688580252787417
5000.0,392.1568627,0.48688166021984813
5001.0,392.1568627,0.4868775179118221
5002.0,392.1568627,0.4868733756037961
5003.0,392.1568627,0.4868692332957701
5004.0,392.1568627,0.48686509098774405
5005.0,392.1568627,0.486860948679718
5006.0,392.1568627,0.486856806371692
5007.0,392.1568627,0.48685266406366595
5008.0,392.1568627,0.4868485217556399
5009.0,392.1568627,0.4868443794476139
5010.0,392.1568627,0.48684023713958785
5011.0,392.00367643,0.4868360948315618
5012.0,391.85049016,0.4868319525235358
5013.0,391.69730389,0.48682781021550975
5014.0,391.54411762,0.4868236679074837
5015.0,391.39093134999996,0.4868195255994577
5016.0,391.23774507999997,0.48681538329143165
5017.0,391.08455881,0.4868112409834056
5018.0,390.93137254,0.48680709867537963
5019.0,390.77818627,0.4868029563673536
5020.0,390.625,0.48679881405932757
5021.0,390.47300584,0.48679467175130153
5022.0,390.32101168,0.4867905294432755
5023.0,390.16901752,0.48678638713524947
5024.0,390.01702336,0.48678224482722343
5025.0,389.8650292,0.48677809188665944
5026.0,389.71303504,0.4867738432532538
5027.0,389.56104088,0.48676959461984814
5028.0,389.40904672,0.4867653459864425
5029.0,389.25705256000003,0.48676109735303685
5030.0,389.1050584,0.48675684871963126
5031.0,388.95424248,0.4867526000862256
5032.0,388.80342656,0.48674835145281997
5033.0,388.65261064000003,0.4867441028194143
5034.0,388.50179472,0.4867398541860087
5035.0,388.3509788,0.48673560555260303
5036.0,388.20016288,0.4867313569191974
5037.0,388.04934696,0.48672710828579174
5038.0,387.89853104,0.4867228596523861
5039.0,387.74771512,0.4867186110189805
5040.0,387.5968992,0.48671436238557486
5041.0,387.5968992,0.4867101137521692
5042.0,387.5968992,0.48670586511876357
5043.0,387.5968992,0.4867016164853579
5044.0,387.5968992,0.4866973678519523
5045.0,387.5968992,0.48669311921854663
5046.0,387.5968992,0.486688870585141
5047.0,387.5968992,0.48668462195173534
5048.0,387.5968992,0.4866803733183297
5049.0,387.5968992,0.4866761246849241
5050.0,387.5968992,0.48667187605151846
5051.0,387.44724788999997,0.4866676274181128
5052.0,387.29759658,0.48666337878470717
5053.0,387.14794527,0.4866591301513015
5054.0,386.99829396,0.4866548815178959
5055.0,386.84864265,0.48665063288449023
5056.0,386.69899133999996,0.4866463842510846
5057.0,386.54934003,0.48664213561767894
5058.0,386.39968872,0.48663788698427335
5059.0,386.25003741,0.4866336383508677
5060.0,386.1003861,0.48662938971746206
5061.0,385.95188594999996,0.4866251410840564
5062.0,385.8033858,0.48662089245065077
5063.0,385.65488565,0.4866166438172451
5064.0,385.5063855,0.4866123951838395
5065.0,385.35788535,0.48660814655043383
5066.0,385.2093852,0.4866038979170282
5067.0,385.06088505,0.4865996492836226
5068.0,384.9123849,0.48659540065021695
5069.0,384.76388475000005,0.4865911520168113
5070.0,384.6153846,0.48658690338340566
5071.0,384.46802239000004,0.48658265475
5072.0,384.32066018,0.48657831064262475
5073.0,384.17329797,0.4865739665352495
5074.0,384.02593576000004,0.4865696224278742
5075.0,383.87857355000006,0.48656527832049895
5076.0,383.73121134,0.4865609342131237
5077.0,383.58384913000003,0.48655659010574837
5078.0,383.43648692000005,0.4865522459983731
5079.0,383.28912471,0.48654790189099784
5080.0,383.1417625,0.48654355778362257
5081.0,382.99552518,0.4865392136762473
5082.0,382.84928786,0.48653486956887204
5083.0,382.70305054000005,0.4865305254614968
5084.0,382.55681322000004,0.4865261813541215
5085.0,382.4105759,0.48652183724674625
5086.0,382.26433858,0.486517493139371
5087.0,382.11810126,0.48651314903199566
5088.0,381.97186394000005,0.4865088049246204
5089.0,381.82562662000004,0.48650446081724513
5090.0,381.6793893,0.48650011670986987
5091.0,381.53426406,0.4864957726024946
5092.0,381.38913882,0.48649142849511934
5093.0,381.24401358,0.4864870843877441
5094.0,381.09888834000003,0.4864827402803688
5095.0,380.9537631,0.48647839617299354
5096.0,380.80863786,0.4864740520656183
5097.0,380.66351262,0.486469707958243
5098.0,380.51838738,0.4864653638508677
5099.0,380.37326214,0.48646101974349243
5100.0,380.2281369,0.48645667563611716
5101.0,380.08411108999996,0.4864523315287419
5102.0,379.94008528,0.48644798742136663
5103.0,379.79605947,0.48644364331399137
5104.0,379.65203366,0.4864392992066161
5105.0,379.50800785,0.48643495509924084
5106.0,379.36398204,0.4864306109918656
5107.0,379.21995623,0.4864262668844903
5108.0,379.07593041999996,0.486421922777115
5109.0,378.93190461,0.4864175786697397
5110.0,378.7878788,0.48641323456236446
5111.0,378.7878788,0.4864088904549892
5112.0,378.7878788,0.48640454634761393
5113.0,378.7878788,0.48640020224023867
5114.0,378.7878788,0.4863958581328634
5115.0,378.7878788,0.48639151402548814
5116.0,378.7878788,0.48638716991811287
5117.0,378.7878788,0.4863828258107376
5118.0,378.7878788,0.48637834890650766
5119.0,378.7878788,0.48637385724707166
5120.0,378.7878788,0.4863693655876356
5121.0,378.64493998,0.4863648739281996
5122.0,378.50200115999996,0.4863603822687636
5123.0,378.35906234,0.4863558906093276
5124.0,378.21612352,0.4863513989498916
5125.0,378.07318469999996,0.4863469072904556
5126.0,377.93024588,0.4863424156310196
5127.0,377.78730706,0.48633792397158354
5128.0,377.64436824,0.48633343231214754
5129.0,377.50142941999997,0.48632894065271154
5130.0,377.3584906,0.48632444899327554
5131.0,377.21662649999996,0.48631995733383954
5132.0,377.0747624,0.48631546567440354
5133.0,376.9328983,0.4863109740149675
5134.0,376.7910342,0.4863064823555315
5135.0,376.6491701,0.4863019906960955
5136.0,376.50730599999997,0.4862974990366595
5137.0,376.3654419,0.4862930073772235
5138.0,376.2235778,0.4862885157177875
5139.0,376.0817137,0.48628402405835147
5140.0,375.9398496,0.4862795323989154
5141.0,375.9398496,0.4862750407394794
5142.0,375.9398496,0.4862705490800434
5143.0,375.9398496,0.4862660574206074
5144.0,375.9398496,0.4862615657611714
5145.0,375.9398496,0.4862570741017354
5146.0,375.9398496,0.48625258244229935
5147.0,375.9398496,0.48624809078286335
5148.0,375.9398496,0.48624359912342735
5149.0,375.9398496,0.48623910746399135
5150.0,375.9398496,0.48623461580455535
5151.0,375.9398496,0.48623012414511935
5152.0,375.9398496,0.48622563248568335
5153.0,375.9398496,0.4862211408262473
5154.0,375.9398496,0.4862166491668113
5155.0,375.9398496,0.4862121575073753
5156.0,375.9398496,0.4862076658479393
5157.0,375.9398496,0.4862031741885033
5158.0,375.9398496,0.4861986825290673
5159.0,375.9398496,0.4861941908696312
5160.0,375.9398496,0.4861896992101952
5161.0,375.79904816,0.4861852075507592
5162.0,375.65824672,0.4861807158913232
5163.0,375.51744528,0.4861762242318872
5164.0,375.37664384,0.4861716058505423
5165.0,375.2358424,0.48616695578872016
5166.0,375.09504096,0.48616230572689806
5167.0,374.95423952,0.4861576556650759
5168.0,374.81343807999997,0.4861530056032538
5169.0,374.67263664,0.48614835554143165
5170.0,374.5318352,0.48614370547960956
5171.0,374.5318352,0.4861390554177874
5172.0,374.5318352,0.4861344053559653
5173.0,374.5318352,0.48612975529414315
5174.0,374.5318352,0.48612510523232105
5175.0,374.5318352,0.4861204551704989
5176.0,374.5318352,0.4861158051086768
5177.0,374.5318352,0.48611115504685465
5178.0,374.5318352,0.48610650498503255
5179.0,374.5318352,0.4861018549232104
5180.0,374.5318352,0.4860972048613883
5181.0,374.5318352,0.48609255479956615
5182.0,374.5318352,0.486087904737744
5183.0,374.5318352,0.4860832546759219
5184.0,374.5318352,0.48607860461409974
5185.0,374.5318352,0.48607395455227764
5186.0,374.5318352,0.4860693044904555
5187.0,374.5318352,0.4860646544286334
5188.0,374.5318352,0.48606000436681124
5189.0,374.5318352,0.48605535430498914
5190.0,374.5318352,0.486050704243167
5191.0,374.39208451999997,0.4860460541813449
5192.0,374.25233384,0.48604140411952274
5193.0,374.11258316,0.48603675405770064
5194.0,373.97283248,0.4860321039958785
5195.0,373.8330818,0.4860274539340564
5196.0,373.69333112,0.48602280387223423
5197.0,373.55358044,0.48601815381041213
5198.0,373.41382976,0.48601350374859
5199.0,373.27407908000004,0.4860088536867679
5200.0,373.1343284,0.48600420362494573
5201.0,372.99561675,0.4859995535631236
5202.0,372.8569051,0.4859949035013015
5203.0,372.71819345,0.4859902534394793
5204.0,372.5794818,0.4859856033776572
5205.0,372.44077015000005,0.4859809533158351
5206.0,372.30205850000004,0.485976303254013
5207.0,372.16334685000004,0.4859716531921908
5208.0,372.02463520000003,0.4859670031303687
5209.0,371.88592355000003,0.48596235306854657
5210.0,371.7472119,0.4859575906073752
5211.0,371.60952775000004,0.4859527799750542
5212.0,371.4718436,0.48594796934273315
5213.0,371.33415945,0.4859431587104121
5214.0,371.19647530000003,0.48593834807809105
5215.0,371.05879115000005,0.48593353744577
5216.0,370.921107,0.48592872681344895
5217.0,370.78342285,0.48592391618112796
5218.0,370.64573870000004,0.4859191055488069
5219.0,370.50805455,0.48591429491648586
5220.0,370.3703704,0.4859094842841648
5221.0,370.23370236,0.48590467365184375
5222.0,370.09703432000003,0.48589986301952276
5223.0,369.96036628,0.4858950523872017
5224.0,369.82369824,0.48589024175488066
5225.0,369.6870302,0.4858854311225596
5226.0,369.55036216,0.48588062049023856
5227.0,369.41369412,0.4858758098579175
5228.0,369.27702608,0.4858709992255965
5229.0,369.14035804,0.48586618859327546
5230.0,369.00369,0.4858613779609544
5231.0,368.86802688,0.48585656732863336
5232.0,368.73236376,0.4858517566963123
5233.0,368.59670064,0.4858469460639913
5234.0,368.46103752,0.48584213543167026
5235.0,368.3253744,0.4858373247993492
5236.0,368.18971128000004,0.48583251416702816
5237.0,368.05404816000004,0.4858277035347071
5238.0,367.91838504000003,0.48582289290238606
5239.0,367.78272192000003,0.48581808227006507
5240.0,367.6470588,0.485813271637744
5241.0,367.51238955,0.48580846100542296
5242.0,367.3777203,0.4858036503731019
5243.0,367.24305105,0.48579883974078086
5244.0,367.1083818,0.48579402910845987
5245.0,366.97371255,0.4857892184761388
5246.0,366.8390433,0.48578440784381777
5247.0,366.70437405,0.4857795972114967
5248.0,366.5697048,0.48577478657917567
5249.0,366.43503555,0.4857699759468546
5250.0,366.3003663,0.4857651653145336
5251.0,366.3003663,0.48576035468221257
5252.0,366.3003663,0.4857555440498915
5253.0,366.3003663,0.48575073341757047
5254.0,366.3003663,0.4857459227852494
5255.0,366.3003663,0.48574111215292837
5256.0,366.3003663,0.4857362090828633
5257.0,366.3003663,0.48573124438763554
5258.0,366.3003663,0.4857262796924078
5259.0,366.3003663,0.48572131499718
5260.0,366.3003663,0.48571635030195226
5261.0,366.16668003,0.4857113856067245
5262.0,366.03299376,0.48570642091149674
5263.0,365.89930749,0.485701456216269
5264.0,365.76562122,0.4856964915210412
5265.0,365.63193495,0.48569152682581346
5266.0,365.49824868,0.48568656213058564
5267.0,365.36456241,0.4856815974353579
5268.0,365.23087614,0.4856766327401301
5269.0,365.09718987,0.48567166804490236
5270.0,364.9635036,0.4856667033496746
5271.0,364.9635036,0.48566173865444684
5272.0,364.9635036,0.4856567739592191
5273.0,364.9635036,0.4856518092639913
5274.0,364.9635036,0.48564684456876356
5275.0,364.9635036,0.4856418798735358
5276.0,364.9635036,0.48563691517830804
5277.0,364.9635036,0.4856319504830803
5278.0,364.9635036,0.48562698578785246
5279.0,364.9635036,0.4856220210926247
5280.0,364.9635036,0.48561705639739694
5281.0,364.8307896,0.4856120917021692
5282.0,364.69807560000004,0.4856071270069414
5283.0,364.5653616,0.48560216231171366
5284.0,364.4326476,0.4855971976164859
5285.0,364.29993360000003,0.48559223292125814
5286.0,364.1672196,0.4855872682260304
5287.0,364.0345056,0.4855823035308026
5288.0,363.90179159999997,0.48557733883557486
5289.0,363.7690776,0.4855723741403471
5290.0,363.6363636,0.4855674094451193
5291.0,363.50461129999997,0.4855624447498915
5292.0,363.372859,0.48555748005466376
5293.0,363.2411067,0.485552515359436
5294.0,363.1093544,0.48554755066420824
5295.0,362.9776021,0.4855425859689805
5296.0,362.8458498,0.4855376212737527
5297.0,362.7140975,0.48553265657852496
5298.0,362.58234519999996,0.4855276918832972
5299.0,362.4505929,0.48552272718806944
5300.0,362.3188406,0.4855177624928417
5301.0,362.3188406,0.4855127977976139
5302.0,362.3188406,0.48550775607201735
5303.0,362.3188406,0.4855026373160521
5304.0,362.3188406,0.48549751856008677
5305.0,362.3188406,0.48549239980412146
5306.0,362.3188406,0.4854872810481562
5307.0,362.3188406,0.4854821622921909
5308.0,362.3188406,0.4854770435362256
5309.0,362.3188406,0.4854719247802603
5310.0,362.3188406,0.48546680602429504
5311.0,362.18803957,0.4854616872683297
5312.0,362.05723854,0.4854565685123644
5313.0,361.92643750999997,0.48545144975639914
5314.0,361.79563648,0.48544633100043383
5315.0,361.66483545,0.48544121224446857
5316.0,361.53403442,0.48543609348850325
5317.0,361.40323339,0.48543097473253793
5318.0,361.27243236,0.4854258559765727
5319.0,361.14163133,0.48542073722060736
5320.0,361.0108303,0.4854156184646421
5321.0,360.88097029,0.4854104997086768
5322.0,360.75111028000003,0.4854053809527115
5323.0,360.62125027,0.4854002621967462
5324.0,360.49139026,0.4853951434407809
5325.0,360.36153025,0.4853900246848156
5326.0,360.23167024,0.4853849059288503
5327.0,360.10181023,0.48537978717288505
5328.0,359.97195022,0.48537466841691973
5329.0,359.84209021000004,0.4853695496609544
5330.0,359.7122302,0.48536443090498915
5331.0,359.7122302,0.48535931214902384
5332.0,359.7122302,0.4853541933930586
5333.0,359.7122302,0.48534907463709326
5334.0,359.7122302,0.485343955881128
5335.0,359.7122302,0.4853388371251627
5336.0,359.7122302,0.48533371836919736
5337.0,359.7122302,0.4853285996132321
5338.0,359.7122302,0.4853234808572668
5339.0,359.7122302,0.4853183621013015
5340.0,359.7122302,0.4853132433453362
5341.0,359.7122302,0.4853081245893709
5342.0,359.7122302,0.48530300583340563
5343.0,359.7122302,0.4852978870774403
5344.0,359.7122302,0.48529276832147505
5345.0,359.7122302,0.48528764956550974
5346.0,359.7122302,0.4852825308095445
5347.0,359.7122302,0.48527741205357916
5348.0,359.7122302,0.48527222472928416
5349.0,359.7122302,0.4852669345524946
5350.0,359.7122302,0.48526164437570496
5351.0,359.58330109,0.4852563541989154
5352.0,359.45437198,0.4852510640221258
5353.0,359.32544287,0.48524577384533624
5354.0,359.19651376,0.4852404836685466
5355.0,359.06758465,0.48523519349175703
5356.0,358.93865554,0.48522990331496746
5357.0,358.80972643,0.4852246131381779
5358.0,358.68079732,0.48521932296138826
5359.0,358.55186821,0.4852140327845987
5360.0,358.4229391,0.4852087426078091
5361.0,358.2949309,0.48520345243101953
5362.0,358.1669227,0.4851981622542299
5363.0,358.03891450000003,0.48519287207744033
5364.0,357.9109063,0.48518758190065076
5365.0,357.7828981,0.4851822917238612
5366.0,357.6548899,0.4851770015470716
5367.0,357.5268817,0.485171711370282
5368.0,357.39887350000004,0.4851664211934924
5369.0,357.2708653,0.48516113101670283
5370.0,357.1428571,0.48515584083991325
5371.0,357.01576,0.4851505506631236
5372.0,356.8886629,0.48514526048633405
5373.0,356.7615658,0.4851399703095445
5374.0,356.6344687,0.4851346801327549
5375.0,356.5073716,0.4851293899559653
5376.0,356.3802745,0.4851240997791757
5377.0,356.25317739999997,0.4851188096023861
5378.0,356.1260803,0.48511351942559655
5379.0,355.9989832,0.485108229248807
5380.0,355.8718861,0.48510293907201735
5381.0,355.8718861,0.4850976488952278
5382.0,355.8718861,0.4850923587184382
5383.0,355.8718861,0.4850870685416486
5384.0,355.8718861,0.485081778364859
5385.0,355.8718861,0.4850764881880694
5386.0,355.8718861,0.48507119801127985
5387.0,355.8718861,0.4850659078344903
5388.0,355.8718861,0.48506061765770064
5389.0,355.8718861,0.48505532748091107
5390.0,355.8718861,0.4850500373041215
5391.0,355.7456904,0.4850447471273319
5392.0,355.61949469999996,0.4850394569505423
5393.0,355.493299,0.4850341667737527
5394.0,355.3671033,0.48502882061377445
5395.0,355.2409076,0.48502334382635576
5396.0,355.1147119,0.4850178670389371
5397.0,354.9885162,0.48501239025151843
5398.0,354.8623205,0.4850069134640998
5399.0,354.73612479999997,0.48500143667668116
5400.0,354.6099291,0.4849959598892625
5401.0,354.48462524,0.48499048310184384
5402.0,354.35932138,0.48498500631442515
5403.0,354.23401752,0.4849795295270065
5404.0,354.10871366,0.4849740527395879
5405.0,353.9834098,0.4849685759521692
5406.0,353.85810594000003,0.48496309916475056
5407.0,353.73280208,0.4849576223773319
5408.0,353.60749822,0.48495214558991323
5409.0,353.48219436,0.4849466688024946
5410.0,353.3568905,0.4849411920150759
5411.0,353.3568905,0.48493571522765727
5412.0,353.3568905,0.48493023844023864
5413.0,353.3568905,0.48492476165281995
5414.0,353.3568905,0.4849192848654013
5415.0,353.3568905,0.4849138080779826
5416.0,353.3568905,0.484908331290564
5417.0,353.3568905,0.48490285450314535
5418.0,353.3568905,0.48489737771572666
5419.0,353.3568905,0.48489190092830803
5420.0,353.3568905,0.48488642414088934
5421.0,353.23246906,0.4848809473534707
5422.0,353.10804762000004,0.48487547056605207
5423.0,352.98362618,0.4848699937786334
5424.0,352.85920474,0.48486451699121474
5425.0,352.7347833,0.4848590402037961
5426.0,352.61036186,0.4848535634163774
5427.0,352.48594042,0.4848480866289588
5428.0,352.36151897999997,0.4848426098415401
5429.0,352.23709754,0.48483713305412146
5430.0,352.1126761,0.4848316562667028
5431.0,351.98912779,0.48482617947928414
5432.0,351.86557948,0.4848207026918655
5433.0,351.74203116999996,0.4848152259044468
5434.0,351.61848286,0.4848097491170282
5435.0,351.49493455,0.48480427232960954
5436.0,351.37138624,0.48479879554219085
5437.0,351.24783793,0.4847933187547722
5438.0,351.12428961999996,0.4847878419673536
5439.0,351.00074130999997,0.4847823651799349
5440.0,350.877193,0.48477684629685464
5441.0,350.877193,0.48477115903112794
5442.0,350.877193,0.4847654717654013
5443.0,350.877193,0.4847597844996746
5444.0,350.877193,0.4847540972339479
5445.0,350.877193,0.4847484099682212
5446.0,350.877193,0.4847427227024946
5447.0,350.877193,0.4847370354367679
5448.0,350.877193,0.4847313481710412
5449.0,350.877193,0.4847256609053145
5450.0,350.877193,0.48471997363958785
5451.0,350.75450866999995,0.48471428637386116
5452.0,350.63182434,0.48470859910813446
5453.0,350.50914001,0.48470291184240777
5454.0,350.38645568,0.48469722457668113
5455.0,350.26377134999996,0.48469153731095443
5456.0,350.14108702,0.48468585004522774
5457.0,350.01840269,0.48468016277950104
5458.0,349.89571836,0.4846744755137744
5459.0,349.77303402999996,0.4846687882480477
5460.0,349.6503497,0.484663100982321
5461.0,349.52852029999997,0.4846574137165944
5462.0,349.4066909,0.4846517264508677
5463.0,349.2848615,0.484646039185141
5464.0,349.1630321,0.4846403519194143
5465.0,349.0412027,0.48463466465368765
5466.0,348.91937329999996,0.48462897738796096
5467.0,348.7975439,0.48462329012223426
5468.0,348.67571449999997,0.48461760285650757
5469.0,348.5538851,0.48461191559078093
5470.0,348.4320557,0.48460622832505423
5471.0,348.4320557,0.48460054105932754
5472.0,348.4320557,0.48459485379360084
5473.0,348.4320557,0.4845891665278742
5474.0,348.4320557,0.4845834792621475
5475.0,348.4320557,0.4845777919964208
5476.0,348.4320557,0.4845721047306941
5477.0,348.4320557,0.4845664174649675
5478.0,348.4320557,0.4845607301992408
5479.0,348.4320557,0.4845550429335141
5480.0,348.4320557,0.4845493556677874
5481.0,348.31107234999996,0.48454366840206076
5482.0,348.190089,0.48453798113633406
5483.0,348.06910565,0.48453229387060737
5484.0,347.94812229999997,0.48452660660488067
5485.0,347.82713894999995,0.48452091933915403
5486.0,347.7061556,0.48451521145954446
5487.0,347.58517224999997,0.48450931805498915
5488.0,347.46418889999995,0.48450342465043383
5489.0,347.34320555,0.4844975312458785
5490.0,347.2222222,0.4844916378413232
5491.0,347.2222222,0.4844857444367679
5492.0,347.2222222,0.4844798510322126
5493.0,347.2222222,0.48447395762765727
5494.0,347.2222222,0.48446806422310196
5495.0,347.2222222,0.48446217081854664
5496.0,347.2222222,0.48445627741399133
5497.0,347.2222222,0.484450384009436
5498.0,347.2222222,0.4844444906048807
5499.0,347.2222222,0.4844385972003254
5500.0,347.2222222,0.4844327037957701
5501.0,347.1020761,0.48442681039121477
5502.0,346.98193,0.48442091698665946
5503.0,346.8617839,0.48441502358210414
5504.0,346.7416378,0.48440913017754883
5505.0,346.6214917,0.4844032367729935
5506.0,346.5013456,0.4843973433684382
5507.0,346.3811995,0.4843914499638829
5508.0,346.2610534,0.4843855565593276
5509.0,346.1409073,0.48437966315477227
5510.0,346.0207612,0.48437376975021695
5511.0,346.0207612,0.48436787634566164
5512.0,346.0207612,0.48436198294110633
5513.0,346.0207612,0.484356089536551
5514.0,346.0207612,0.48435019613199565
5515.0,346.0207612,0.48434430272744033
5516.0,346.0207612,0.484338409322885
5517.0,346.0207612,0.4843325159183297
5518.0,346.0207612,0.4843266225137744
5519.0,346.0207612,0.4843207291092191
5520.0,346.0207612,0.48431483570466377
5521.0,345.90144369999996,0.48430894230010846
5522.0,345.7821262,0.48430304889555315
5523.0,345.66280869999997,0.48429715549099783
5524.0,345.5434912,0.4842912620864425
5525.0,345.4241737,0.4842853686818872
5526.0,345.30485619999996,0.4842794752773319
5527.0,345.1855387,0.4842735818727766
5528.0,345.0662212,0.48426768846822127
5529.0,344.9469037,0.48426179506366596
5530.0,344.8275862,0.48425590165911064
5531.0,344.8275862,0.48425000825455533
5532.0,344.8275862,0.48424411485
5533.0,344.8275862,0.48423798058752715
5534.0,344.8275862,0.4842318463250542
5535.0,344.8275862,0.48422571206258136
5536.0,344.8275862,0.4842195778001085
5537.0,344.8275862,0.48421344353763557
5538.0,344.8275862,0.4842073092751627
5539.0,344.8275862,0.48420117501268983
5540.0,344.8275862,0.4841950407502169
5541.0,344.70908875,0.48418890648774404
5542.0,344.59059129999997,0.4841827722252712
5543.0,344.47209384999996,0.48417663796279825
5544.0,344.35359639999996,0.4841705037003254
5545.0,344.23509894999995,0.4841643694378525
5546.0,344.1166015,0.4841582351753796
5547.0,343.99810405,0.4841521009129067
5548.0,343.8796066,0.48414596665043386
5549.0,343.76110915,0.48413983238796093
5550.0,343.6426117,0.48413369812548807
5551.0,343.52492586999995,0.4841275638630152
5552.0,343.40724004,0.4841214296005423
5553.0,343.28955421,0.4841152953380694
5554.0,343.17186838,0.48410916107559654
5555.0,343.05418254999995,0.4841030268131236
5556.0,342.93649672,0.48409689255065075
5557.0,342.81881089,0.4840907582881779
5558.0,342.70112506,0.48408462402570496
5559.0,342.58343922999995,0.4840784897632321
5560.0,342.4657534,0.4840723555007592
5561.0,342.4657534,0.4840662212382863
5562.0,342.4657534,0.48406008697581343
5563.0,342.4657534,0.48405395271334056
5564.0,342.4657534,0.48404781845086764
5565.0,342.4657534,0.48404168418839477
5566.0,342.4657534,0.4840355499259219
5567.0,342.4657534,0.484029415663449
5568.0,342.4657534,0.4840232814009761
5569.0,342.4657534,0.48401714713850325
5570.0,342.4657534,0.4840110128760304
5571.0,342.34887089,0.48400487861355745
5572.0,342.23198837999996,0.4839987443510846
5573.0,342.11510587,0.4839926100886117
5574.0,341.99822336,0.4839864758261388
5575.0,341.88134085,0.48398034156366593
5576.0,341.76445834,0.48397420730119306
5577.0,341.64757583,0.48396807303872014
5578.0,341.53069332,0.48396193877624727
5579.0,341.41381081,0.4839555721195227
5580.0,341.2969283,0.4839491796412147
5581.0,341.18084091,0.4839427871629067
5582.0,341.06475352,0.48393639468459865
5583.0,340.94866613,0.4839300022062906
5584.0,340.83257874,0.4839236097279826
5585.0,340.71649134999996,0.48391721724967457
5586.0,340.60040396,0.48391082477136654
5587.0,340.48431657,0.4839044322930586
5588.0,340.36822917999996,0.48389803981475055
5589.0,340.25214179,0.4838916473364425
5590.0,340.1360544,0.4838852548581345
5591.0,340.02075404,0.48387886237982647
5592.0,339.90545368,0.48387246990151844
5593.0,339.79015332,0.4838660774232104
5594.0,339.67485296,0.4838596849449024
5595.0,339.55955259999996,0.48385329246659436
5596.0,339.44425223999997,0.48384689998828634
5597.0,339.32895188,0.4838405075099783
5598.0,339.21365152,0.4838341150316703
5599.0,339.09835116,0.48382772255336226
5600.0,338.9830508,0.48382133007505423
5601.0,338.9830508,0.4838149375967462
5602.0,338.9830508,0.4838085451184382
5603.0,338.9830508,0.48380215264013016
5604.0,338.9830508,0.48379576016182213
5605.0,338.9830508,0.4837893676835141
5606.0,338.9830508,0.4837829752052061
5607.0,338.9830508,0.48377658272689805
5608.0,338.9830508,0.48377019024859
5609.0,338.9830508,0.483763797770282
5610.0,338.9830508,0.483757405291974
5611.0,338.8685295,0.48375101281366595
5612.0,338.7540082,0.4837446203353579
5613.0,338.6394869,0.4837382278570499
5614.0,338.5249656,0.48373183537874187
5615.0,338.4104443,0.48372544290043384
5616.0,338.295923,0.4837190504221258
5617.0,338.1814017,0.4837126579438178
5618.0,338.0668804,0.48370626546550977
5619.0,337.95235909999997,0.48369987298720174
5620.0,337.8378378,0.4836934805088937
5621.0,337.72408769,0.4836870880305857
5622.0,337.61033757999996,0.48368069555227766
5623.0,337.49658747,0.48367430307396964
5624.0,337.38283736,0.4836679105956616
5625.0,337.26908725,0.4836613306396963
5626.0,337.15533714,0.4836547038143167
5627.0,337.04158702999996,0.4836480769889371
5628.0,336.92783692,0.4836414501635575
5629.0,336.81408681,0.48363482333817787
5630.0,336.7003367,0.48362819651279826
5631.0,336.7003367,0.48362156968741865
5632.0,336.7003367,0.48361494286203904
5633.0,336.7003367,0.48360831603665944
5634.0,336.7003367,0.48360168921127983
5635.0,336.7003367,0.4835950623859002
5636.0,336.7003367,0.4835884355605206
5637.0,336.7003367,0.483581808735141
5638.0,336.7003367,0.4835751819097614
5639.0,336.7003367,0.4835685550843818
5640.0,336.7003367,0.4835619282590022
5641.0,336.58735000999997,0.4835553014336226
5642.0,336.47436332,0.48354867460824297
5643.0,336.36137663,0.48354204778286336
5644.0,336.24838994,0.48353542095748375
5645.0,336.13540324999997,0.48352879413210414
5646.0,336.02241656,0.48352216730672454
5647.0,335.90942987,0.48351554048134493
5648.0,335.79644318,0.4835089136559653
5649.0,335.68345649,0.4835022868305857
5650.0,335.5704698,0.4834956600052061
5651.0,335.45823887,0.4834890331798265
5652.0,335.34600794,0.4834824063544469
5653.0,335.23377701,0.4834757795290673
5654.0,335.12154608,0.4834691527036877
5655.0,335.00931515,0.48346252587830807
5656.0,334.89708422,0.48345589905292846
5657.0,334.78485329,0.48344927222754885
5658.0,334.67262236,0.48344264540216925
5659.0,334.56039143,0.48343601857678964
5660.0,334.4481605,0.48342939175141003
5661.0,334.33667777999995,0.48342276492603037
5662.0,334.22519506,0.48341613810065076
5663.0,334.11371234,0.48340951127527115
5664.0,334.00222962,0.48340288444989155
5665.0,333.89074689999995,0.48339625762451194
5666.0,333.77926418,0.48338963079913233
5667.0,333.66778146,0.4833830039737527
5668.0,333.55629874,0.4833763771483731
5669.0,333.44481601999996,0.4833697503229935
5670.0,333.3333333,0.4833631234976139
5671.0,333.3333333,0.4833563341477224
5672.0,333.3333333,0.4833494751444686
5673.0,333.3333333,0.48334261614121476
5674.0,333.3333333,0.483335757137961
5675.0,333.3333333,0.4833288981347072
5676.0,333.3333333,0.4833220391314534
5677.0,333.3333333,0.48331518012819963
5678.0,333.3333333,0.4833083211249458
5679.0,333.3333333,0.483301462121692
5680.0,333.3333333,0.4832946031184382
5681.0,333.22259133,0.48328774411518444
5682.0,333.11184936,0.4832808851119306
5683.0,333.00110739,0.4832740261086768
5684.0,332.89036542,0.48326716710542306
5685.0,332.77962345000003,0.48326030810216924
5686.0,332.66888148,0.48325344909891543
5687.0,332.55813951,0.4832465900956616
5688.0,332.44739754,0.48323973109240786
5689.0,332.33665557,0.48323287208915405
5690.0,332.2259136,0.48322601308590024
5691.0,332.11590502,0.4832191540826465
5692.0,332.00589644,0.4832122950793927
5693.0,331.89588786,0.48320543607613886
5694.0,331.78587928,0.48319857707288505
5695.0,331.6758707,0.4831917180696313
5696.0,331.56586212,0.4831848590663775
5697.0,331.45585354,0.48317800006312367
5698.0,331.34584496,0.4831711410598699
5699.0,331.23583638,0.4831642820566161
5700.0,331.1258278,0.4831574230533623
5701.0,331.1258278,0.4831505640501085
5702.0,331.1258278,0.4831437050468547
5703.0,331.1258278,0.4831368460436009
5704.0,331.1258278,0.4831299870403471
5705.0,331.1258278,0.48312312803709334
5706.0,331.1258278,0.48311626903383953
5707.0,331.1258278,0.4831094100305857
5708.0,331.1258278,0.4831025510273319
5709.0,331.1258278,0.48309569202407815
5710.0,331.1258278,0.48308883302082434
5711.0,330.90798186,0.4830819740175705
5712.0,330.69013592000005,0.48307511501431677
5713.0,330.47228998,0.48306825601106296
5714.0,330.25444404,0.48306139700780915
5715.0,330.0365981,0.48305453800455533
5716.0,329.81875216000003,0.4830476790013016
5717.0,329.60090622,0.48304066116268984
5718.0,329.38306028,0.48303353743383953
5719.0,329.16521434000003,0.48302641370498917
5720.0,328.9473684,0.48301928997613885
5721.0,329.05593189,0.48301216624728854
5722.0,329.16449538,0.48300504251843823
5723.0,329.27305887,0.48299791878958787
5724.0,329.38162236,0.48299079506073755
5725.0,329.49018585,0.48298367133188724
5726.0,329.59874934000004,0.48297654760303693
5727.0,329.70731283000003,0.48296942387418657
5728.0,329.81587632000003,0.48296230014533625
5729.0,329.92443981,0.48295517641648594
5730.0,330.0330033,0.4829480526876356
5731.0,329.92443981,0.48294092895878526
5732.0,329.81587632000003,0.48293380522993495
5733.0,329.70731283000003,0.48292668150108464
5734.0,329.59874934000004,0.4829195577722343
5735.0,329.49018585,0.48291243404338396
5736.0,329.38162236,0.48290531031453365
5737.0,329.27305887,0.4828981865856833
5738.0,329.16449538,0.482891062856833
5739.0,329.05593189,0.48288393912798266
5740.0,328.9473684,0.48287681539913235
5741.0,328.83951681,0.482869691670282
5742.0,328.73166522,0.4828625679414317
5743.0,328.62381363000003,0.48285544421258136
5744.0,328.51596204000003,0.48284832048373105
5745.0,328.40811045,0.4828411967548807
5746.0,328.30025886,0.4828340730260304
5747.0,328.19240727,0.48282694929718006
5748.0,328.08455568,0.4828198255683297
5749.0,327.97670409,0.4828127018394794
5750.0,327.8688525,0.4828055781106291
5751.0,327.76170581,0.48279845438177876
5752.0,327.65455912,0.4827913306529284
5753.0,327.54741243,0.4827842069240781
5754.0,327.44026574,0.4827770831952278
5755.0,327.33311905,0.48276995946637746
5756.0,327.22597236,0.4827628357375271
5757.0,327.11882567,0.4827557120086768
5758.0,327.01167898,0.4827485882798265
5759.0,326.90453228999996,0.4827414645509761
5760.0,326.7973856,0.4827343408221258
5761.0,326.69093694,0.4827272170932755
5762.0,326.58448827999996,0.4827200933644252
5763.0,326.47803962,0.4827128036393709
5764.0,326.37159096,0.4827053479181128
5765.0,326.2651423,0.48269789219685466
5766.0,326.15869363999997,0.4826904364755965
5767.0,326.05224497999995,0.4826829807543384
5768.0,325.94579632,0.48267552503308025
5769.0,325.83934766,0.4826680693118221
5770.0,325.732899,0.482660613590564
5771.0,325.62714157,0.48265315786930585
5772.0,325.52138413999995,0.4826457021480477
5773.0,325.41562670999997,0.4826382464267896
5774.0,325.30986928,0.48263079070553144
5775.0,325.20411185,0.4826233349842733
5776.0,325.09835441999996,0.4826158792630152
5777.0,324.99259699,0.48260842354175704
5778.0,324.88683956,0.4826009678204989
5779.0,324.78108212999996,0.4825935120992408
5780.0,324.6753247,0.48258605637798263
5781.0,324.6753247,0.4825786006567245
5782.0,324.6753247,0.4825711449354664
5783.0,324.6753247,0.4825636892142082
5784.0,324.6753247,0.48255623349295007
5785.0,324.6753247,0.482548777771692
5786.0,324.6753247,0.4825413220504338
5787.0,324.6753247,0.4825338663291757
5788.0,324.6753247,0.48252641060791757
5789.0,324.6753247,0.4825189548866594
5790.0,324.6753247,0.4825114991654013
5791.0,324.57025178,0.48250404344414316
5792.0,324.46517886,0.482496587722885
5793.0,324.36010594,0.4824891320016269
5794.0,324.25503302,0.48248167628036875
5795.0,324.1499601,0.4824742205591106
5796.0,324.04488718,0.4824667648378525
5797.0,323.93981426,0.48245930911659435
5798.0,323.83474134,0.4824518533953362
5799.0,323.72966842,0.4824443976740781
5800.0,323.6245955,0.48243694195281994
5801.0,323.6245955,0.4824294862315618
5802.0,323.6245955,0.4824220305103037
5803.0,323.6245955,0.48241457478904554
5804.0,323.6245955,0.4824071190677874
5805.0,323.6245955,0.4823996633465293
5806.0,323.6245955,0.48239220762527113
5807.0,323.6245955,0.482384751904013
5808.0,323.6245955,0.4823772961827549
5809.0,323.6245955,0.4823697033248373
5810.0,323.6245955,0.4823619047619306
5811.0,323.41647679,0.48235410619902386
5812.0,323.20835808,0.48234630763611713
5813.0,323.00023937,0.4823385090732104
5814.0,322.79212065999997,0.4823307105103037
5815.0,322.58400195,0.48232291194739696
5816.0,322.37588324,0.48231511338449023
5817.0,322.16776453,0.4823073148215835
5818.0,321.95964582,0.4822995162586768
5819.0,321.75152711,0.48229171769577006
5820.0,321.5434084,0.48228391913286334
5821.0,321.5434084,0.4822761205699566
5822.0,321.5434084,0.4822683220070499
5823.0,321.5434084,0.48226052344414316
5824.0,321.5434084,0.48225272488123644
5825.0,321.5434084,0.4822449263183297
5826.0,321.5434084,0.482237127755423
5827.0,321.5434084,0.48222932919251627
5828.0,321.5434084,0.48222153062960954
5829.0,321.5434084,0.4822137320667028
5830.0,321.5434084,0.4822059335037961
5831.0,321.44034961,0.48219813494088937
5832.0,321.33729081999996,0.48219033637798264
5833.0,321.23423203,0.4821825378150759
5834.0,321.13117323999995,0.4821747392521692
5835.0,321.02811445,0.48216694068926247
5836.0,320.92505566,0.48215914212635574
5837.0,320.82199686999996,0.482151343563449
5838.0,320.71893808,0.4821435450005423
5839.0,320.61587928999995,0.48213574643763557
5840.0,320.5128205,0.48212794787472885
5841.0,320.5128205,0.4821201493118221
5842.0,320.5128205,0.4821123507489154
5843.0,320.5128205,0.4821045521860087
5844.0,320.5128205,0.48209675362310195
5845.0,320.5128205,0.4820889550601952
5846.0,320.5128205,0.4820811564972885
5847.0,320.5128205,0.4820733579343818
5848.0,320.5128205,0.48206555937147505
5849.0,320.5128205,0.4820577608085683
5850.0,320.5128205,0.4820499622456616
5851.0,320.41042024,0.4820421636827549
5852.0,320.30801998,0.48203436511984815
5853.0,320.20561971999996,0.4820265665569414
5854.0,320.10321946,0.4820187679940347
5855.0,320.0008192,0.4820108776451193
5856.0,319.89841894,0.4820027731288503
5857.0,319.79601868,0.48199466861258133
5858.0,319.69361842,0.48198656409631235
5859.0,319.59121816000004,0.4819784595800434
5860.0,319.4888179,0.4819703550637744
5861.0,319.38706987,0.4819622505475054
5862.0,319.28532184,0.48195414603123643
5863.0,319.18357381000004,0.48194604151496745
5864.0,319.08182578000003,0.48193793699869847
5865.0,318.98007775,0.4819298324824295
5866.0,318.87832972,0.4819217279661605
5867.0,318.77658169,0.4819136234498915
5868.0,318.67483366000005,0.48190551893362255
5869.0,318.57308563000004,0.48189741441735356
5870.0,318.4713376,0.4818893099010846
5871.0,318.37023559,0.4818812053848156
5872.0,318.26913358,0.4818731008685466
5873.0,318.16803157000004,0.48186499635227764
5874.0,318.06692956,0.48185689183600866
5875.0,317.96582755,0.4818487873197397
5876.0,317.86472554,0.4818406828034707
5877.0,317.76362353,0.4818325782872017
5878.0,317.66252152,0.4818244737709328
5879.0,317.56141950999995,0.4818163692546638
5880.0,317.4603175,0.48180826473839483
5881.0,317.4603175,0.48180016022212585
5882.0,317.4603175,0.48179205570585687
5883.0,317.4603175,0.4817839511895879
5884.0,317.4603175,0.4817758466733189
5885.0,317.4603175,0.4817677421570499
5886.0,317.4603175,0.48175963764078095
5887.0,317.4603175,0.48175153312451197
5888.0,317.4603175,0.481743428608243
5889.0,317.4603175,0.481735324091974
5890.0,317.4603175,0.481727219575705
5891.0,317.35985537,0.48171911505943604
5892.0,317.25939323999995,0.48171101054316706
5893.0,317.15893110999997,0.4817029060268981
5894.0,317.05846898,0.4816948015106291
5895.0,316.95800684999995,0.4816866969943601
5896.0,316.85754471999996,0.48167859247809114
5897.0,316.75708259,0.48167048796182216
5898.0,316.65662046,0.4816623834455532
5899.0,316.55615832999996,0.4816542789292842
5900.0,316.4556962,0.4816461744130152
5901.0,316.35586789999996,0.48163801087592195
5902.0,316.2560396,0.4816296112555315
5903.0,316.1562113,0.48162121163514104
5904.0,316.056383,0.48161281201475054
5905.0,315.95655469999997,0.4816044123943601
5906.0,315.8567264,0.48159601277396963
5907.0,315.7568981,0.4815876131535792
5908.0,315.6570698,0.4815792135331887
5909.0,315.55724150000003,0.48157081391279827
5910.0,315.4574132,0.4815624142924078
5911.0,315.4574132,0.48155401467201736
5912.0,315.4574132,0.4815456150516269
5913.0,315.4574132,0.48153721543123645
5914.0,315.4574132,0.481528815810846
5915.0,315.4574132,0.48152041619045555
5916.0,315.4574132,0.4815120165700651
5917.0,315.4574132,0.48150361694967464
5918.0,315.4574132,0.4814952173292842
5919.0,315.4574132,0.48148681770889373
5920.0,315.4574132,0.4814784180885033
5921.0,315.35821276,0.4814700184681128
5922.0,315.25901232,0.4814616188477224
5923.0,315.15981188,0.4814532192273319
5924.0,315.06061144,0.48144481960694147
5925.0,314.961411,0.481436419986551
5926.0,314.86221056,0.48142802036616056
5927.0,314.76301012,0.4814196207457701
5928.0,314.66380968,0.48141122112537965
5929.0,314.56460924,0.48140282150498914
5930.0,314.4654088,0.4813944218845987
5931.0,314.3668303,0.48138602226420824
5932.0,314.2682518,0.4813776226438178
5933.0,314.1696733,0.48136922302342733
5934.0,314.07109479999997,0.4813608234030369
5935.0,313.9725163,0.4813524237826464
5936.0,313.8739378,0.48134402416225597
5937.0,313.7753593,0.4813356245418655
5938.0,313.6767808,0.48132722492147506
5939.0,313.5782023,0.4813188253010846
5940.0,313.4796238,0.48131042568069415
5941.0,313.4796238,0.4813020260603037
5942.0,313.4796238,0.48129362643991325
5943.0,313.4796238,0.4812852268195228
5944.0,313.4796238,0.48127682719913234
5945.0,313.4796238,0.4812684275787419
5946.0,313.4796238,0.48126002795835143
5947.0,313.4796238,0.48125159318579175
5948.0,313.4796238,0.4812428420437093
5949.0,313.4796238,0.4812340909016269
5950.0,313.4796238,0.48122533975954446
5951.0,313.38166142,0.481216588617462
5952.0,313.28369904,0.48120783747537965
5953.0,313.18573666000003,0.4811990863332972
5954.0,313.08777428,0.4811903351912148
5955.0,312.9898119,0.48118158404913236
5956.0,312.89184952,0.48117283290704993
5957.0,312.79388714,0.4811640817649675
5958.0,312.69592476,0.48115533062288507
5959.0,312.59796238,0.48114657948080264
5960.0,312.5,0.4811378283387202
5961.0,312.40264798,0.4811290771966378
5962.0,312.30529596,0.48112032605455535
5963.0,312.20794394,0.4811115749124729
5964.0,312.11059192,0.4811028237703905
5965.0,312.01323990000003,0.48109407262830806
5966.0,311.91588788,0.4810853214862256
5967.0,311.81853586,0.4810765703441432
5968.0,311.72118384,0.48106781920206076
5969.0,311.62383182,0.48105906805997833
5970.0,311.5264798,0.4810503169178959
5971.0,311.5264798,0.4810415657758135
5972.0,311.5264798,0.48103281463373104
5973.0,311.5264798,0.4810240634916486
5974.0,311.5264798,0.4810153123495662
5975.0,311.5264798,0.48100656120748375
5976.0,311.5264798,0.4809978100654013
5977.0,311.5264798,0.4809890589233189
5978.0,311.5264798,0.48098030778123646
5979.0,311.5264798,0.48097155663915403
5980.0,311.5264798,0.48096280549707165
5981.0,311.42973244,0.4809540543549892
5982.0,311.33298508,0.4809453032129068
5983.0,311.23623772,0.48093655207082436
5984.0,311.13949036,0.48092780092874193
5985.0,311.042743,0.4809190497866595
5986.0,310.94599564,0.48091029864457707
5987.0,310.84924828,0.48090154750249464
5988.0,310.75250092,0.4808927963604122
5989.0,310.65575356,0.4808840452183298
5990.0,310.5590062,0.48087529407624735
5991.0,310.4628579,0.4808665429341649
5992.0,310.3667096,0.4808577917920825
5993.0,310.2705613,0.48084904065000006
5994.0,310.174413,0.4808399249677875
5995.0,310.0782647,0.48083080928557487
5996.0,309.9821164,0.4808216936033623
5997.0,309.8859681,0.48081257792114973
5998.0,309.78981980000003,0.48080346223893716
5999.0,309.6936715,0.48079434655672454
6000.0,309.5975232,0.48078523087451197
6001.0,309.5975232,0.4807761151922994
6002.0,309.5975232,0.48076699951008683
6003.0,309.5975232,0.4807578838278742
6004.0,309.5975232,0.48074876814566164
6005.0,309.5975232,0.4807396524634491
6006.0,309.5975232,0.48073053678123645
6007.0,309.5975232,0.4807214210990239
6008.0,309.5975232,0.4807123054168113
6009.0,309.5975232,0.48070318973459875
6010.0,309.5975232,0.4806940740523861
6011.0,309.50196841,0.48068495837017355
6012.0,309.40641362,0.480675842687961
6013.0,309.31085883000003,0.4806667270057484
6014.0,309.21530404000004,0.4806576113235358
6015.0,309.11974925000004,0.4806484956413232
6016.0,309.02419446,0.48063937995911066
6017.0,308.92863967,0.48063026427689803
6018.0,308.83308488,0.48062114859468547
6019.0,308.73753009,0.4806120329124729
6020.0,308.6419753,0.48060291723026033
6021.0,308.54700854000004,0.4805938015480477
6022.0,308.45204178,0.48058468586583514
6023.0,308.35707502,0.48057557018362257
6024.0,308.26210826,0.48056645450141
6025.0,308.1671415,0.4805573388191974
6026.0,308.07217474000004,0.4805482231369848
6027.0,307.97720798,0.48053910745477224
6028.0,307.88224122,0.4805299917725596
6029.0,307.78727446,0.48052087609034705
6030.0,307.6923077,0.4805117604081345
6031.0,307.59792356,0.4805026447259219
6032.0,307.50353942000004,0.4804935290437093
6033.0,307.40915528,0.4804844133614967
6034.0,307.31477114,0.48047529767928415
6035.0,307.220387,0.48046618199707153
6036.0,307.12600286,0.48045706631485896
6037.0,307.03161872000004,0.4804479506326464
6038.0,306.93723458,0.4804388349504338
6039.0,306.84285044,0.4804297192682212
6040.0,306.7484663,0.4804202715933839
6041.0,306.7484663,0.4804107870304772
6042.0,306.7484663,0.48040130246757046
6043.0,306.7484663,0.48039181790466373
6044.0,306.7484663,0.480382333341757
6045.0,306.7484663,0.4803728487788503
6046.0,306.7484663,0.48036336421594356
6047.0,306.7484663,0.48035387965303683
6048.0,306.7484663,0.4803443950901301
6049.0,306.7484663,0.4803349105272234
6050.0,306.7484663,0.4803254259643167
6051.0,306.65465943000004,0.48031594140141
6052.0,306.56085256,0.48030645683850326
6053.0,306.46704569,0.48029697227559653
6054.0,306.37323882,0.4802874877126898
6055.0,306.27943195,0.4802780031497831
6056.0,306.18562508,0.48026851858687636
6057.0,306.09181821,0.48025903402396963
6058.0,305.99801134,0.4802495494610629
6059.0,305.90420446999997,0.4802400648981562
6060.0,305.8103976,0.48023058033524946
6061.0,305.71716272,0.48022109577234273
6062.0,305.62392783999996,0.480211611209436
6063.0,305.53069296,0.4802021266465293
6064.0,305.43745808,0.48019264208362256
6065.0,305.3442232,0.48018315752071583
6066.0,305.25098832,0.4801736729578091
6067.0,305.15775343999996,0.4801641883949024
6068.0,305.06451856,0.48015470383199566
6069.0,304.97128368,0.48014521926908893
6070.0,304.8780488,0.4801357347061822
6071.0,304.7853807,0.4801262501432755
6072.0,304.6927126,0.48011676558036875
6073.0,304.60004449999997,0.48010728101746203
6074.0,304.5073764,0.48009779645455536
6075.0,304.41470830000003,0.48008831189164863
6076.0,304.3220402,0.4800788273287419
6077.0,304.2293721,0.4800693427658352
6078.0,304.136704,0.48005985820292846
6079.0,304.04403590000004,0.48005037364002173
6080.0,303.9513678,0.480040889077115
6081.0,303.85926132000003,0.4800314045142083
6082.0,303.76715484,0.48002191995130156
6083.0,303.67504836,0.48001243538839483
6084.0,303.58294188,0.4800029508254881
6085.0,303.49083540000004,0.4799934662625814
6086.0,303.39872892,0.47998365361290674
6087.0,303.30662244,0.47997375894154015
6088.0,303.21451596,0.47996386427017357
6089.0,303.12240948,0.479953969598807
6090.0,303.030303,0.4799440749274404
6091.0,303.030303,0.47993418025607376
6092.0,303.030303,0.4799242855847072
6093.0,303.030303,0.4799143909133406
6094.0,303.030303,0.479904496241974
6095.0,303.030303,0.47989460157060737
6096.0,303.030303,0.4798847068992408
6097.0,303.030303,0.4798748122278742
6098.0,303.030303,0.4798649175565076
6099.0,303.030303,0.47985502288514104
6100.0,303.030303,0.4798451282137744
6101.0,302.93875306,0.4798352335424078
6102.0,302.84720312,0.47982533887104123
6103.0,302.75565318,0.47981544419967465
6104.0,302.66410324000003,0.479805549528308
6105.0,302.5725533,0.4797956548569414
6106.0,302.48100336,0.47978576018557484
6107.0,302.38945342,0.47977586551420826
6108.0,302.29790348,0.47976597084284167
6109.0,302.20635354,0.47975607617147503
6110.0,302.1148036,0.47974618150010845
6111.0,302.02380517,0.47973628682874186
6112.0,301.93280674,0.4797263921573753
6113.0,301.84180831000003,0.47971649748600864
6114.0,301.75080988,0.47970660281464206
6115.0,301.65981145,0.4796967081432755
6116.0,301.56881302,0.4796868134719089
6117.0,301.47781459,0.4796769188005423
6118.0,301.38681616,0.47966702412917567
6119.0,301.29581773,0.4796571294578091
6120.0,301.2048193,0.4796472347864425
6121.0,301.1143674,0.4796373401150759
6122.0,301.0239155,0.4796274454437093
6123.0,300.9334636,0.4796175507723427
6124.0,300.8430117,0.4796076561009761
6125.0,300.7525598,0.4795977614296095
6126.0,300.6621079,0.47958786675824294
6127.0,300.571656,0.4795779720868763
6128.0,300.4812041,0.4795680774155097
6129.0,300.3907522,0.47955818274414314
6130.0,300.3003003,0.47954828807277655
6131.0,300.3003003,0.4795383934014099
6132.0,300.3003003,0.47952820102277655
6133.0,300.3003003,0.4795178810553145
6134.0,300.3003003,0.4795075610878525
6135.0,300.3003003,0.47949724112039044
6136.0,300.3003003,0.4794869211529284
6137.0,300.3003003,0.47947660118546637
6138.0,300.3003003,0.4794662812180043
6139.0,300.3003003,0.47945596125054224
6140.0,300.3003003,0.4794456412830802
6141.0,300.21039003,0.47943532131561817
6142.0,300.12047976,0.47942500134815613
6143.0,300.03056949,0.4794146813806941
6144.0,299.94065922,0.47940436141323206
6145.0,299.85074895,0.47939404144577
6146.0,299.76083868,0.479383721478308
6147.0,299.67092841,0.47937340151084595
6148.0,299.58101813999997,0.4793630815433839
6149.0,299.49110787,0.4793527615759219
6150.0,299.4011976,0.47934244160845985
6151.0,299.31182411,0.4793321216409978
6152.0,299.22245062,0.4793218016735358
6153.0,299.13307713,0.47931148170607374
6154.0,299.04370364,0.4793011617386117
6155.0,298.95433015000003,0.47929084177114967
6156.0,298.86495666,0.4792805218036876
6157.0,298.77558317,0.47927020183622554
6158.0,298.68620968,0.4792598818687635
6159.0,298.59683619000003,0.47924956190130147
6160.0,298.5074627,0.47923924193383943
6161.0,298.5074627,0.4792289219663774
6162.0,298.5074627,0.47921860199891536
6163.0,298.5074627,0.4792082820314533
6164.0,298.5074627,0.4791979620639913
6165.0,298.5074627,0.47918764209652925
6166.0,298.5074627,0.4791773221290672
6167.0,298.5074627,0.4791670021616052
6168.0,298.5074627,0.47915668219414315
6169.0,298.5074627,0.4791463622266811
6170.0,298.5074627,0.4791360422592191
6171.0,298.41862119,0.47912572229175704
6172.0,298.32977968,0.479115402324295
6173.0,298.24093817,0.47910508235683297
6174.0,298.15209666,0.47909476238937093
6175.0,298.06325515000003,0.47908444242190884
6176.0,297.97441364,0.4790741224544468
6177.0,297.88557213,0.47906380248698477
6178.0,297.79673062,0.4790532208310195
6179.0,297.70788911,0.47904246471605205
6180.0,297.6190476,0.47903170860108457
6181.0,297.6190476,0.4790209524861171
6182.0,297.6190476,0.47901019637114967
6183.0,297.6190476,0.4789994402561822
6184.0,297.6190476,0.4789886841412147
6185.0,297.6190476,0.4789779280262473
6186.0,297.6190476,0.4789671719112798
6187.0,297.6190476,0.4789564157963123
6188.0,297.6190476,0.4789456596813449
6189.0,297.6190476,0.4789349035663774
6190.0,297.6190476,0.47892414745140993
6191.0,297.53073334,0.4789133913364425
6192.0,297.44241908,0.478902635221475
6193.0,297.35410482,0.47889187910650755
6194.0,297.26579055999997,0.4788811229915401
6195.0,297.17747629999997,0.47887036687657264
6196.0,297.08916204,0.4788596107616052
6197.0,297.00084778,0.47884885464663773
6198.0,296.91253352,0.47883809853167025
6199.0,296.82421926,0.47882734241670283
6200.0,296.735905,0.47881658630173535
6201.0,296.64811332,0.47880583018676787
6202.0,296.56032164,0.47879507407180044
6203.0,296.47252996000003,0.47878431795683296
6204.0,296.38473828,0.4787735618418655
6205.0,296.2969466,0.47876280572689806
6206.0,296.20915492,0.4787520496119306
6207.0,296.12136324,0.4787412934969631
6208.0,296.03357156000004,0.47873053738199567
6209.0,295.94577988000003,0.4787197812670282
6210.0,295.8579882,0.4787090251520607
6211.0,295.8579882,0.4786982690370933
6212.0,295.8579882,0.4786875129221258
6213.0,295.8579882,0.4786767568071583
6214.0,295.8579882,0.4786660006921909
6215.0,295.8579882,0.4786552445772234
6216.0,295.8579882,0.47864448846225593
6217.0,295.8579882,0.4786337323472885
6218.0,295.8579882,0.47862297623232103
6219.0,295.8579882,0.47861222011735355
6220.0,295.8579882,0.4786014640023861
6221.0,295.68395409000004,0.47859070788741864
6222.0,295.50991998,0.47857995177245116
6223.0,295.33588587,0.47856919565748374
6224.0,295.16185176,0.4785582084497831
6225.0,294.98781765,0.47854699014934926
6226.0,294.81378354000003,0.4785357718489154
6227.0,294.63974943,0.47852455354848156
6228.0,294.46571532,0.47851333524804773
6229.0,294.29168121,0.4785021169476139
6230.0,294.1176471,0.47849089864718003
6231.0,294.03139559,0.4784796803467462
6232.0,293.94514408,0.4784684620463124
6233.0,293.85889257,0.4784572437458785
6234.0,293.77264106,0.4784460254454447
6235.0,293.68638955,0.47843480714501085
6236.0,293.60013804,0.47842358884457703
6237.0,293.51388653,0.47841237054414315
6238.0,293.42763502,0.4784011522437093
6239.0,293.34138351,0.4783899339432755
6240.0,293.255132,0.4783787156428417
6241.0,293.255132,0.4783674973424078
6242.0,293.255132,0.478356279041974
6243.0,293.255132,0.47834506074154015
6244.0,293.255132,0.47833384244110627
6245.0,293.255132,0.47832262414067245
6246.0,293.255132,0.4783114058402386
6247.0,293.255132,0.4783001875398048
6248.0,293.255132,0.4782889692393709
6249.0,293.255132,0.4782777509389371
6250.0,293.255132,0.4782665326385033
6251.0,293.16938488,0.47825531433806945
6252.0,293.08363776,0.47824409603763557
6253.0,292.99789064,0.47823287773720174
6254.0,292.91214352,0.4782216594367679
6255.0,292.8263964,0.47821044113633404
6256.0,292.74064928,0.4781992228359002
6257.0,292.65490216,0.4781880045354664
6258.0,292.56915504,0.47817678623503257
6259.0,292.48340792,0.4781655679345987
6260.0,292.3976608,0.47815434963416487
6261.0,292.3976608,0.47814313133373104
6262.0,292.3976608,0.4781319130332972
6263.0,292.3976608,0.47812069473286334
6264.0,292.3976608,0.4781094764324295
6265.0,292.3976608,0.4780982581319957
6266.0,292.3976608,0.4780870398315618
6267.0,292.3976608,0.478075821531128
6268.0,292.3976608,0.47806460323069416
6269.0,292.3976608,0.47805338493026034
6270.0,292.3976608,0.47804198175607376
6271.0,292.31241366999996,0.4780303012712582
6272.0,292.22716654,0.4780186207864425
6273.0,292.14191941,0.47800694030162694
6274.0,292.05667228,0.4779952598168113
6275.0,291.97142514999996,0.47798357933199564
6276.0,291.88617802,0.47797189884718005
6277.0,291.80093089,0.4779602183623644
6278.0,291.71568376,0.4779485378775488
6279.0,291.63043662999996,0.47793685739273317
6280.0,291.5451895,0.4779251769079176
6281.0,291.46043799,0.47791349642310194
6282.0,291.37568648,0.47790181593828635
6283.0,291.29093496999997,0.4778901354534707
6284.0,291.20618346,0.4778784549686551
6285.0,291.12143195,0.47786677448383946
6286.0,291.03668044,0.47785509399902387
6287.0,290.95192893,0.4778434135142082
6288.0,290.86717741999996,0.47783173302939264
6289.0,290.78242591,0.477820052544577
6290.0,290.6976744,0.4778083720597614
6291.0,290.61341421,0.47779669157494575
6292.0,290.52915401999996,0.47778501109013016
6293.0,290.44489383,0.4777733306053145
6294.0,290.36063364,0.4777616501204989
6295.0,290.27637345,0.4777499696356833
6296.0,290.19211326,0.4777382891508677
6297.0,290.10785307,0.47772660866605204
6298.0,290.02359288,0.47771492818123645
6299.0,289.93933269,0.4777032476964208
6300.0,289.8550725,0.4776915672116052
6301.0,289.8550725,0.47767988672678957
6302.0,289.8550725,0.4776682062419739
6303.0,289.8550725,0.47765652575715833
6304.0,289.8550725,0.4776448452723427
6305.0,289.8550725,0.4776331647875271
6306.0,289.8550725,0.47762148430271145
6307.0,289.8550725,0.47760980381789586
6308.0,289.8550725,0.4775981233330802
6309.0,289.8550725,0.4775864428482646
6310.0,289.8550725,0.477574762363449
6311.0,289.77129935,0.4775630818786334
6312.0,289.6875262,0.47755140139381774
6313.0,289.60375305,0.47753972090900215
6314.0,289.5199799,0.4775280404241865
6315.0,289.43620675,0.4775163599393709
6316.0,289.3524336,0.4775045245247288
6317.0,289.26866044999997,0.4774923276071583
6318.0,289.1848873,0.47748013068958783
6319.0,289.10111415,0.47746793377201735
6320.0,289.017341,0.4774557368544468
6321.0,288.9340507,0.4774435399368763
6322.0,288.8507604,0.47743134301930584
6323.0,288.76747009999997,0.47741914610173536
6324.0,288.6841798,0.4774069491841648
6325.0,288.6008895,0.47739475226659434
6326.0,288.5175992,0.47738255534902385
6327.0,288.4343089,0.4773703584314533
6328.0,288.3510186,0.47735816151388283
6329.0,288.2677283,0.47734596459631234
6330.0,288.184438,0.47733376767874186
6331.0,288.10162637999997,0.4773215707611713
6332.0,288.01881476,0.47730937384360084
6333.0,287.93600314,0.47729717692603035
6334.0,287.85319152,0.47728498000845987
6335.0,287.77037989999997,0.47727278309088933
6336.0,287.68756828,0.47726058617331885
6337.0,287.60475666,0.47724838925574836
6338.0,287.52194504,0.4772361923381779
6339.0,287.43913341999996,0.47722399542060734
6340.0,287.3563218,0.47721179850303685
6341.0,287.27398475,0.47719960158546637
6342.0,287.1916477,0.4771874046678959
6343.0,287.10931065,0.47717520775032535
6344.0,287.02697359999996,0.47716301083275486
6345.0,286.94463655,0.4771508139151844
6346.0,286.8622995,0.4771386169976139
6347.0,286.77996244999997,0.47712642008004336
6348.0,286.6976254,0.4771142231624729
6349.0,286.61528834999996,0.4771020262449024
6350.0,286.5329513,0.4770898293273319
6351.0,286.5329513,0.47707763240976137
6352.0,286.5329513,0.4770654354921909
6353.0,286.5329513,0.4770532385746204
6354.0,286.5329513,0.4770410416570499
6355.0,286.5329513,0.4770288447394794
6356.0,286.5329513,0.4770166478219089
6357.0,286.5329513,0.4770044509043384
6358.0,286.5329513,0.4769922539867679
6359.0,286.5329513,0.4769800570691974
6360.0,286.5329513,0.4769678601516269
6361.0,286.45108474,0.4769556632340564
6362.0,286.36921817999996,0.4769433495765727
6363.0,286.28735162,0.47693056895943603
6364.0,286.20548506,0.47691778834229936
6365.0,286.1236185,0.4769050077251627
6366.0,286.04175194,0.47689222710802603
6367.0,285.95988538,0.47687944649088937
6368.0,285.87801882,0.4768666658737527
6369.0,285.79615226,0.47685388525661604
6370.0,285.7142857,0.4768411046394794
6371.0,285.63288562,0.4768283240223427
6372.0,285.55148554,0.47681554340520604
6373.0,285.47008546,0.47680276278806943
6374.0,285.38868537999997,0.47678998217093277
6375.0,285.3072853,0.4767772015537961
6376.0,285.22588522,0.47676442093665944
6377.0,285.14448514,0.4767516403195228
6378.0,285.06308506,0.4767388597023861
6379.0,284.98168497999995,0.47672607908524944
6380.0,284.9002849,0.4767132984681128
6381.0,284.81934731999996,0.4767005178509761
6382.0,284.73840973999995,0.47668773723383945
6383.0,284.65747216,0.4766749566167028
6384.0,284.57653458,0.4766621759995661
6385.0,284.495597,0.47664939538242945
6386.0,284.41465941999996,0.47663661476529284
6387.0,284.33372183999995,0.4766238341481562
6388.0,284.25278426,0.4766110535310195
6389.0,284.17184668,0.47659827291388285
6390.0,284.0909091,0.4765854922967462
6391.0,284.01043009,0.4765727116796095
6392.0,283.92995107999997,0.47655993106247285
6393.0,283.84947207,0.4765471504453362
6394.0,283.76899305999996,0.4765343698281995
6395.0,283.68851405,0.47652158921106286
6396.0,283.60803504,0.4765088085939262
6397.0,283.52755602999997,0.4764960279767895
6398.0,283.44707702,0.47648324735965286
6399.0,283.36659800999996,0.47647046674251625
6400.0,283.286119,0.4764576861253796
6401.0,283.20609466999997,0.4764449055082429
6402.0,283.12607034,0.47643212489110626
6403.0,283.04604601,0.4764193442739696
6404.0,282.96602168,0.4764065636568329
6405.0,282.88599735,0.47639378303969626
6406.0,282.80597302,0.4763810024225596
6407.0,282.72594869,0.47636822180542293
6408.0,282.64592436,0.47635538390347065
6409.0,282.56590003,0.4763420304381778
6410.0,282.4858757,0.476328676972885
6411.0,282.4858757,0.47631532350759215
6412.0,282.4858757,0.4763019700422993
6413.0,282.4858757,0.47628861657700644
6414.0,282.4858757,0.47627526311171364
6415.0,282.4858757,0.4762619096464208
6416.0,282.4858757,0.47624855618112794
6417.0,282.4858757,0.4762352027158351
6418.0,282.4858757,0.47622184925054223
6419.0,282.4858757,0.47620849578524943
6420.0,282.4858757,0.4761951423199566
6421.0,282.4858757,0.4761817888546637
6422.0,282.4858757,0.47616843538937087
6423.0,282.4858757,0.47615508192407807
6424.0,282.4858757,0.4761417284587852
6425.0,282.4858757,0.47612837499349236
6426.0,282.4858757,0.4761150215281995
6427.0,282.4858757,0.4761016680629067
6428.0,282.4858757,0.47608831459761386
6429.0,282.4858757,0.476074961132321
6430.0,282.4858757,0.47606160766702815
6431.0,282.40630221000004,0.47604825420173535
6432.0,282.32672872,0.4760349007364425
6433.0,282.24715523,0.47602154727114965
6434.0,282.16758174,0.4760081938058568
6435.0,282.08800825000003,0.475994840340564
6436.0,282.00843476,0.47598148687527114
6437.0,281.92886126999997,0.4759681334099783
6438.0,281.84928778,0.47595477994468544
6439.0,281.76971429,0.4759414264793926
6440.0,281.6901408,0.4759280730140998
6441.0,281.61101436,0.47591471954880693
6442.0,281.53188792,0.4759013660835141
6443.0,281.45276148,0.4758880126182212
6444.0,281.37363504,0.4758746591529284
6445.0,281.2945086,0.47586130568763557
6446.0,281.21538216,0.4758479522223427
6447.0,281.13625572,0.47583459875704986
6448.0,281.05712928,0.47582124529175707
6449.0,280.97800284,0.4758078918264642
6450.0,280.8988764,0.47579453836117136
6451.0,280.82019324,0.4757811848958785
6452.0,280.74151008,0.4757678314305857
6453.0,280.66282692,0.47575447796529285
6454.0,280.58414376,0.4757411245
6455.0,280.5054606,0.4757271808253796
6456.0,280.42677743999997,0.4757132371507592
6457.0,280.34809428,0.4756992934761388
6458.0,280.26941112,0.47568534980151844
6459.0,280.19072796,0.47567140612689807
6460.0,280.1120448,0.47565746245227764
6461.0,280.1120448,0.47564351877765726
6462.0,280.1120448,0.4756295751030369
6463.0,280.1120448,0.4756156314284165
6464.0,280.1120448,0.4756016877537961
6465.0,280.1120448,0.4755877440791757
6466.0,280.1120448,0.4755738004045553
6467.0,280.1120448,0.47555985672993495
6468.0,280.1120448,0.4755459130553145
6469.0,280.1120448,0.47553196938069414
6470.0,280.1120448,0.47551802570607377
6471.0,280.03380121,0.4755040820314534
6472.0,279.95555762,0.47549013835683296
6473.0,279.87731403,0.4754761946822126
6474.0,279.79907044,0.4754622510075922
6475.0,279.72082685,0.4754483073329718
6476.0,279.64258326,0.4754343636583514
6477.0,279.56433967,0.475420419983731
6478.0,279.48609608,0.47540647630911065
6479.0,279.40785249,0.4753925326344902
6480.0,279.3296089,0.47537858895986984
6481.0,279.25180121,0.47536464528524947
6482.0,279.17399352,0.4753507016106291
6483.0,279.09618582999997,0.47533675793600866
6484.0,279.01837814,0.4753228142613883
6485.0,278.94057045,0.4753088705867679
6486.0,278.86276276,0.47529492691214753
6487.0,278.78495507,0.4752809832375271
6488.0,278.70714738,0.4752670395629067
6489.0,278.62933969,0.47525309588828635
6490.0,278.551532,0.47523915221366597
6491.0,278.47415658,0.47522520853904554
6492.0,278.39678116,0.47521126486442516
6493.0,278.31940574000004,0.4751973211898048
6494.0,278.24203032,0.47518337751518436
6495.0,278.1646549,0.475169433840564
6496.0,278.08727948,0.4751554901659436
6497.0,278.00990406,0.47514154649132323
6498.0,277.93252864000004,0.4751276028167028
6499.0,277.85515322000003,0.4751136591420824
6500.0,277.7777778,0.47509971546746205
6501.0,277.70083104,0.47508520545368765
6502.0,277.62388428,0.4750706325133406
6503.0,277.54693752000003,0.4750560595729935
6504.0,277.46999076000003,0.47504148663264645
6505.0,277.39304400000003,0.4750269136922993
6506.0,277.31609724,0.47501234075195226
6507.0,277.23915048,0.4749977678116052
6508.0,277.16220372,0.4749831948712581
6509.0,277.08525696,0.47496862193091105
6510.0,277.0083102,0.474954048990564
6511.0,276.93178857,0.4749394760502169
6512.0,276.85526694,0.47492490310986984
6513.0,276.77874531,0.4749103301695228
6514.0,276.70222368,0.4748957572291757
6515.0,276.62570205,0.47488118428882864
6516.0,276.54918042,0.47486661134848157
6517.0,276.47265879,0.4748520384081345
6518.0,276.39613716,0.4748374654677874
6519.0,276.31961553,0.4748228925274403
6520.0,276.2430939,0.47480831958709324
6521.0,276.16699388,0.4747937466467462
6522.0,276.09089386,0.4747791737063991
6523.0,276.01479384000004,0.47476460076605204
6524.0,275.93869382,0.47475002782570497
6525.0,275.8625938,0.4747354548853579
6526.0,275.78649378,0.47472088194501083
6527.0,275.71039376,0.47470630900466376
6528.0,275.63429374000003,0.4746917360643167
6529.0,275.55819372,0.4746771631239696
6530.0,275.4820937,0.47466259018362256
6531.0,275.4064118,0.47464801724327543
6532.0,275.3307299,0.47463344430292836
6533.0,275.255048,0.4746188713625813
6534.0,275.1793661,0.4746042984222342
6535.0,275.1036842,0.47458972548188716
6536.0,275.0280023,0.4745751525415401
6537.0,274.9523204,0.474560579601193
6538.0,274.8766385,0.47454600666084595
6539.0,274.8009566,0.4745314337204989
6540.0,274.7252747,0.4745168607801518
6541.0,274.7252747,0.47450228783980475
6542.0,274.7252747,0.4744877148994577
6543.0,274.7252747,0.4744731419591106
6544.0,274.7252747,0.47445856901876354
6545.0,274.7252747,0.4744439960784164
6546.0,274.7252747,0.47442942313806935
6547.0,274.7252747,0.474414353728308
6548.0,274.7252747,0.474399160201193
6549.0,274.7252747,0.47438396667407806
6550.0,274.7252747,0.4743687731469631
6551.0,274.6500075,0.4743535796198481
6552.0,274.5747403,0.47433838609273316
6553.0,274.4994731,0.47432319256561817
6554.0,274.4242059,0.47430799903850324
6555.0,274.34893869999996,0.47429280551138825
6556.0,274.2736715,0.47427761198427326
6557.0,274.1984043,0.47426241845715833
6558.0,274.1231371,0.47424722493004334
6559.0,274.04786989999997,0.47423203140292836
6560.0,273.9726027,0.4742168378758134
6561.0,273.8977468,0.47420164434869844
6562.0,273.8228909,0.47418645082158345
6563.0,273.74803499999996,0.4741712572944685
6564.0,273.67317909999997,0.47415606376735353
6565.0,273.5983232,0.47414087024023854
6566.0,273.5234673,0.4741256767131236
6567.0,273.4486114,0.4741104831860086
6568.0,273.37375549999996,0.4740952896588937
6569.0,273.29889959999997,0.4740800961317787
6570.0,273.2240437,0.4740649026046637
6571.0,273.2240437,0.4740497090775488
6572.0,273.2240437,0.4740345155504338
6573.0,273.2240437,0.4740193220233188
6574.0,273.2240437,0.4740041284962039
6575.0,273.2240437,0.4739889349690889
6576.0,273.2240437,0.4739737414419739
6577.0,273.2240437,0.473958547914859
6578.0,273.2240437,0.473943354387744
6579.0,273.2240437,0.473928160860629
6580.0,273.2240437,0.47391296733351407
6581.0,273.14959573,0.4738977738063991
6582.0,273.07514776,0.47388258027928415
6583.0,273.00069979,0.47386738675216916
6584.0,272.92625182,0.4738521932250542
6585.0,272.85180385,0.47383699969793924
6586.0,272.77735587999996,0.47382180617082426
6587.0,272.70290790999996,0.47380661264370927
6588.0,272.62845993999997,0.47379141911659434
6589.0,272.55401197,0.47377622558947935
6590.0,272.479564,0.47376103206236436
6591.0,272.40552063999996,0.47374583853524943
6592.0,272.33147728,0.47373064500813444
6593.0,272.25743392,0.4737149958053145
6594.0,272.18339056,0.4736991513129067
6595.0,272.1093472,0.47368330682049886
6596.0,272.03530384,0.4736674623280911
6597.0,271.96126048,0.47365161783568327
6598.0,271.88721712,0.47363577334327545
6599.0,271.81317376000004,0.4736199288508676
6600.0,271.7391304,0.47360408435845985
6601.0,271.66548836000004,0.47358823986605203
6602.0,271.59184632,0.4735723953736442
6603.0,271.51820428,0.47355655088123644
6604.0,271.44456224,0.4735407063888286
6605.0,271.3709202,0.4735248618964208
6606.0,271.29727816,0.473509017404013
6607.0,271.22363612,0.4734931729116052
6608.0,271.14999408,0.4734773284191974
6609.0,271.07635203999996,0.47346148392678955
6610.0,271.00271,0.4734456394343818
6611.0,271.00271,0.47342979494197396
6612.0,271.00271,0.47341395044956613
6613.0,271.00271,0.47339810595715837
6614.0,271.00271,0.47338226146475054
6615.0,271.00271,0.4733664169723427
6616.0,271.00271,0.4733505724799349
6617.0,271.00271,0.4733347279875271
6618.0,271.00271,0.4733188834951193
6619.0,271.00271,0.4733030390027115
6620.0,271.00271,0.4732871945103037
6621.0,270.92946602999996,0.4732713500178959
6622.0,270.85622206,0.47325550552548806
6623.0,270.78297809,0.47323966103308024
6624.0,270.70973412,0.47322381654067247
6625.0,270.63649015,0.47320797204826465
6626.0,270.56324617999996,0.4731921275558568
6627.0,270.49000221,0.47317628306344905
6628.0,270.41675824,0.47316043857104123
6629.0,270.34351427,0.4731445940786334
6630.0,270.2702703,0.4731287495862256
6631.0,270.19742117,0.4731129050938178
6632.0,270.12457204,0.47309706060141
6633.0,270.05172291,0.47308121610900217
6634.0,269.97887378,0.4730653716165944
6635.0,269.90602465,0.4730495271241866
6636.0,269.83317552,0.47303368263177875
6637.0,269.76032639,0.4730178381393709
6638.0,269.68747726000004,0.47300199364696316
6639.0,269.61462813,0.4729857221211497
6640.0,269.541779,0.47296916590639915
6641.0,269.46932153,0.4729526096916486
6642.0,269.39686406000004,0.47293605347689804
6643.0,269.32440659,0.47291949726214755
6644.0,269.25194912,0.472902941047397
6645.0,269.17949165000005,0.47288638483264644
6646.0,269.10703418,0.4728698286178959
6647.0,269.03457671,0.47285327240314534
6648.0,268.96211924,0.4728367161883948
6649.0,268.88966177000003,0.47282015997364424
6650.0,268.8172043,0.47280360375889374
6651.0,268.74513534,0.4727870475441432
6652.0,268.67306638,0.47277049132939264
6653.0,268.60099742,0.4727539351146421
6654.0,268.52892846000003,0.47273737889989154
6655.0,268.4568595,0.472720822685141
6656.0,268.38479054,0.47270426647039043
6657.0,268.31272158,0.47268771025563994
6658.0,268.24065262,0.4726711540408894
6659.0,268.16858366,0.47265459782613883
6660.0,268.0965147,0.4726380416113883
6661.0,268.02483114,0.47262148539663773
6662.0,267.95314758,0.4726049291818872
6663.0,267.88146402,0.4725883729671366
6664.0,267.80978046,0.47257181675238613
6665.0,267.73809689999996,0.4725552605376356
6666.0,267.66641333999996,0.47253870432288503
6667.0,267.59472977999997,0.4725221481081345
6668.0,267.52304621999997,0.4725055918933839
6669.0,267.45136266,0.4724890356786334
6670.0,267.3796791,0.4724724794638828
6671.0,267.3796791,0.4724559232491323
6672.0,267.3796791,0.4724393670343818
6673.0,267.3796791,0.4724228108196312
6674.0,267.3796791,0.47240625460488067
6675.0,267.3796791,0.4723896983901301
6676.0,267.3796791,0.47237314217537957
6677.0,267.3796791,0.472356585960629
6678.0,267.3796791,0.4723400297458785
6679.0,267.3796791,0.47232347353112797
6680.0,267.3796791,0.4723069173163774
6681.0,267.30837785999995,0.47229036110162687
6682.0,267.23707662,0.4722738048868763
6683.0,267.16577538,0.47225724867212576
6684.0,267.09447414,0.4722406924573752
6685.0,267.02317289999996,0.47222375108806935
6686.0,266.95187166,0.4722064245642082
6687.0,266.88057042,0.47218909804034703
6688.0,266.80926918,0.47217177151648587
6689.0,266.73796794,0.4721544449926247
6690.0,266.6666667,0.47213711846876355
6691.0,266.59574471,0.47211979194490233
6692.0,266.52482272000003,0.4721024654210412
6693.0,266.45390073,0.47208513889718
6694.0,266.38297874,0.47206781237331885
6695.0,266.31205675,0.4720504858494577
6696.0,266.24113476,0.47203315932559653
6697.0,266.17021277000003,0.4720158328017353
6698.0,266.09929078,0.47199850627787415
6699.0,266.02836879,0.471981179754013
6700.0,265.9574468,0.47196385323015183
6701.0,265.88690106,0.47194652670629067
6702.0,265.81635532,0.47192920018242945
6703.0,265.74580958,0.4719118736585683
6704.0,265.67526384,0.47189454713470713
6705.0,265.6047181,0.47187722061084597
6706.0,265.53417236,0.4718598940869848
6707.0,265.46362662,0.47184256756312365
6708.0,265.39308088,0.47182524103926243
6709.0,265.32253514,0.47180791451540127
6710.0,265.2519894,0.4717905879915401
6711.0,265.2519894,0.47177326146767895
6712.0,265.2519894,0.4717559349438178
6713.0,265.2519894,0.47173860841995663
6714.0,265.2519894,0.4717212818960954
6715.0,265.2519894,0.47170395537223425
6716.0,265.2519894,0.4716866288483731
6717.0,265.2519894,0.47166930232451193
6718.0,265.2519894,0.47165197580065077
6719.0,265.2519894,0.4716346492767896
6720.0,265.2519894,0.4716173227529284
6721.0,265.18181692,0.47159999622906723
6722.0,265.11164444,0.47158266970520607
6723.0,265.04147196,0.4715653431813449
6724.0,264.97129948,0.47154801665748375
6725.0,264.901127,0.47153069013362253
6726.0,264.83095452,0.47151336360976137
6727.0,264.76078204,0.4714960370859002
6728.0,264.69060956,0.47147871056203905
6729.0,264.62043708,0.4714613840381779
6730.0,264.5502646,0.47144405751431673
6731.0,264.48046241,0.4714264228672451
6732.0,264.41066022,0.4714083260353579
6733.0,264.34085803,0.47139022920347073
6734.0,264.27105584,0.47137213237158354
6735.0,264.20125365,0.4713540355396963
6736.0,264.13145146,0.4713359387078091
6737.0,264.06164927,0.4713178418759219
6738.0,263.99184707999996,0.4712997450440347
6739.0,263.92204489,0.4712816482121475
6740.0,263.8522427,0.4712635513802603
6741.0,263.8522427,0.47124545454837313
6742.0,263.8522427,0.4712273577164859
6743.0,263.8522427,0.4712092608845987
6744.0,263.8522427,0.4711911640527115
6745.0,263.8522427,0.4711730672208243
6746.0,263.8522427,0.4711549703889371
6747.0,263.8522427,0.4711368735570499
6748.0,263.8522427,0.4711187767251627
6749.0,263.8522427,0.4711006798932755
6750.0,263.8522427,0.4710825830613883
6751.0,263.78280789999997,0.4710644862295011
6752.0,263.71337309999996,0.4710463893976139
6753.0,263.6439383,0.4710282925657267
6754.0,263.5745035,0.4710101957338395
6755.0,263.5050687,0.4709920989019523
6756.0,263.43563389999997,0.47097400207006507
6757.0,263.36619909999996,0.4709559052381779
6758.0,263.2967643,0.4709378084062907
6759.0,263.2273295,0.4709197115744035
6760.0,263.1578947,0.4709016147425163
6761.0,263.08882439,0.4708835179106291
6762.0,263.01975408,0.4708654210787419
6763.0,262.95068376999996,0.47084732424685466
6764.0,262.88161346,0.47082922741496747
6765.0,262.81254315,0.4708111305830803
6766.0,262.74347284,0.4707930337511931
6767.0,262.67440252999995,0.4707749369193059
6768.0,262.60533222,0.4707568400874187
6769.0,262.53626191,0.4707387432555315
6770.0,262.4671916,0.47072064642364425
6771.0,262.4671916,0.47070254959175706
6772.0,262.4671916,0.47068445275986986
6773.0,262.4671916,0.47066635592798267
6774.0,262.4671916,0.4706482590960955
6775.0,262.4671916,0.4706301622642083
6776.0,262.4671916,0.4706120654323211
6777.0,262.4671916,0.4705937407624729
6778.0,262.4671916,0.4705748844707159
6779.0,262.4671916,0.4705560281789588
6780.0,262.4671916,0.47053717188720173
6781.0,262.39848291,0.4705183155954447
6782.0,262.32977422,0.47049945930368764
6783.0,262.26106553,0.4704806030119306
6784.0,262.19235684,0.47046174672017355
6785.0,262.12364815,0.4704428904284165
6786.0,262.05493945999996,0.47042403413665945
6787.0,261.98623076999996,0.4704051778449024
6788.0,261.91752207999997,0.47038632155314536
6789.0,261.84881339,0.4703674652613883
6790.0,261.7801047,0.47034860896963127
6791.0,261.7117548,0.4703297526778742
6792.0,261.6434049,0.4703108963861171
6793.0,261.57505499999996,0.4702920400943601
6794.0,261.5067051,0.470273183802603
6795.0,261.4383552,0.470254327510846
6796.0,261.3700053,0.47023547121908893
6797.0,261.3016554,0.4702166149273319
6798.0,261.2333055,0.47019775863557484
6799.0,261.1649556,0.47017890234381776
6800.0,261.0966057,0.47016004605206074
6801.0,261.0286118,0.47014118976030367
6802.0,260.9606179,0.47012233346854665
6803.0,260.892624,0.4701034771767896
6804.0,260.8246301,0.47008462088503256
6805.0,260.7566362,0.4700657645932755
6806.0,260.6886423,0.4700469083015184
6807.0,260.6206484,0.4700280520097614
6808.0,260.5526545,0.4700091957180043
6809.0,260.4846606,0.4699903394262473
6810.0,260.4166667,0.4699714831344902
6811.0,260.4166667,0.46995262684273315
6812.0,260.4166667,0.4699337705509761
6813.0,260.4166667,0.46991491425921905
6814.0,260.4166667,0.46989605796746203
6815.0,260.4166667,0.46987720167570496
6816.0,260.4166667,0.46985834538394794
6817.0,260.4166667,0.46983948909219087
6818.0,260.4166667,0.4698206328004338
6819.0,260.4166667,0.46980177650867677
6820.0,260.4166667,0.4697829202169197
6821.0,260.349026,0.4697640639251627
6822.0,260.2813853,0.4697452076334056
6823.0,260.21374460000004,0.46972618773253794
6824.0,260.1461039,0.46970651339522773
6825.0,260.0784632,0.4696868390579175
6826.0,260.0108225,0.4696671647206073
6827.0,259.94318180000005,0.4696474903832972
6828.0,259.8755411,0.46962781604598697
6829.0,259.8079004,0.46960814170867676
6830.0,259.7402597,0.46958846737136656
6831.0,259.67296948,0.46956879303405635
6832.0,259.60567926000004,0.46954911869674615
6833.0,259.53838904,0.469529444359436
6834.0,259.47109882,0.4695097700221258
6835.0,259.40380860000005,0.4694900956848156
6836.0,259.33651838000003,0.4694704213475054
6837.0,259.26922816,0.4694507470101952
6838.0,259.20193794,0.469431072672885
6839.0,259.13464772000003,0.46941139833557477
6840.0,259.0673575,0.4693917239982646
6841.0,259.00041503,0.4693720496609544
6842.0,258.93347256,0.4693523753236442
6843.0,258.86653009,0.469332700986334
6844.0,258.79958762,0.4693130266490238
6845.0,258.73264515,0.4692933523117136
6846.0,258.66570268,0.46927367797440345
6847.0,258.59876020999997,0.46925400363709324
6848.0,258.53181774,0.46923432929978304
6849.0,258.46487527,0.46921465496247283
6850.0,258.3979328,0.4691949806251626
6851.0,258.3979328,0.4691753062878524
6852.0,258.3979328,0.4691556319505423
6853.0,258.3979328,0.46913595761323207
6854.0,258.3979328,0.46911628327592186
6855.0,258.3979328,0.46909660893861166
6856.0,258.3979328,0.46907693460130145
6857.0,258.3979328,0.46905726026399125
6858.0,258.3979328,0.4690375859266811
6859.0,258.3979328,0.4690179115893709
6860.0,258.3979328,0.4689982372520607
6861.0,258.3313354,0.4689785629147505
6862.0,258.26473799999997,0.4689588885774403
6863.0,258.1981406,0.4689392142401301
6864.0,258.13154319999995,0.46891953990281987
6865.0,258.0649458,0.4688998655655097
6866.0,257.9983484,0.4688801912281995
6867.0,257.93175099999996,0.4688605168908893
6868.0,257.8651536,0.4688408425535791
6869.0,257.79855619999995,0.46882108337375267
6870.0,257.7319588,0.4688005606112798
6871.0,257.66570378999995,0.4687800378488069
6872.0,257.59944878,0.468759515086334
6873.0,257.53319376999997,0.4687389923238611
6874.0,257.46693876,0.46871846956138824
6875.0,257.40068375,0.46869794679891535
6876.0,257.33442873999996,0.46867742403644247
6877.0,257.26817373,0.4686569012739696
6878.0,257.20191872,0.4686363785114967
6879.0,257.13566371,0.4686158557490238
6880.0,257.0694087,0.4685953329865509
6881.0,257.00349346999997,0.46857481022407804
6882.0,256.93757824,0.46855428746160516
6883.0,256.87166301,0.46853376469913227
6884.0,256.80574778,0.4685132419366594
6885.0,256.73983254999996,0.4684927191741865
6886.0,256.67391732,0.46847219641171367
6887.0,256.60800209,0.4684516736492408
6888.0,256.54208686,0.4684311508867679
6889.0,256.47617162999995,0.468410628124295
6890.0,256.4102564,0.46839010536182213
6891.0,256.4102564,0.46836958259934924
6892.0,256.4102564,0.46834905983687636
6893.0,256.4102564,0.4683285370744035
6894.0,256.4102564,0.4683080143119306
6895.0,256.4102564,0.4682874915494577
6896.0,256.4102564,0.4682669687869848
6897.0,256.4102564,0.46824644602451193
6898.0,256.4102564,0.46822592326203905
6899.0,256.4102564,0.46820540049956616
6900.0,256.4102564,0.4681848777370933
6901.0,256.34467832999997,0.4681643549746204
6902.0,256.27910026,0.4681438322121475
6903.0,256.21352219,0.4681233094496746
6904.0,256.14794412,0.46810278668720173
6905.0,256.08236605,0.46808226392472885
6906.0,256.01678798,0.468061741162256
6907.0,255.95120991,0.46804121839978313
6908.0,255.88563184,0.46802069563731025
6909.0,255.82005377,0.46800017287483736
6910.0,255.7544757,0.4679796501123645
6911.0,255.68923221,0.4679591273498916
6912.0,255.62398872,0.4679386045874187
6913.0,255.55874523,0.4679180818249458
6914.0,255.49350174,0.46789755906247293
6915.0,255.42825825,0.46787703630000005
6916.0,255.36301476,0.46785559784663777
6917.0,255.29777127,0.46783415939327555
6918.0,255.23252778,0.4678127209399133
6919.0,255.16728429,0.467791282486551
6920.0,255.1020408,0.4677698440331888
6921.0,255.03712934,0.4677484055798265
6922.0,254.97221788,0.4677269671264643
6923.0,254.90730642,0.467705528673102
6924.0,254.84239496,0.4676840902197397
6925.0,254.77748350000002,0.4676626517663775
6926.0,254.71257204,0.4676412133130152
6927.0,254.64766058,0.46761977485965295
6928.0,254.58274912000002,0.4675983364062907
6929.0,254.51783766,0.46757689795292845
6930.0,254.4529262,0.4675554594995662
6931.0,254.4529262,0.46753402104620395
6932.0,254.4529262,0.4675125825928417
6933.0,254.4529262,0.4674911441394794
6934.0,254.4529262,0.4674697056861172
6935.0,254.4529262,0.4674482672327549
6936.0,254.4529262,0.4674268287793927
6937.0,254.4529262,0.4674053903260304
6938.0,254.4529262,0.4673839518726681
6939.0,254.4529262,0.4673625134193059
6940.0,254.4529262,0.4673410749659436
6941.0,254.38834424,0.46731963651258135
6942.0,254.32376228,0.4672981980592191
6943.0,254.25918032,0.46727675960585685
6944.0,254.19459836000001,0.4672553211524946
6945.0,254.1300164,0.46723388269913235
6946.0,254.06543444,0.4672124442457701
6947.0,254.00085248,0.46719100579240785
6948.0,253.93627052,0.4671695673390456
6949.0,253.87168856,0.4671481288856833
6950.0,253.8071066,0.4671266904323211
6951.0,253.8071066,0.4671052519789588
6952.0,253.8071066,0.4670838135255965
6953.0,253.8071066,0.4670623750722343
6954.0,253.8071066,0.467040936618872
6955.0,253.8071066,0.46701949816550975
6956.0,253.8071066,0.46699805971214753
6957.0,253.8071066,0.46697662125878525
6958.0,253.8071066,0.46695518280542303
6959.0,253.8071066,0.46693374435206075
6960.0,253.8071066,0.4669123058986985
6961.0,253.74285164,0.46689086744533626
6962.0,253.67859668,0.466868585340564
6963.0,253.61434172,0.4668462094967462
6964.0,253.55008676,0.4668238336529284
6965.0,253.4858318,0.46680145780911064
6966.0,253.42157684,0.46677908196529283
6967.0,253.35732188,0.4667567061214751
6968.0,253.29306692,0.46673433027765726
6969.0,253.22881196,0.4667119544338395
6970.0,253.164557,0.4666895785900217
6971.0,253.10062655000002,0.46666720274620394
6972.0,253.0366961,0.4666448269023861
6973.0,252.97276564999999,0.46662245105856837
6974.0,252.9088352,0.46660007521475055
6975.0,252.84490475,0.46657769937093274
6976.0,252.7809743,0.466555323527115
6977.0,252.71704384999998,0.46653294768329717
6978.0,252.6531134,0.4665105718394794
6979.0,252.58918295,0.4664881959956616
6980.0,252.5252525,0.46646582015184385
6981.0,252.46164413,0.46644344430802603
6982.0,252.39803576,0.4664210684642083
6983.0,252.33442739,0.46639869262039046
6984.0,252.27081902,0.46637631677657265
6985.0,252.20721064999998,0.4663539409327549
6986.0,252.14360227999998,0.4663315650889371
6987.0,252.07999390999998,0.4663091892451193
6988.0,252.01638554,0.4662868134013015
6989.0,251.95277717,0.46626443755748376
6990.0,251.8891688,0.46624206171366595
6991.0,251.82588006,0.4662196858698482
6992.0,251.76259131999998,0.4661973100260304
6993.0,251.69930258,0.4661749341822126
6994.0,251.63601384,0.4661525583383948
6995.0,251.5727251,0.466130182494577
6996.0,251.50943636,0.46610780665075924
6997.0,251.44614762,0.4660854308069414
6998.0,251.38285888000001,0.46606305496312367
6999.0,251.31957014,0.46604067911930586
7000.0,251.2562814,0.4660183032754881
7001.0,251.2562814,0.4659959274316703
7002.0,251.2562814,0.46597355158785253
7003.0,251.2562814,0.4659511757440347
7004.0,251.2562814,0.4659287999002169
7005.0,251.2562814,0.46590642405639915
7006.0,251.2562814,0.46588404821258134
7007.0,251.2562814,0.4658616723687636
7008.0,251.2562814,0.46583851363123646
7009.0,251.2562814,0.465815159170282
7010.0,251.2562814,0.4657918047093276
7011.0,251.1933099,0.4657684502483731
7012.0,251.1303384,0.4657450957874187
7013.0,251.0673669,0.4657217413264642
7014.0,251.0043954,0.4656983868655098
7015.0,250.94142390000002,0.4656750324045553
7016.0,250.87845240000001,0.4656516779436009
7017.0,250.8154809,0.46562832348264643
7018.0,250.7525094,0.46560496902169196
7019.0,250.6895379,0.46558161456073754
7020.0,250.6265664,0.46555826009978307
7021.0,250.6265664,0.46553490563882866
7022.0,250.6265664,0.4655115511778742
7023.0,250.6265664,0.46548819671691977
7024.0,250.6265664,0.4654648422559653
7025.0,250.6265664,0.4654414877950109
7026.0,250.6265664,0.4654181333340564
7027.0,250.6265664,0.465394778873102
7028.0,250.6265664,0.4653714244121475
7029.0,250.6265664,0.46534806995119304
7030.0,250.6265664,0.4653247154902386
7031.0,250.56390976,0.46530136102928416
7032.0,250.50125312,0.46527800656832974
7033.0,250.43859648,0.46525465210737527
7034.0,250.37593984,0.46523129764642085
7035.0,250.3132832,0.4652079431854664
7036.0,250.25062656,0.46518458872451196
7037.0,250.18796992,0.4651612342635575
7038.0,250.12531328,0.46513787980260307
7039.0,250.06265664,0.4651145253416486
7040.0,250.0,0.4650911708806941
7041.0,249.93765586,0.4650678164197397
7042.0,249.87531172,0.46504446195878524
7043.0,249.81296758,0.4650211074978308
7044.0,249.75062344,0.46499775303687635
7045.0,249.6882793,0.46497439857592193
7046.0,249.62593516,0.46495104411496746
7047.0,249.56359102000002,0.46492768965401304
7048.0,249.50124688,0.46490433519305857
7049.0,249.43890274,0.46488098073210415
7050.0,249.3765586,0.4648576262711497
7051.0,249.31452463,0.4648342718101952
7052.0,249.25249066,0.4648109173492408
7053.0,249.19045669000002,0.4647875628882863
7054.0,249.12842272,0.46476349301670283
7055.0,249.06638875,0.464739116540564
7056.0,249.00435478,0.46471474006442515
7057.0,248.94232081,0.46469036358828636
7058.0,248.88028684,0.4646659871121475
7059.0,248.81825286999998,0.4646416106360087
7060.0,248.7562189,0.46461723415986983
7061.0,248.69449279,0.46459285768373104
7062.0,248.63276668,0.4645684812075922
7063.0,248.57104056999998,0.46454410473145336
7064.0,248.50931445999998,0.4645197282553145
7065.0,248.44758835,0.4644953517791757
7066.0,248.38586224,0.4644709753030369
7067.0,248.32413613,0.46444659882689804
7068.0,248.26241001999998,0.4644222223507592
7069.0,248.20068390999998,0.4643978458746204
7070.0,248.1389578,0.46437346939848156
7071.0,248.1389578,0.4643490929223427
7072.0,248.1389578,0.46432471644620393
7073.0,248.1389578,0.4643003399700651
7074.0,248.1389578,0.46427596349392625
7075.0,248.1389578,0.4642515870177874
7076.0,248.1389578,0.4642272105416486
7077.0,248.1389578,0.4642028340655098
7078.0,248.1389578,0.46417845758937093
7079.0,248.1389578,0.4641540811132321
7080.0,248.1389578,0.4641297046370933
7081.0,248.07753727,0.46410532816095446
7082.0,248.01611674,0.4640809516848156
7083.0,247.95469620999998,0.46405657520867677
7084.0,247.89327568,0.464032198732538
7085.0,247.83185515,0.46400782225639914
7086.0,247.77043462,0.4639834457802603
7087.0,247.70901409,0.46395906930412145
7088.0,247.64759356,0.46393469282798266
7089.0,247.58617303,0.4639103163518438
7090.0,247.5247525,0.463885939875705
7091.0,247.46363527,0.46386156339956613
7092.0,247.40251804000002,0.46383718692342735
7093.0,247.34140081,0.4638128104472885
7094.0,247.28028358,0.46378843397114966
7095.0,247.21916635000002,0.4637640574950108
7096.0,247.15804912000002,0.46373968101887203
7097.0,247.09693189,0.4637153045427332
7098.0,247.03581466,0.46369092806659434
7099.0,246.97469743000002,0.46366655159045556
7100.0,246.9135802,0.46364153977223427
7101.0,246.9135802,0.46361610439262474
7102.0,246.9135802,0.4635906690130152
7103.0,246.9135802,0.4635652336334056
7104.0,246.9135802,0.4635397982537961
7105.0,246.9135802,0.46351436287418657
7106.0,246.9135802,0.463488927494577
7107.0,246.9135802,0.46346349211496746
7108.0,246.9135802,0.46343805673535793
7109.0,246.9135802,0.4634126213557484
7110.0,246.9135802,0.4633871859761388
7111.0,246.85276405000002,0.4633617505965293
7112.0,246.7919479,0.46333631521691976
7113.0,246.73113175,0.46331087983731023
7114.0,246.6703156,0.46328544445770065
7115.0,246.60949945,0.4632600090780911
7116.0,246.5486833,0.4632345736984816
7117.0,246.48786715,0.46320913831887206
7118.0,246.427051,0.4631837029392625
7119.0,246.36623484999998,0.46315826755965295
7120.0,246.3054187,0.4631328321800434
7121.0,246.3054187,0.4631073968004339
7122.0,246.3054187,0.4630819614208243
7123.0,246.3054187,0.4630565260412148
7124.0,246.3054187,0.46303109066160525
7125.0,246.3054187,0.46300565528199567
7126.0,246.3054187,0.46298021990238614
7127.0,246.3054187,0.4629547845227766
7128.0,246.3054187,0.4629293491431671
7129.0,246.3054187,0.4629039137635575
7130.0,246.3054187,0.46287847838394797
7131.0,246.2449014,0.46285304300433844
7132.0,246.1843841,0.4628276076247289
7133.0,246.1238668,0.4628021722451193
7134.0,246.0633495,0.4627767368655098
7135.0,246.0028322,0.46275130148590027
7136.0,245.9423149,0.46272586610629074
7137.0,245.8817976,0.46270043072668116
7138.0,245.8212803,0.4626749953470716
7139.0,245.760763,0.4626495599674621
7140.0,245.7002457,0.4626241245878525
7141.0,245.64002505000002,0.462598689208243
7142.0,245.5798044,0.46257325382863346
7143.0,245.51958375,0.46254781844902393
7144.0,245.4593631,0.46252238306941434
7145.0,245.39914245,0.4624969476898048
7146.0,245.3389218,0.46247096332971804
7147.0,245.27870115,0.4624444299891541
7148.0,245.2184805,0.46241789664859007
7149.0,245.15825984999998,0.4623913633080261
7150.0,245.0980392,0.4623648299674621
7151.0,245.0980392,0.4623382966268981
7152.0,245.0980392,0.4623117632863341
7153.0,245.0980392,0.4622852299457701
7154.0,245.0980392,0.46225869660520613
7155.0,245.0980392,0.4622321632646421
7156.0,245.0980392,0.46220562992407815
7157.0,245.0980392,0.46217909658351414
7158.0,245.0980392,0.4621525632429502
7159.0,245.0980392,0.46212602990238616
7160.0,245.0980392,0.4620994965618222
7161.0,245.03811302999998,0.4620729632212582
7162.0,244.97818686,0.4620464298806942
7163.0,244.91826068999998,0.4620198965401302
7164.0,244.85833452,0.4619933631995662
7165.0,244.79840835,0.4619668298590022
7166.0,244.73848217999998,0.4619402965184382
7167.0,244.67855601,0.46191376317787425
7168.0,244.61862983999998,0.46188722983731023
7169.0,244.55870367,0.46186069649674627
7170.0,244.4987775,0.46183416315618225
7171.0,244.4987775,0.4618076298156183
7172.0,244.4987775,0.4617810964750543
7173.0,244.4987775,0.4617545631344903
7174.0,244.4987775,0.4617280297939263
7175.0,244.4987775,0.4617014964533623
7176.0,244.4987775,0.4616749631127983
7177.0,244.4987775,0.4616484297722343
7178.0,244.4987775,0.46162189643167034
7179.0,244.4987775,0.4615953630911063
7180.0,244.4987775,0.46156882975054236
7181.0,244.43914364999998,0.46154229640997835
7182.0,244.3795098,0.4615157630694144
7183.0,244.31987594999998,0.46148922972885037
7184.0,244.2602421,0.4614626963882864
7185.0,244.20060825,0.4614361630477224
7186.0,244.14097439999998,0.4614096297071584
7187.0,244.08134055,0.4613830963665944
7188.0,244.02170669999998,0.4613565630260304
7189.0,243.96207285,0.46133002968546644
7190.0,243.902439,0.4613034963449024
7191.0,243.902439,0.46127696300433846
7192.0,243.902439,0.46125001044208247
7193.0,243.902439,0.46122242904728855
7194.0,243.902439,0.46119484765249463
7195.0,243.902439,0.4611672662577007
7196.0,243.902439,0.4611396848629068
7197.0,243.902439,0.4611121034681128
7198.0,243.902439,0.4610845220733189
7199.0,243.902439,0.461056940678525
7200.0,243.902439,0.46102935928373107
7201.0,243.84309534,0.46100177788893715
7202.0,243.78375168,0.46097419649414323
7203.0,243.72440802,0.4609466150993493
7204.0,243.66506436,0.46091903370455534
7205.0,243.6057207,0.4608914523097614
7206.0,243.54637703999998,0.4608638709149675
7207.0,243.48703337999999,0.4608362895201736
7208.0,243.42768972,0.46080870812537966
7209.0,243.36834606,0.46078112673058574
7210.0,243.3090024,0.46075354533579177
7211.0,243.3090024,0.46072596394099785
7212.0,243.3090024,0.46069838254620393
7213.0,243.3090024,0.46067080115141
7214.0,243.3090024,0.4606432197566161
7215.0,243.3090024,0.4606156383618222
7216.0,243.3090024,0.46058805696702826
7217.0,243.3090024,0.4605604755722343
7218.0,243.3090024,0.46053289417744037
7219.0,243.3090024,0.46050531278264645
7220.0,243.3090024,0.46047773138785253
7221.0,243.24994682,0.4604501499930586
7222.0,243.19089123999998,0.4604225685982647
7223.0,243.13183566,0.4603949872034708
7224.0,243.07278008,0.4603674058086768
7225.0,243.0137245,0.4603398244138829
7226.0,242.95466892,0.46031224301908896
7227.0,242.89561333999998,0.46028466162429504
7228.0,242.83655776,0.4602570802295011
7229.0,242.77750218,0.4602294988347072
7230.0,242.7184466,0.4602019174399133
7231.0,242.7184466,0.4601743360451193
7232.0,242.7184466,0.4601467546503254
7233.0,242.7184466,0.4601191732555315
7234.0,242.7184466,0.46009159186073756
7235.0,242.7184466,0.46006401046594364
7236.0,242.7184466,0.4600364290711497
7237.0,242.7184466,0.4600088476763558
7238.0,242.7184466,0.45998092647754885
7239.0,242.7184466,0.4599522124027115
7240.0,242.7184466,0.4599234983278742
7241.0,242.659677,0.4598947842530369
7242.0,242.60090739999998,0.4598660701781996
7243.0,242.5421378,0.4598373561033623
7244.0,242.4833682,0.45980864202852495
7245.0,242.4245986,0.45977992795368766
7246.0,242.365829,0.4597512138788504
7247.0,242.30705939999999,0.45972249980401303
7248.0,242.2482898,0.45969378572917574
7249.0,242.1895202,0.4596650716543384
7250.0,242.1307506,0.4596363575795011
7251.0,242.07226491,0.45960764350466377
7252.0,242.01377922,0.4595789294298265
7253.0,241.95529353,0.4595502153549892
7254.0,241.89680784,0.45952150128015185
7255.0,241.83832215,0.45949278720531456
7256.0,241.77983645999998,0.4594640731304772
7257.0,241.72135077,0.4594353590556399
7258.0,241.66286508,0.45940664498080264
7259.0,241.60437939,0.4593779309059653
7260.0,241.5458937,0.459349216831128
7261.0,241.5458937,0.45932050275629066
7262.0,241.5458937,0.4592917886814534
7263.0,241.5458937,0.4592630746066161
7264.0,241.5458937,0.45923436053177874
7265.0,241.5458937,0.45920564645694145
7266.0,241.5458937,0.4591769323821041
7267.0,241.5458937,0.4591482183072668
7268.0,241.5458937,0.45911950423242953
7269.0,241.5458937,0.4590907901575922
7270.0,241.5458937,0.4590620760827549
7271.0,241.48768987,0.45903336200791756
7272.0,241.42948604,0.45900464793308027
7273.0,241.37128221,0.458975933858243
7274.0,241.31307838,0.45894721978340564
7275.0,241.25487455,0.45891850570856835
7276.0,241.19667072,0.458889791633731
7277.0,241.13846689,0.4588610775588937
7278.0,241.08026306,0.45883236348405637
7279.0,241.02205923,0.4588036494092191
7280.0,240.9638554,0.4587749353343818
7281.0,240.9059314,0.45874622125954445
7282.0,240.8480074,0.45871750718470716
7283.0,240.79008340000001,0.4586887931098698
7284.0,240.7321594,0.45865982559273316
7285.0,240.6742354,0.45862984430639914
7286.0,240.6163114,0.45859986302006506
7287.0,240.55838740000002,0.45856988173373103
7288.0,240.5004634,0.45853990044739695
7289.0,240.4425394,0.45850991916106293
7290.0,240.3846154,0.45847993787472885
7291.0,240.3846154,0.45844995658839477
7292.0,240.3846154,0.45841997530206074
7293.0,240.3846154,0.45838999401572667
7294.0,240.3846154,0.45836001272939264
7295.0,240.3846154,0.45833003144305856
7296.0,240.3846154,0.4583000501567245
7297.0,240.3846154,0.45827006887039046
7298.0,240.3846154,0.4582400875840564
7299.0,240.3846154,0.45821010629772235
7300.0,240.3846154,0.4581801250113883
7301.0,240.32696921000002,0.45815014372505425
7302.0,240.26932302,0.45812016243872017
7303.0,240.21167683,0.4580901811523861
7304.0,240.15403064,0.45806019986605206
7305.0,240.09638445000002,0.458030218579718
7306.0,240.03873826,0.45800023729338396
7307.0,239.98109207,0.4579702560070499
7308.0,239.92344588,0.45794027472071586
7309.0,239.86579969000002,0.4579102934343818
7310.0,239.8081535,0.4578803121480477
7311.0,239.8081535,0.4578503308617137
7312.0,239.8081535,0.4578203495753796
7313.0,239.8081535,0.45779036828904557
7314.0,239.8081535,0.4577603870027115
7315.0,239.8081535,0.45773040571637746
7316.0,239.8081535,0.4577004244300434
7317.0,239.8081535,0.4576704431437093
7318.0,239.8081535,0.4576404618573753
7319.0,239.8081535,0.4576104805710412
7320.0,239.8081535,0.4575804992847072
7321.0,239.75078313,0.4575505179983731
7322.0,239.69341276,0.45752053671203907
7323.0,239.63604239,0.457490555425705
7324.0,239.57867202,0.4574605741393709
7325.0,239.52130165,0.4574305928530369
7326.0,239.46393128,0.4574006115667028
7327.0,239.40656091,0.4573706302803688
7328.0,239.34919054,0.4573406489940347
7329.0,239.29182017,0.4573106677077007
7330.0,239.2344498,0.457280560785141
7331.0,239.17735327,0.457249323136551
7332.0,239.12025674,0.45721808548796095
7333.0,239.06316021,0.4571868478393709
7334.0,239.00606368,0.45715561019078094
7335.0,238.94896715,0.4571243725421909
7336.0,238.89187062,0.45709313489360087
7337.0,238.83477409,0.45706189724501084
7338.0,238.77767756,0.4570306595964208
7339.0,238.72058103,0.4569994219478308
7340.0,238.6634845,0.4569681842992408
7341.0,238.6634845,0.45693694665065077
7342.0,238.6634845,0.45690570900206073
7343.0,238.6634845,0.4568744713534707
7344.0,238.6634845,0.45684323370488067
7345.0,238.6634845,0.45681199605629064
7346.0,238.6634845,0.45678075840770066
7347.0,238.6634845,0.4567495207591106
7348.0,238.6634845,0.4567182831105206
7349.0,238.6634845,0.45668704546193056
7350.0,238.6634845,0.45665580781334053
7351.0,238.60665986,0.45662457016475055
7352.0,238.54983522,0.4565933325161605
7353.0,238.49301058,0.4565620948675705
7354.0,238.43618594,0.45653085721898046
7355.0,238.3793613,0.4564996195703904
7356.0,238.32253666,0.4564683819218004
7357.0,238.26571202,0.4564371442732104
7358.0,238.20888738,0.4564059066246204
7359.0,238.15206274,0.45637466897603035
7360.0,238.0952381,0.4563434313274403
7361.0,238.03868340999998,0.4563121936788503
7362.0,237.98212872,0.4562809560302603
7363.0,237.92557403,0.4562497183816703
7364.0,237.86901934,0.45621848073308024
7365.0,237.81246464999998,0.4561872430844902
7366.0,237.75590996,0.4561560054359002
7367.0,237.69935527,0.45612476778731015
7368.0,237.64280058,0.45609353013872017
7369.0,237.58624589,0.45606229249013014
7370.0,237.5296912,0.4560310548415401
7371.0,237.5296912,0.4559998171929501
7372.0,237.5296912,0.45596857954436004
7373.0,237.5296912,0.45593734189577
7374.0,237.5296912,0.45590610424718003
7375.0,237.5296912,0.45587486659859
7376.0,237.5296912,0.45584362894999997
7377.0,237.5296912,0.4558111327677874
7378.0,237.5296912,0.4557786365855748
7379.0,237.5296912,0.4557461404033622
7380.0,237.5296912,0.4557136442211496
7381.0,237.47340454,0.45568114803893706
7382.0,237.41711788,0.4556486518567245
7383.0,237.36083122,0.4556161556745119
7384.0,237.30454456,0.45558365949229934
7385.0,237.2482579,0.4555511633100867
7386.0,237.19197124,0.45551866712787414
7387.0,237.13568458,0.4554861709456616
7388.0,237.07939792,0.455453674763449
7389.0,237.02311126,0.45542117858123643
7390.0,236.9668246,0.4553886823990238
7391.0,236.9668246,0.45535618621681123
7392.0,236.9668246,0.45532369003459866
7393.0,236.9668246,0.4552911938523861
7394.0,236.9668246,0.4552586976701735
7395.0,236.9668246,0.45522620148796095
7396.0,236.9668246,0.4551937053057483
7397.0,236.9668246,0.45516120912353575
7398.0,236.9668246,0.4551287129413232
7399.0,236.9668246,0.4550962167591106
7400.0,236.9668246,0.45506372057689803
7401.0,236.91080408,0.4550312243946854
7402.0,236.85478356,0.45499872821247284
7403.0,236.79876304,0.45496623203026026
7404.0,236.74274252,0.4549337358480477
7405.0,236.686722,0.4549012396658351
7406.0,236.63070148,0.45486874348362255
7407.0,236.57468096,0.4548362473014099
7408.0,236.51866044000002,0.45480375111919735
7409.0,236.46263992000002,0.4547712549369848
7410.0,236.4066194,0.4547387587547722
7411.0,236.4066194,0.45470626257255964
7412.0,236.4066194,0.454673766390347
7413.0,236.4066194,0.45464127020813444
7414.0,236.4066194,0.45460877402592187
7415.0,236.4066194,0.4545762778437093
7416.0,236.4066194,0.4545437816614967
7417.0,236.4066194,0.45451128547928416
7418.0,236.4066194,0.45447878929707153
7419.0,236.4066194,0.45444629311485896
7420.0,236.4066194,0.4544137969326464
7421.0,236.35086312,0.4543813007504338
7422.0,236.29510684000002,0.45434880456822124
7423.0,236.23935056000002,0.45431507025054224
7424.0,236.18359428000002,0.45428119836225594
7425.0,236.127838,0.4542473264739696
7426.0,236.07208172,0.45421345458568324
7427.0,236.01632544,0.45417958269739694
7428.0,235.96056916,0.4541457108091106
7429.0,235.90481288,0.45411183892082424
7430.0,235.8490566,0.45407796703253794
7431.0,235.7935627,0.4540440951442516
7432.0,235.7380688,0.45401022325596524
7433.0,235.68257490000002,0.45397635136767894
7434.0,235.627081,0.4539424794793926
7435.0,235.5715871,0.45390860759110624
7436.0,235.5160932,0.45387473570281994
7437.0,235.4605993,0.4538408638145336
7438.0,235.4051054,0.45380699192624724
7439.0,235.34961149999998,0.4537731200379609
7440.0,235.2941176,0.4537392481496746
7441.0,235.2941176,0.45370537626138824
7442.0,235.2941176,0.4536715043731019
7443.0,235.2941176,0.4536376324848156
7444.0,235.2941176,0.45360376059652924
7445.0,235.2941176,0.4535698887082429
7446.0,235.2941176,0.4535360168199566
7447.0,235.2941176,0.45350214493167024
7448.0,235.2941176,0.4534682730433839
7449.0,235.2941176,0.4534344011550976
7450.0,235.2941176,0.45340052926681124
7451.0,235.23888424,0.4533666573785249
7452.0,235.18365088,0.4533327854902386
7453.0,235.12841752,0.45329891360195224
7454.0,235.07318415999998,0.4532650417136659
7455.0,235.0179508,0.4532311698253796
7456.0,234.96271744,0.45319729793709324
7457.0,234.90748408,0.4531634260488069
7458.0,234.85225072,0.45312955416052053
7459.0,234.79701735999998,0.45309568227223423
7460.0,234.741784,0.4530618103839479
7461.0,234.741784,0.45302793849566153
7462.0,234.741784,0.45299406660737523
7463.0,234.741784,0.4529601947190889
7464.0,234.741784,0.45292632283080253
7465.0,234.741784,0.45289245094251623
7466.0,234.741784,0.4528585790542299
7467.0,234.741784,0.45282470716594353
7468.0,234.741784,0.45279083527765723
7469.0,234.741784,0.452755845464859
7470.0,234.741784,0.4527205761709327
7471.0,234.68680935,0.4526853068770065
7472.0,234.63183469999998,0.4526500375830802
7473.0,234.57686005,0.452614768289154
7474.0,234.5218854,0.4525794989952277
7475.0,234.46691075,0.4525442297013015
7476.0,234.4119361,0.4525089604073752
7477.0,234.35696145,0.452473691113449
7478.0,234.3019868,0.45243842181952276
7479.0,234.24701215,0.4524031525255965
7480.0,234.1920375,0.45236788323167026
7481.0,234.13731973,0.452332613937744
7482.0,234.08260196,0.45229734464381777
7483.0,234.02788419,0.4522620753498915
7484.0,233.97316642,0.45222680605596527
7485.0,233.91844865000002,0.452191536762039
7486.0,233.86373088,0.45215626746811277
7487.0,233.80901311,0.45212099817418655
7488.0,233.75429534,0.4520857288802603
7489.0,233.69957757,0.45205045958633405
7490.0,233.6448598,0.4520151902924078
7491.0,233.6448598,0.45197992099848155
7492.0,233.6448598,0.4519446517045553
7493.0,233.6448598,0.45190938241062906
7494.0,233.6448598,0.45187411311670284
7495.0,233.6448598,0.45183884382277656
7496.0,233.6448598,0.45180357452885034
7497.0,233.6448598,0.45176830523492406
7498.0,233.6448598,0.45173303594099784
7499.0,233.6448598,0.45169776664707156
7500.0,233.6448598,0.45166249735314534
7501.0,233.59039713,0.45162722805921907
7502.0,233.53593446,0.45159195876529284
7503.0,233.48147179,0.4515566894713666
7504.0,233.42700912,0.45152142017744035
7505.0,233.37254645000002,0.4514861508835141
7506.0,233.31808378,0.45145088158958785
7507.0,233.26362111,0.45141561229566163
7508.0,233.20915844,0.45138034300173535
7509.0,233.15469577,0.45134507370780913
7510.0,233.1002331,0.4513098044138829
7511.0,233.1002331,0.45127453511995663
7512.0,233.1002331,0.4512392658260304
7513.0,233.1002331,0.45120399653210413
7514.0,233.1002331,0.4511687272381779
7515.0,233.1002331,0.4511324539392625
7516.0,233.1002331,0.4510957503524946
7517.0,233.1002331,0.4510590467657267
7518.0,233.1002331,0.4510223431789588
7519.0,233.1002331,0.4509856395921909
7520.0,233.1002331,0.450948936005423
7521.0,233.04602374,0.45091223241865513
7522.0,232.99181438,0.4508755288318872
7523.0,232.93760502,0.4508388252451193
7524.0,232.88339566,0.45080212165835143
7525.0,232.8291863,0.45076541807158355
7526.0,232.77497694000002,0.45072871448481566
7527.0,232.72076758,0.4506920108980477
7528.0,232.66655822,0.45065530731127984
7529.0,232.61234886,0.45061860372451196
7530.0,232.5581395,0.4505819001377441
7531.0,232.5581395,0.45054519655097613
7532.0,232.5581395,0.45050849296420825
7533.0,232.5581395,0.45047178937744037
7534.0,232.5581395,0.4504350857906725
7535.0,232.5581395,0.45039838220390455
7536.0,232.5581395,0.45036167861713666
7537.0,232.5581395,0.4503249750303688
7538.0,232.5581395,0.4502882714436009
7539.0,232.5581395,0.45025156785683296
7540.0,232.5581395,0.4502148642700651
7541.0,232.5041817,0.4501781606832972
7542.0,232.4502239,0.4501414570965293
7543.0,232.39626610000002,0.45010475350976137
7544.0,232.3423083,0.4500680499229935
7545.0,232.2883505,0.4500313463362256
7546.0,232.2343927,0.4499946427494577
7547.0,232.1804349,0.44995793916268984
7548.0,232.12647710000002,0.4499212355759219
7549.0,232.0725193,0.449884531989154
7550.0,232.0185615,0.44984782840238613
7551.0,231.9648535,0.44981112481561825
7552.0,231.9111455,0.4497744212288503
7553.0,231.8574375,0.4497377176420824
7554.0,231.8037295,0.44970101405531454
7555.0,231.7500215,0.44966431046854666
7556.0,231.6963135,0.4496276068817787
7557.0,231.6426055,0.44959090329501084
7558.0,231.5888975,0.44955419970824295
7559.0,231.5351895,0.44951749612147507
7560.0,231.4814815,0.44948079253470713
7561.0,231.4814815,0.44944314114251627
7562.0,231.4814815,0.44940485788004336
7563.0,231.4814815,0.4493665746175705
7564.0,231.4814815,0.4493282913550976
7565.0,231.4814815,0.4492900080926247
7566.0,231.4814815,0.44925172483015186
7567.0,231.4814815,0.44921344156767895
7568.0,231.4814815,0.44917515830520605
7569.0,231.4814815,0.4491368750427332
7570.0,231.4814815,0.4490985917802603
7571.0,231.42802157,0.4490603085177874
7572.0,231.37456164,0.44902202525531454
7573.0,231.32110171,0.44898374199284163
7574.0,231.26764178,0.4489454587303688
7575.0,231.21418185,0.4489071754678959
7576.0,231.16072192000001,0.448868892205423
7577.0,231.10726199,0.4488306089429501
7578.0,231.05380206,0.4487923256804772
7579.0,231.00034213,0.4487540424180043
7580.0,230.9468822,0.44871575915553147
7581.0,230.89366863,0.44867747589305856
7582.0,230.84045506,0.44863919263058566
7583.0,230.78724149,0.4486009093681128
7584.0,230.73402792000002,0.4485626261056399
7585.0,230.68081435,0.448524342843167
7586.0,230.62760078,0.44848605958069415
7587.0,230.57438721,0.44844777631822125
7588.0,230.52117364,0.44840949305574834
7589.0,230.46796007,0.4483712097932755
7590.0,230.4147465,0.4483329265308026
7591.0,230.4147465,0.44829464326832974
7592.0,230.4147465,0.44825636000585684
7593.0,230.4147465,0.44821807674338393
7594.0,230.4147465,0.4481797934809111
7595.0,230.4147465,0.4481415102184382
7596.0,230.4147465,0.4481032269559653
7597.0,230.4147465,0.4480649436934924
7598.0,230.4147465,0.4480266604310195
7599.0,230.4147465,0.4479883771685466
7600.0,230.4147465,0.44795009390607377
7601.0,230.4147465,0.44791181064360086
7602.0,230.4147465,0.44787352738112796
7603.0,230.4147465,0.4478352441186551
7604.0,230.4147465,0.4477969608561822
7605.0,230.4147465,0.4477586775937093
7606.0,230.4147465,0.44772039433123645
7607.0,230.4147465,0.44768131580629067
7608.0,230.4147465,0.447641442018872
7609.0,230.4147465,0.44760156823145336
7610.0,230.4147465,0.4475616944440347
7611.0,230.4147465,0.44752182065661605
7612.0,230.4147465,0.4474819468691974
7613.0,230.4147465,0.44744207308177875
7614.0,230.4147465,0.4474021992943601
7615.0,230.4147465,0.44736232550694144
7616.0,230.4147465,0.4473224517195228
7617.0,230.4147465,0.44728257793210413
7618.0,230.4147465,0.4472427041446855
7619.0,230.4147465,0.4472028303572668
7620.0,230.4147465,0.44716295656984817
7621.0,230.4147465,0.4471230827824295
7622.0,230.4147465,0.44708320899501086
7623.0,230.4147465,0.4470433352075922
7624.0,230.4147465,0.44700346142017355
7625.0,230.4147465,0.4469635876327549
7626.0,230.4147465,0.44692371384533625
7627.0,230.4147465,0.4468838400579176
7628.0,230.4147465,0.44684396627049894
7629.0,230.4147465,0.4468040924830803
7630.0,230.4147465,0.44676421869566163
7631.0,230.3617776,0.446724344908243
7632.0,230.30880870000001,0.4466844711208243
7633.0,230.2558398,0.44664459733340567
7634.0,230.2028709,0.446604723545987
7635.0,230.149902,0.44656484975856836
7636.0,230.0969331,0.4465249759711497
7637.0,230.0439642,0.44648510218373105
7638.0,229.99099529999998,0.4464452283963124
7639.0,229.93802639999998,0.44640535460889375
7640.0,229.8850575,0.4463654808214751
7641.0,229.8850575,0.44632560703405644
7642.0,229.8850575,0.4462857332466378
7643.0,229.8850575,0.44624585945921913
7644.0,229.8850575,0.4462059856718005
7645.0,229.8850575,0.4461661118843818
7646.0,229.8850575,0.44612623809696317
7647.0,229.8850575,0.4460863643095445
7648.0,229.8850575,0.44604649052212586
7649.0,229.8850575,0.4460066167347072
7650.0,229.8850575,0.4459667429472885
7651.0,229.8850575,0.44592686915986984
7652.0,229.8850575,0.4458869953724512
7653.0,229.8850575,0.44584648971475055
7654.0,229.8850575,0.44580503625162693
7655.0,229.8850575,0.44576358278850325
7656.0,229.8850575,0.44572212932537963
7657.0,229.8850575,0.44568067586225596
7658.0,229.8850575,0.44563922239913234
7659.0,229.8850575,0.4455977689360087
7660.0,229.8850575,0.44555631547288505
7661.0,229.83233156999998,0.4455148620097614
7662.0,229.77960564,0.44547340854663775
7663.0,229.72687971,0.44543195508351413
7664.0,229.67415377999998,0.44539050162039046
7665.0,229.62142784999998,0.44534904815726684
7666.0,229.56870192,0.44530759469414316
7667.0,229.51597599,0.44526614123101954
7668.0,229.46325005999998,0.4452246877678959
7669.0,229.41052413,0.44518323430477225
7670.0,229.3577982,0.4451417808416486
7671.0,229.3577982,0.44510032737852495
7672.0,229.3577982,0.44505887391540133
7673.0,229.3577982,0.44501742045227766
7674.0,229.3577982,0.44497596698915404
7675.0,229.3577982,0.44493451352603036
7676.0,229.3577982,0.44489306006290674
7677.0,229.3577982,0.4448516065997831
7678.0,229.3577982,0.44481015313665945
7679.0,229.3577982,0.44476869967353583
7680.0,229.3577982,0.44472724621041215
7681.0,229.30531356999998,0.44468579274728853
7682.0,229.25282894,0.44464433928416486
7683.0,229.20034431,0.44460288582104124
7684.0,229.14785968,0.44456143235791756
7685.0,229.09537505,0.44451997889479394
7686.0,229.04289042,0.44447852543167027
7687.0,228.99040579,0.44443707196854665
7688.0,228.93792116,0.44439561850542303
7689.0,228.88543653000002,0.44435416504229935
7690.0,228.8329519,0.44431271157917573
7691.0,228.78070694000002,0.44427125811605206
7692.0,228.72846198000002,0.44422980465292844
7693.0,228.67621702,0.44418835118980476
7694.0,228.62397206,0.44414689772668114
7695.0,228.5717271,0.44410544426355747
7696.0,228.51948214,0.44406399080043385
7697.0,228.46723718,0.44402253733731023
7698.0,228.41499222,0.44398108387418656
7699.0,228.36274726,0.4439391421870933
7700.0,228.3105023,0.44389606131073756
7701.0,228.3105023,0.44385298043438176
7702.0,228.3105023,0.443809899558026
7703.0,228.3105023,0.4437668186816703
7704.0,228.3105023,0.44372373780531454
7705.0,228.3105023,0.4436806569289588
7706.0,228.3105023,0.44363757605260307
7707.0,228.3105023,0.44359449517624727
7708.0,228.3105023,0.44355141429989153
7709.0,228.3105023,0.4435083334235358
7710.0,228.3105023,0.44346525254718006
7711.0,228.25849535,0.4434221716708243
7712.0,228.20648839999998,0.4433790907944686
7713.0,228.15448145,0.4433360099181128
7714.0,228.1024745,0.44329292904175704
7715.0,228.05046755,0.4432498481654013
7716.0,227.9984606,0.44320676728904557
7717.0,227.94645365,0.44316368641268983
7718.0,227.8944467,0.4431206055363341
7719.0,227.84243974999998,0.4430775246599783
7720.0,227.7904328,0.44303444378362256
7721.0,227.7904328,0.4429913629072668
7722.0,227.7904328,0.4429482820309111
7723.0,227.7904328,0.44290520115455534
7724.0,227.7904328,0.4428621202781996
7725.0,227.7904328,0.4428190394018438
7726.0,227.7904328,0.44277595852548807
7727.0,227.7904328,0.44273287764913233
7728.0,227.7904328,0.4426897967727766
7729.0,227.7904328,0.44264671589642085
7730.0,227.7904328,0.4426036350200651
7731.0,227.7904328,0.4425605541437093
7732.0,227.7904328,0.4425174732673536
7733.0,227.7904328,0.44247439239099784
7734.0,227.7904328,0.4424313115146421
7735.0,227.7904328,0.44238823063828636
7736.0,227.7904328,0.4423451497619306
7737.0,227.7904328,0.44230206888557483
7738.0,227.7904328,0.4422589880092191
7739.0,227.7904328,0.44221590713286335
7740.0,227.7904328,0.4421728262565076
7741.0,227.7904328,0.4421297453801519
7742.0,227.7904328,0.44208666450379613
7743.0,227.7904328,0.44204358362744034
7744.0,227.7904328,0.4420005027510846
7745.0,227.7904328,0.4419570772972885
7746.0,227.7904328,0.441912273533731
7747.0,227.7904328,0.44186746977017355
7748.0,227.7904328,0.44182266600661607
7749.0,227.7904328,0.4417778622430586
7750.0,227.7904328,0.4417330584795011
7751.0,227.73866225,0.44168825471594364
7752.0,227.6868917,0.4416434509523861
7753.0,227.63512115,0.44159864718882863
7754.0,227.5833506,0.44155384342527115
7755.0,227.53158005,0.4415090396617137
7756.0,227.47980950000002,0.4414642358981562
7757.0,227.42803895,0.4414194321345987
7758.0,227.37626840000001,0.44137462837104124
7759.0,227.32449785,0.44132982460748377
7760.0,227.2727273,0.4412850208439263
7761.0,227.2727273,0.44124021708036876
7762.0,227.2727273,0.4411954133168113
7763.0,227.2727273,0.4411506095532538
7764.0,227.2727273,0.4411058057896963
7765.0,227.2727273,0.44106100202613885
7766.0,227.2727273,0.44101619826258137
7767.0,227.2727273,0.4409713944990239
7768.0,227.2727273,0.4409265907354664
7769.0,227.2727273,0.4408817869719089
7770.0,227.2727273,0.4408369832083514
7771.0,227.2727273,0.44079217944479393
7772.0,227.2727273,0.44074737568123645
7773.0,227.2727273,0.440702571917679
7774.0,227.2727273,0.4406577681541215
7775.0,227.2727273,0.440612964390564
7776.0,227.2727273,0.44056816062700654
7777.0,227.2727273,0.440523356863449
7778.0,227.2727273,0.44047855309989153
7779.0,227.2727273,0.44043374933633406
7780.0,227.2727273,0.4403889455727766
7781.0,227.2727273,0.4403441418092191
7782.0,227.2727273,0.4402993380456616
7783.0,227.2727273,0.44025453428210415
7784.0,227.2727273,0.44020973051854667
7785.0,227.2727273,0.4401649267549892
7786.0,227.2727273,0.44012012299143166
7787.0,227.2727273,0.4400753192278742
7788.0,227.2727273,0.4400305154643167
7789.0,227.2727273,0.43998571170075923
7790.0,227.2727273,0.43994090793720175
7791.0,227.22119153,0.43989592125238614
7792.0,227.16965576,0.4398492882762473
7793.0,227.11811999000003,0.4398026553001085
7794.0,227.06658422,0.43975602232396965
7795.0,227.01504845,0.4397093893478308
7796.0,226.96351268,0.439662756371692
7797.0,226.91197691000002,0.43961612339555317
7798.0,226.86044114,0.43956949041941434
7799.0,226.80890537,0.4395228574432755
7800.0,226.7573696,0.4394762244671367
7801.0,226.7573696,0.43942959149099786
7802.0,226.7573696,0.43938295851485903
7803.0,226.7573696,0.4393363255387202
7804.0,226.7573696,0.4392896925625814
7805.0,226.7573696,0.43924305958644255
7806.0,226.7573696,0.4391964266103037
7807.0,226.7573696,0.4391497936341649
7808.0,226.7573696,0.43910316065802607
7809.0,226.7573696,0.43905652768188724
7810.0,226.7573696,0.4390098947057484
7811.0,226.70606703,0.4389632617296096
7812.0,226.65476446,0.4389166287534707
7813.0,226.60346189,0.4388699957773319
7814.0,226.55215932,0.43882336280119305
7815.0,226.50085675,0.4387767298250542
7816.0,226.44955418,0.4387300968489154
7817.0,226.39825161,0.43868346387277657
7818.0,226.34694904,0.43863683089663774
7819.0,226.29564646999998,0.4385901979204989
7820.0,226.2443439,0.4385435649443601
7821.0,226.2443439,0.43849693196822126
7822.0,226.2443439,0.43845029899208243
7823.0,226.2443439,0.4384036660159436
7824.0,226.2443439,0.4383570330398048
7825.0,226.2443439,0.43831040006366595
7826.0,226.2443439,0.4382637670875271
7827.0,226.2443439,0.4382171341113883
7828.0,226.2443439,0.43817050113524947
7829.0,226.2443439,0.43812386815911064
7830.0,226.2443439,0.4380772351829718
7831.0,226.19327293999999,0.438030602206833
7832.0,226.14220197999998,0.43798396923069416
7833.0,226.09113102,0.43793733625455533
7834.0,226.04006006,0.4378907032784165
7835.0,225.9889891,0.4378440703022777
7836.0,225.93791814,0.43779743732613885
7837.0,225.88684718,0.43775080435
7838.0,225.83577622,0.437702255366269
7839.0,225.78470526,0.437653706382538
7840.0,225.7336343,0.43760515739880695
7841.0,225.7336343,0.43755660841507593
7842.0,225.7336343,0.4375080594313449
7843.0,225.7336343,0.4374595104476139
7844.0,225.7336343,0.43741096146388286
7845.0,225.7336343,0.43736241248015184
7846.0,225.7336343,0.4373138634964208
7847.0,225.7336343,0.43726531451268985
7848.0,225.7336343,0.43721676552895883
7849.0,225.7336343,0.4371682165452278
7850.0,225.7336343,0.4371196675614968
7851.0,225.7336343,0.43707111857776576
7852.0,225.7336343,0.43702256959403474
7853.0,225.7336343,0.4369740206103037
7854.0,225.7336343,0.4369254716265727
7855.0,225.7336343,0.43687692264284167
7856.0,225.7336343,0.43682837365911065
7857.0,225.7336343,0.4367798246753796
7858.0,225.7336343,0.4367312756916486
7859.0,225.7336343,0.4366827267079176
7860.0,225.7336343,0.43663417772418656
7861.0,225.7336343,0.43658562874045553
7862.0,225.7336343,0.4365370797567245
7863.0,225.7336343,0.4364885307729935
7864.0,225.7336343,0.43643998178926247
7865.0,225.7336343,0.43639143280553144
7866.0,225.7336343,0.4363428838218005
7867.0,225.7336343,0.43629433483806945
7868.0,225.7336343,0.43624578585433843
7869.0,225.7336343,0.4361972368706074
7870.0,225.7336343,0.4361486878868764
7871.0,225.68279339,0.43610013890314536
7872.0,225.63195248,0.43605158991941434
7873.0,225.58111157000002,0.4360030409356833
7874.0,225.53027066,0.4359544919519523
7875.0,225.47942975,0.43590594296822127
7876.0,225.42858884,0.43585739398449025
7877.0,225.37774793,0.4358088450007592
7878.0,225.32690702000002,0.4357602960170282
7879.0,225.27606611000002,0.4357117470332972
7880.0,225.2252252,0.43566319804956616
7881.0,225.2252252,0.43561464906583514
7882.0,225.2252252,0.4355661000821041
7883.0,225.2252252,0.4355175510983731
7884.0,225.2252252,0.43546727575553146
7885.0,225.2252252,0.43541680859501086
7886.0,225.2252252,0.43536634143449027
7887.0,225.2252252,0.4353158742739696
7888.0,225.2252252,0.435265407113449
7889.0,225.2252252,0.4352149399529284
7890.0,225.2252252,0.43516447279240783
7891.0,225.2252252,0.43511400563188724
7892.0,225.2252252,0.4350635384713666
7893.0,225.2252252,0.435013071310846
7894.0,225.2252252,0.4349626041503254
7895.0,225.2252252,0.4349121369898048
7896.0,225.2252252,0.43486166982928415
7897.0,225.2252252,0.43481120266876355
7898.0,225.2252252,0.43476073550824296
7899.0,225.2252252,0.43471026834772236
7900.0,225.2252252,0.4346598011872017
7901.0,225.17461279,0.4346093340266811
7902.0,225.12400038,0.4345588668661605
7903.0,225.07338797,0.4345083997056399
7904.0,225.02277556,0.43445793254511933
7905.0,224.97216315,0.4344074653845987
7906.0,224.92155074,0.4343569982240781
7907.0,224.87093833,0.4343065310635575
7908.0,224.82032592,0.4342560639030369
7909.0,224.76971351,0.43420559674251624
7910.0,224.7191011,0.43415512958199565
7911.0,224.7191011,0.43410466242147505
7912.0,224.7191011,0.43405419526095446
7913.0,224.7191011,0.43400372810043386
7914.0,224.7191011,0.4339532609399132
7915.0,224.7191011,0.4339027937793926
7916.0,224.7191011,0.433852326618872
7917.0,224.7191011,0.4338018594583514
7918.0,224.7191011,0.4337513922978308
7919.0,224.7191011,0.4337009251373102
7920.0,224.7191011,0.4336504579767896
7921.0,224.7191011,0.433599990816269
7922.0,224.7191011,0.43354952365574834
7923.0,224.7191011,0.43349905649522774
7924.0,224.7191011,0.43344858933470715
7925.0,224.7191011,0.43339812217418655
7926.0,224.7191011,0.43334765501366596
7927.0,224.7191011,0.4332971878531453
7928.0,224.7191011,0.4332467206926247
7929.0,224.7191011,0.4331962535321041
7930.0,224.7191011,0.43314427092429497
7931.0,224.66871565,0.43309190945466375
7932.0,224.6183302,0.4330395479850325
7933.0,224.56794474999998,0.4329871865154013
7934.0,224.5175593,0.4329348250457701
7935.0,224.46717385,0.4328824635761388
7936.0,224.4167884,0.4328301021065076
7937.0,224.36640295,0.43277774063687635
7938.0,224.3160175,0.4327253791672451
7939.0,224.26563205,0.4326730176976139
7940.0,224.2152466,0.4326206562279826
7941.0,224.2152466,0.4325682947583514
7942.0,224.2152466,0.4325159332887202
7943.0,224.2152466,0.43246357181908895
7944.0,224.2152466,0.4324112103494577
7945.0,224.2152466,0.43235884887982645
7946.0,224.2152466,0.43230648741019523
7947.0,224.2152466,0.432254125940564
7948.0,224.2152466,0.4322017644709328
7949.0,224.2152466,0.4321494030013015
7950.0,224.2152466,0.4320970415316703
7951.0,224.2152466,0.43204468006203905
7952.0,224.2152466,0.43199231859240783
7953.0,224.2152466,0.4319399571227766
7954.0,224.2152466,0.43188759565314533
7955.0,224.2152466,0.4318352341835141
7956.0,224.2152466,0.4317828727138829
7957.0,224.2152466,0.43173051124425166
7958.0,224.2152466,0.43167814977462043
7959.0,224.2152466,0.43162578830498916
7960.0,224.2152466,0.43157342683535793
7961.0,224.16508659,0.4315210653657267
7962.0,224.11492658,0.4314687038960955
7963.0,224.06476657000002,0.4314163424264642
7964.0,224.01460656,0.431363980956833
7965.0,223.96444655,0.43131161948720176
7966.0,223.91428654,0.43125925801757053
7967.0,223.86412653000002,0.4312068965479393
7968.0,223.81396652,0.43115453507830803
7969.0,223.76380651,0.4311021736086768
7970.0,223.7136465,0.4310498121390456
7971.0,223.7136465,0.43099745066941436
7972.0,223.7136465,0.43094508919978314
7973.0,223.7136465,0.43089272773015186
7974.0,223.7136465,0.43084036626052064
7975.0,223.7136465,0.4307880047908894
7976.0,223.7136465,0.43073427477570503
7977.0,223.7136465,0.43067995824099786
7978.0,223.7136465,0.4306256417062907
7979.0,223.7136465,0.43057132517158353
7980.0,223.7136465,0.43051700863687636
7981.0,223.7136465,0.43046269210216925
7982.0,223.7136465,0.4304083755674621
7983.0,223.7136465,0.4303540590327549
7984.0,223.7136465,0.43029974249804775
7985.0,223.7136465,0.4302454259633406
7986.0,223.7136465,0.4301911094286334
7987.0,223.7136465,0.43013679289392626
7988.0,223.7136465,0.4300824763592191
7989.0,223.7136465,0.4300281598245119
7990.0,223.7136465,0.4299738432898048
7991.0,223.7136465,0.42991952675509765
7992.0,223.7136465,0.4298652102203905
7993.0,223.7136465,0.4298108936856833
7994.0,223.7136465,0.42975657715097615
7995.0,223.7136465,0.429702260616269
7996.0,223.7136465,0.4296479440815618
7997.0,223.7136465,0.42959362754685465
7998.0,223.7136465,0.42953931101214754
7999.0,223.7136465,0.4294849944774404
8000.0,223.7136465,0.4294306779427332
8001.0,223.7136465,0.42937636140802604
8002.0,223.7136465,0.4293220448733189
8003.0,223.7136465,0.4292677283386117
8004.0,223.7136465,0.42921341180390454
8005.0,223.7136465,0.4291590952691974
8006.0,223.7136465,0.4291047787344902
8007.0,223.7136465,0.4290504621997831
8008.0,223.7136465,0.42899614566507593
8009.0,223.7136465,0.42894182913036877
8010.0,223.7136465,0.4288875125956616
8011.0,223.66371042,0.42883319606095444
8012.0,223.61377434000002,0.42877887952624727
8013.0,223.56383826,0.4287245629915401
8014.0,223.51390218,0.42867024645683294
8015.0,223.4639661,0.4286159299221258
8016.0,223.41403002,0.42856161338741866
8017.0,223.36409394,0.4285072968527115
8018.0,223.31415786,0.42845298031800433
8019.0,223.26422178,0.42839866378329716
8020.0,223.2142857,0.42834434724859
8021.0,223.2142857,0.42829003071388283
8022.0,223.2142857,0.4282345085911063
8023.0,223.2142857,0.4281781827429501
8024.0,223.2142857,0.42812185689479393
8025.0,223.2142857,0.42806553104663775
8026.0,223.2142857,0.42800920519848157
8027.0,223.2142857,0.4279528793503254
8028.0,223.2142857,0.4278965535021692
8029.0,223.2142857,0.42784022765401303
8030.0,223.2142857,0.42778390180585685
8031.0,223.16457205,0.4277275759577006
8032.0,223.1148584,0.42767125010954443
8033.0,223.06514475,0.42761492426138825
8034.0,223.0154311,0.42755859841323207
8035.0,222.96571745,0.4275022725650759
8036.0,222.9160038,0.4274459467169197
8037.0,222.86629015,0.42738962086876353
8038.0,222.8165765,0.42733329502060735
8039.0,222.76686285,0.42727696917245117
8040.0,222.7171492,0.427220643324295
8041.0,222.7171492,0.4271643174761388
8042.0,222.7171492,0.42710799162798263
8043.0,222.7171492,0.42705166577982645
8044.0,222.7171492,0.42699533993167027
8045.0,222.7171492,0.4269390140835141
8046.0,222.7171492,0.4268826882353579
8047.0,222.7171492,0.42682636238720173
8048.0,222.7171492,0.42677003653904555
8049.0,222.7171492,0.42671371069088937
8050.0,222.7171492,0.4266573848427332
8051.0,222.7171492,0.426601058994577
8052.0,222.7171492,0.42654473314642083
8053.0,222.7171492,0.42648840729826465
8054.0,222.7171492,0.42643208145010847
8055.0,222.7171492,0.4263757556019523
8056.0,222.7171492,0.4263194297537961
8057.0,222.7171492,0.42626310390563993
8058.0,222.7171492,0.42620677805748375
8059.0,222.7171492,0.42615045220932757
8060.0,222.7171492,0.4260941263611714
8061.0,222.6676565,0.4260378005130152
8062.0,222.6181638,0.42598147466485903
8063.0,222.5686711,0.42592514881670285
8064.0,222.5191784,0.42586882296854667
8065.0,222.4696857,0.4258124971203905
8066.0,222.420193,0.4257561712722343
8067.0,222.3707003,0.4256998454240781
8068.0,222.3212076,0.42564240751084603
8069.0,222.2717149,0.425583857532538
8070.0,222.2222222,0.42552530755422996
8071.0,222.2222222,0.42546675757592195
8072.0,222.2222222,0.42540820759761394
8073.0,222.2222222,0.4253496576193059
8074.0,222.2222222,0.42529110764099787
8075.0,222.2222222,0.42523255766268986
8076.0,222.2222222,0.4251740076843818
8077.0,222.2222222,0.4251154577060738
8078.0,222.2222222,0.4250569077277658
8079.0,222.2222222,0.4249983577494577
8080.0,222.2222222,0.4249398077711497
8081.0,222.2222222,0.4248812577928417
8082.0,222.2222222,0.42482270781453363
8083.0,222.2222222,0.4247641578362256
8084.0,222.2222222,0.4247056078579176
8085.0,222.2222222,0.4246470578796096
8086.0,222.2222222,0.42458850790130154
8087.0,222.2222222,0.42452995792299353
8088.0,222.2222222,0.4244714079446855
8089.0,222.2222222,0.42441285796637745
8090.0,222.2222222,0.42435430798806945
8091.0,222.2222222,0.42429575800976144
8092.0,222.2222222,0.42423720803145337
8093.0,222.2222222,0.42417865805314536
8094.0,222.2222222,0.42412010807483735
8095.0,222.2222222,0.4240615580965293
8096.0,222.2222222,0.4240030081182213
8097.0,222.2222222,0.42394445813991327
8098.0,222.2222222,0.4238859081616052
8099.0,222.2222222,0.4238273581832972
8100.0,222.2222222,0.4237688082049892
8101.0,222.2222222,0.4237102582266812
8102.0,222.2222222,0.4236517082483731
8103.0,222.2222222,0.4235931582700651
8104.0,222.2222222,0.4235346082917571
8105.0,222.2222222,0.42347605831344903
8106.0,222.2222222,0.423417508335141
8107.0,222.2222222,0.423358958356833
8108.0,222.2222222,0.42330040837852495
8109.0,222.2222222,0.42324185840021694
8110.0,222.2222222,0.42318330842190893
8111.0,222.2222222,0.42312475844360087
8112.0,222.2222222,0.42306620846529286
8113.0,222.2222222,0.42300765848698485
8114.0,222.2222222,0.4229482145164859
8115.0,222.2222222,0.42288742955770064
8116.0,222.2222222,0.42282664459891545
8117.0,222.2222222,0.4227658596401302
8118.0,222.2222222,0.42270507468134494
8119.0,222.2222222,0.4226442897225597
8120.0,222.2222222,0.42258350476377443
8121.0,222.2222222,0.4225227198049892
8122.0,222.2222222,0.4224619348462039
8123.0,222.2222222,0.42240114988741867
8124.0,222.2222222,0.4223403649286334
8125.0,222.2222222,0.42227957996984816
8126.0,222.2222222,0.4222187950110629
8127.0,222.2222222,0.42215801005227765
8128.0,222.2222222,0.4220972250934924
8129.0,222.2222222,0.42203644013470715
8130.0,222.2222222,0.4219756551759219
8131.0,222.2222222,0.42191487021713664
8132.0,222.2222222,0.4218540852583514
8133.0,222.2222222,0.42179330029956613
8134.0,222.2222222,0.4217325153407809
8135.0,222.2222222,0.4216717303819957
8136.0,222.2222222,0.4216109454232104
8137.0,222.2222222,0.42155016046442517
8138.0,222.2222222,0.4214893755056399
8139.0,222.2222222,0.42142859054685466
8140.0,222.2222222,0.4213678055880694
8141.0,222.17294898,0.42130702062928416
8142.0,222.12367576,0.4212462356704989
8143.0,222.07440254,0.42118545071171365
8144.0,222.02512932,0.4211246657529284
8145.0,221.9758561,0.42106388079414314
8146.0,221.92658288,0.4210030958353579
8147.0,221.87730966,0.42094231087657263
8148.0,221.82803644,0.4208815259177874
8149.0,221.77876322,0.4208207409590021
8150.0,221.72949,0.4207599560002169
8151.0,221.72949,0.4206991710414316
8152.0,221.72949,0.42063838608264636
8153.0,221.72949,0.4205776011238611
8154.0,221.72949,0.4205168161650759
8155.0,221.72949,0.42045603120629066
8156.0,221.72949,0.4203952462475054
8157.0,221.72949,0.42033446128872015
8158.0,221.72949,0.4202736763299349
8159.0,221.72949,0.42021289137114964
8160.0,221.72949,0.4201514209458785
8161.0,221.72949,0.4200883510988069
8162.0,221.72949,0.4200252812517353
8163.0,221.72949,0.4199622114046637
8164.0,221.72949,0.41989914155759217
8165.0,221.72949,0.41983607171052056
8166.0,221.72949,0.41977300186344896
8167.0,221.72949,0.4197099320163774
8168.0,221.72949,0.4196468621693058
8169.0,221.72949,0.41958379232223425
8170.0,221.72949,0.41952072247516264
8171.0,221.72949,0.4194576526280911
8172.0,221.72949,0.4193945827810195
8173.0,221.72949,0.4193315129339479
8174.0,221.72949,0.41926844308687633
8175.0,221.72949,0.4192053732398047
8176.0,221.72949,0.4191423033927332
8177.0,221.72949,0.41907923354566157
8178.0,221.72949,0.41901616369858996
8179.0,221.72949,0.4189530938515184
8180.0,221.72949,0.4188900240044468
8181.0,221.72949,0.41882695415737525
8182.0,221.72949,0.41876388431030365
8183.0,221.72949,0.4187008144632321
8184.0,221.72949,0.4186377446161605
8185.0,221.72949,0.4185746747690889
8186.0,221.72949,0.41851160492201733
8187.0,221.72949,0.4184485350749457
8188.0,221.72949,0.4183854652278742
8189.0,221.72949,0.41832239538080257
8190.0,221.72949,0.418259325533731
8191.0,221.72949,0.4181962556866594
8192.0,221.72949,0.4181331858395878
8193.0,221.72949,0.41807011599251626
8194.0,221.72949,0.41800704614544465
8195.0,221.72949,0.4179439762983731
8196.0,221.72949,0.4178809064513015
8197.0,221.72949,0.4178178366042299
8198.0,221.72949,0.41775476675715834
8199.0,221.72949,0.41769169691008673
8200.0,221.72949,0.4176286270630152
8201.0,221.72949,0.4175655572159436
8202.0,221.72949,0.417502487368872
8203.0,221.72949,0.4174394175218004
8204.0,221.72949,0.4173763476747288
8205.0,221.72949,0.41731327782765726
8206.0,221.72949,0.4172497731359002
8207.0,221.72949,0.41718452906540127
8208.0,221.72949,0.41711928499490236
8209.0,221.72949,0.41705404092440346
8210.0,221.72949,0.41698879685390455
8211.0,221.72949,0.4169235527834056
8212.0,221.72949,0.4168583087129067
8213.0,221.72949,0.4167930646424078
8214.0,221.72949,0.4167278205719089
8215.0,221.72949,0.41666257650141
8216.0,221.72949,0.416597332430911
8217.0,221.72949,0.4165320883604121
8218.0,221.72949,0.4164668442899132
8219.0,221.72949,0.4164016002194143
8220.0,221.72949,0.4163363561489154
8221.0,221.72949,0.41627111207841644
8222.0,221.72949,0.41620586800791753
8223.0,221.72949,0.41614062393741863
8224.0,221.72949,0.4160753798669197
8225.0,221.72949,0.41601013579642077
8226.0,221.72949,0.41594489172592186
8227.0,221.72949,0.41587964765542296
8228.0,221.72949,0.41581440358492405
8229.0,221.72949,0.41574915951442515
8230.0,221.72949,0.4156839154439262
8231.0,221.68043481,0.4156186713734273
8232.0,221.63137962,0.4155534273029284
8233.0,221.58232443,0.4154881832324295
8234.0,221.53326924,0.41542293916193057
8235.0,221.48421405,0.4153576950914316
8236.0,221.43515886,0.4152924510209327
8237.0,221.38610367,0.4152272069504338
8238.0,221.33704848000002,0.4151619628799349
8239.0,221.28799329,0.415096718809436
8240.0,221.2389381,0.41503147473893703
8241.0,221.2389381,0.41496623066843813
8242.0,221.2389381,0.4149009865979392
8243.0,221.2389381,0.4148357425274403
8244.0,221.2389381,0.41477049845694136
8245.0,221.2389381,0.41470525438644246
8246.0,221.2389381,0.41464001031594355
8247.0,221.2389381,0.41457476624544465
8248.0,221.2389381,0.41450952217494574
8249.0,221.2389381,0.4144442781044468
8250.0,221.2389381,0.4143790340339479
8251.0,221.2389381,0.414313789963449
8252.0,221.2389381,0.4142483375840563
8253.0,221.2389381,0.41418101042462035
8254.0,221.2389381,0.41411368326518433
8255.0,221.2389381,0.4140463561057483
8256.0,221.2389381,0.41397902894631233
8257.0,221.2389381,0.4139117017868763
8258.0,221.2389381,0.4138443746274403
8259.0,221.2389381,0.4137770474680043
8260.0,221.2389381,0.4137097203085683
8261.0,221.2389381,0.41364239314913226
8262.0,221.2389381,0.4135750659896963
8263.0,221.2389381,0.41350773883026026
8264.0,221.2389381,0.41344041167082424
8265.0,221.2389381,0.41337308451138827
8266.0,221.2389381,0.41330575735195224
8267.0,221.2389381,0.4132384301925162
8268.0,221.2389381,0.4131711030330802
8269.0,221.2389381,0.4131037758736442
8270.0,221.2389381,0.4130364487142082
8271.0,221.2389381,0.41296912155477217
8272.0,221.2389381,0.4129017943953362
8273.0,221.2389381,0.41283446723590017
8274.0,221.2389381,0.41276714007646415
8275.0,221.2389381,0.4126998129170282
8276.0,221.2389381,0.41263248575759215
8277.0,221.2389381,0.4125651585981561
8278.0,221.2389381,0.41249783143872015
8279.0,221.2389381,0.4124305042792841
8280.0,221.2389381,0.4123631771198481
8281.0,221.19009948000001,0.41229584996041213
8282.0,221.14126086000002,0.4122285228009761
8283.0,221.09242224000002,0.4121611956415401
8284.0,221.04358362000002,0.4120938684821041
8285.0,220.99474500000002,0.4120265413226681
8286.0,220.94590638,0.41195921416323206
8287.0,220.89706776,0.4118918870037961
8288.0,220.84822914,0.41182455984436006
8289.0,220.79939052,0.41175723268492403
8290.0,220.7505519,0.411689905525488
8291.0,220.7505519,0.41162257836605204
8292.0,220.7505519,0.411555251206616
8293.0,220.7505519,0.41148792404718
8294.0,220.7505519,0.411420596887744
8295.0,220.7505519,0.411353269728308
8296.0,220.7505519,0.41128594256887197
8297.0,220.7505519,0.411218615409436
8298.0,220.7505519,0.41115128824999997
8299.0,220.7505519,0.41108159374783076
8300.0,220.7505519,0.41101189924566156
8301.0,220.70192843,0.41094220474349236
8302.0,220.65330496,0.4108725102413232
8303.0,220.60468149,0.410802815739154
8304.0,220.55605802,0.4107331212369848
8305.0,220.50743455,0.4106634267348156
8306.0,220.45881108,0.4105937322326464
8307.0,220.41018761,0.4105240377304772
8308.0,220.36156413999998,0.41045434322830804
8309.0,220.31294067,0.41038464872613883
8310.0,220.2643172,0.41031495422396963
8311.0,220.31294067,0.4102452597218004
8312.0,220.36156413999998,0.4101755652196312
8313.0,220.41018761,0.410105870717462
8314.0,220.45881108,0.4100361762152928
8315.0,220.50743455,0.40996648171312366
8316.0,220.55605802,0.40989678721095446
8317.0,220.60468149,0.40982709270878526
8318.0,220.65330496,0.40975739820661605
8319.0,220.70192843,0.40968770370444685
8320.0,220.7505519,0.40961800920227764
8321.0,220.7505519,0.4095483147001085
8322.0,220.7505519,0.4094786201979393
8323.0,220.7505519,0.4094089256957701
8324.0,220.7505519,0.4093392311936009
8325.0,220.7505519,0.4092695366914317
8326.0,220.7505519,0.4091998421892625
8327.0,220.7505519,0.40913014768709327
8328.0,220.7505519,0.4090604531849241
8329.0,220.7505519,0.4089907586827549
8330.0,220.7505519,0.4089210641805857
8331.0,220.7505519,0.4088513696784165
8332.0,220.7505519,0.4087816751762473
8333.0,220.7505519,0.4087119806740781
8334.0,220.7505519,0.40864228617190895
8335.0,220.7505519,0.40857259166973975
8336.0,220.7505519,0.40850289716757054
8337.0,220.7505519,0.40843320266540134
8338.0,220.7505519,0.40836350816323214
8339.0,220.7505519,0.40829381366106293
8340.0,220.7505519,0.40822411915889373
8341.0,220.7505519,0.4081544246567246
8342.0,220.7505519,0.4080847301545554
8343.0,220.7505519,0.40801503565238617
8344.0,220.7505519,0.40794534115021697
8345.0,220.7505519,0.40787330317299353
8346.0,220.7505519,0.407801004809653
8347.0,220.7505519,0.40772870644631243
8348.0,220.7505519,0.4076564080829718
8349.0,220.7505519,0.40758410971963127
8350.0,220.7505519,0.4075118113562907
8351.0,220.7505519,0.40743951299295017
8352.0,220.7505519,0.40736721462960956
8353.0,220.7505519,0.407294916266269
8354.0,220.7505519,0.40722261790292846
8355.0,220.7505519,0.4071503195395879
8356.0,220.7505519,0.4070780211762473
8357.0,220.7505519,0.40700572281290676
8358.0,220.7505519,0.4069334244495662
8359.0,220.7505519,0.40686112608622566
8360.0,220.7505519,0.40678882772288505
8361.0,220.7505519,0.4067165293595445
8362.0,220.7505519,0.40664423099620395
8363.0,220.7505519,0.4065719326328634
8364.0,220.7505519,0.40649963426952285
8365.0,220.7505519,0.40642733590618224
8366.0,220.7505519,0.4063550375428417
8367.0,220.7505519,0.40628273917950114
8368.0,220.7505519,0.40621044081616053
8369.0,220.7505519,0.40613814245282
8370.0,220.7505519,0.40606584408947943
8371.0,220.7505519,0.4059935457261389
8372.0,220.7505519,0.40592124736279833
8373.0,220.7505519,0.4058489489994577
8374.0,220.7505519,0.4057766506361172
8375.0,220.7505519,0.4057043522727766
8376.0,220.7505519,0.405632053909436
8377.0,220.7505519,0.40555975554609547
8378.0,220.7505519,0.4054874571827549
8379.0,220.7505519,0.40541515881941437
8380.0,220.7505519,0.4053428604560738
8381.0,220.79939052,0.4052705620927332
8382.0,220.84822914,0.40519826372939266
8383.0,220.89706776,0.4051259653660521
8384.0,220.94590638,0.4050536670027115
8385.0,220.99474500000002,0.40498136863937095
8386.0,221.04358362000002,0.4049090702760304
8387.0,221.09242224000002,0.40483677191268985
8388.0,221.14126086000002,0.4047644735493493
8389.0,221.19009948000001,0.4046921751860087
8390.0,221.2389381,0.40461987682266815
8391.0,221.2389381,0.4045454866909979
8392.0,221.2389381,0.40447057361724514
8393.0,221.2389381,0.4043956605434924
8394.0,221.2389381,0.4043207474697397
8395.0,221.2389381,0.404245834395987
8396.0,221.2389381,0.4041709213222343
8397.0,221.2389381,0.4040960082484816
8398.0,221.2389381,0.40402109517472884
8399.0,221.2389381,0.40394618210097616
8400.0,221.2389381,0.4038712690272234
8401.0,221.2389381,0.40379635595347074
8402.0,221.2389381,0.403721442879718
8403.0,221.2389381,0.40364652980596527
8404.0,221.2389381,0.4035716167322126
8405.0,221.2389381,0.40349670365845985
8406.0,221.2389381,0.4034217905847072
8407.0,221.2389381,0.40334687751095444
8408.0,221.2389381,0.4032719644372017
8409.0,221.2389381,0.403197051363449
8410.0,221.2389381,0.4031221382896963
8411.0,221.2389381,0.4030472252159436
8412.0,221.2389381,0.40297231214219087
8413.0,221.2389381,0.40289739906843813
8414.0,221.2389381,0.40282248599468545
8415.0,221.2389381,0.4027475729209327
8416.0,221.2389381,0.40267265984718004
8417.0,221.2389381,0.4025977467734273
8418.0,221.2389381,0.40252283369967456
8419.0,221.2389381,0.4024479206259219
8420.0,221.2389381,0.40237300755216915
8421.0,221.2389381,0.40229809447841647
8422.0,221.2389381,0.40222318140466373
8423.0,221.2389381,0.402148268330911
8424.0,221.2389381,0.4020733552571583
8425.0,221.2389381,0.4019984421834056
8426.0,221.2389381,0.4019235291096529
8427.0,221.2389381,0.40184861603590016
8428.0,221.2389381,0.4017737029621474
8429.0,221.2389381,0.40169878988839475
8430.0,221.2389381,0.401623876814642
8431.0,221.2389381,0.40154896374088933
8432.0,221.2389381,0.4014740506671366
8433.0,221.2389381,0.40139913759338386
8434.0,221.2389381,0.4013242245196312
8435.0,221.2389381,0.40124931144587844
8436.0,221.2389381,0.40117439837212576
8437.0,221.2389381,0.4010977962613882
8438.0,221.2389381,0.4010204702776572
8439.0,221.2389381,0.4009431442939262
8440.0,221.2389381,0.40086581831019513
8441.0,221.2389381,0.40078849232646413
8442.0,221.2389381,0.4007111663427331
8443.0,221.2389381,0.40063384035900207
8444.0,221.2389381,0.40055651437527107
8445.0,221.2389381,0.40047918839154006
8446.0,221.2389381,0.40040186240780906
8447.0,221.2389381,0.400324536424078
8448.0,221.2389381,0.400247210440347
8449.0,221.2389381,0.400169884456616
8450.0,221.2389381,0.40009255847288494
8451.0,221.2389381,0.40001523248915394
8452.0,221.2389381,0.39993790650542294
8453.0,221.2389381,0.3998605805216919
8454.0,221.2389381,0.3997832545379609
8455.0,221.2389381,0.3997059285542299
8456.0,221.2389381,0.39962860257049887
8457.0,221.2389381,0.3995512765867678
8458.0,221.2389381,0.3994739506030368
8459.0,221.2389381,0.3993966246193058
8460.0,221.2389381,0.39931929863557475
8461.0,221.2389381,0.39924197265184375
8462.0,221.2389381,0.39916464666811274
8463.0,221.2389381,0.3990873206843817
8464.0,221.2389381,0.3990099947006507
8465.0,221.2389381,0.3989326687169197
8466.0,221.2389381,0.3988553427331887
8467.0,221.2389381,0.3987780167494576
8468.0,221.2389381,0.3987006907657266
8469.0,221.2389381,0.3986233647819956
8470.0,221.2389381,0.39854603879826456
8471.0,221.2389381,0.39846871281453355
8472.0,221.2389381,0.39839138683080255
8473.0,221.2389381,0.3983140608470715
8474.0,221.2389381,0.3982367348633405
8475.0,221.2389381,0.3981594088796095
8476.0,221.2389381,0.3980820828958785
8477.0,221.2389381,0.39800475691214743
8478.0,221.2389381,0.3979274309284164
8479.0,221.2389381,0.3978501049446854
8480.0,221.2389381,0.39777277896095437
8481.0,221.2389381,0.39769545297722336
8482.0,221.2389381,0.39761812699349236
8483.0,221.2389381,0.39753925171214743
8484.0,221.2389381,0.3974593435657266
8485.0,221.2389381,0.3973794354193058
8486.0,221.2389381,0.397299527272885
8487.0,221.2389381,0.39721961912646414
8488.0,221.2389381,0.3971397109800433
8489.0,221.2389381,0.3970598028336225
8490.0,221.2389381,0.3969798946872017
8491.0,221.2389381,0.39689998654078085
8492.0,221.2389381,0.39682007839436
8493.0,221.2389381,0.39674017024793923
8494.0,221.2389381,0.3966602621015184
8495.0,221.2389381,0.39658035395509755
8496.0,221.2389381,0.3965004458086767
8497.0,221.2389381,0.39642053766225593
8498.0,221.2389381,0.3963406295158351
8499.0,221.2389381,0.39626072136941426
8500.0,221.2389381,0.3961808132229934
8501.0,221.2389381,0.39610090507657264
8502.0,221.2389381,0.3960209969301518
8503.0,221.2389381,0.39594108878373097
8504.0,221.2389381,0.39586118063731013
8505.0,221.2389381,0.39578127249088935
8506.0,221.2389381,0.3957013643444685
8507.0,221.2389381,0.39562145619804767
8508.0,221.2389381,0.39554154805162683
8509.0,221.2389381,0.39546163990520605
8510.0,221.2389381,0.3953817317587852
8511.0,221.2389381,0.3953018236123644
8512.0,221.2389381,0.39522191546594354
8513.0,221.2389381,0.39514200731952276
8514.0,221.2389381,0.3950620991731019
8515.0,221.2389381,0.3949821910266811
8516.0,221.2389381,0.39490228288026025
8517.0,221.2389381,0.39482237473383947
8518.0,221.2389381,0.39474246658741863
8519.0,221.2389381,0.3946625584409978
8520.0,221.2389381,0.39458265029457695
8521.0,221.2389381,0.39450274214815617
8522.0,221.2389381,0.39442283400173533
8523.0,221.2389381,0.3943429258553145
8524.0,221.2389381,0.39426301770889366
8525.0,221.2389381,0.3941831095624729
8526.0,221.2389381,0.39410320141605204
8527.0,221.2389381,0.3940232932696312
8528.0,221.2389381,0.39394338512321037
8529.0,221.2389381,0.39386212947895877
8530.0,221.2389381,0.39377952633687635
8531.0,221.2389381,0.3936969231947939
8532.0,221.2389381,0.39361432005271146
8533.0,221.2389381,0.39353171691062905
8534.0,221.2389381,0.39344911376854663
8535.0,221.2389381,0.39336651062646416
8536.0,221.2389381,0.39328390748438175
8537.0,221.2389381,0.39320130434229933
8538.0,221.2389381,0.3931187012002169
8539.0,221.2389381,0.3930360980581345
8540.0,221.2389381,0.392953494916052
8541.0,221.2389381,0.3928708917739696
8542.0,221.2389381,0.3927882886318872
8543.0,221.2389381,0.3927056854898048
8544.0,221.2389381,0.3926230823477223
8545.0,221.2389381,0.3925404792056399
8546.0,221.2389381,0.3924578760635575
8547.0,221.2389381,0.39237527292147506
8548.0,221.2389381,0.3922926697793926
8549.0,221.2389381,0.3922100666373102
8550.0,221.2389381,0.39212746349522776
8551.0,221.2389381,0.39204486035314534
8552.0,221.2389381,0.3919622572110629
8553.0,221.2389381,0.39187965406898045
8554.0,221.2389381,0.39179705092689804
8555.0,221.2389381,0.3917144477848156
8556.0,221.2389381,0.3916318446427332
8557.0,221.2389381,0.39154924150065074
8558.0,221.2389381,0.3914666383585683
8559.0,221.2389381,0.3913840352164859
8560.0,221.2389381,0.3913014320744035
8561.0,221.28799329,0.391218828932321
8562.0,221.33704848000002,0.3911362257902386
8563.0,221.38610367,0.3910536226481562
8564.0,221.43515886,0.39097101950607377
8565.0,221.48421405,0.39088841636399135
8566.0,221.53326924,0.3908058132219089
8567.0,221.58232443,0.39072321007982647
8568.0,221.63137962,0.39064060693774405
8569.0,221.68043481,0.39055800379566163
8570.0,221.72949,0.39047540065357916
8571.0,221.72949,0.39039279751149675
8572.0,221.72949,0.39031019436941433
8573.0,221.72949,0.3902275912273319
8574.0,221.72949,0.39014498808524944
8575.0,221.72949,0.3900613269075922
8576.0,221.72949,0.3899760786765727
8577.0,221.72949,0.38989083044555317
8578.0,221.72949,0.38980558221453365
8579.0,221.72949,0.38972033398351413
8580.0,221.72949,0.3896350857524946
8581.0,221.72949,0.3895498375214751
8582.0,221.72949,0.3894645892904556
8583.0,221.72949,0.38937934105943606
8584.0,221.72949,0.38929409282841654
8585.0,221.72949,0.389208844597397
8586.0,221.72949,0.38912359636637744
8587.0,221.72949,0.3890383481353579
8588.0,221.72949,0.3889530999043384
8589.0,221.72949,0.3888678516733189
8590.0,221.72949,0.38878260344229937
8591.0,221.72949,0.38869735521127985
8592.0,221.72949,0.38861210698026033
8593.0,221.72949,0.3885268587492408
8594.0,221.72949,0.3884416105182213
8595.0,221.72949,0.3883563622872018
8596.0,221.72949,0.38827111405618225
8597.0,221.72949,0.38818586582516273
8598.0,221.72949,0.3881006175941432
8599.0,221.72949,0.3880153693631237
8600.0,221.72949,0.3879301211321042
8601.0,221.77876322,0.38784487290108466
8602.0,221.82803644,0.38775962467006514
8603.0,221.87730966,0.3876743764390456
8604.0,221.92658288,0.3875891282080261
8605.0,221.9758561,0.3875038799770066
8606.0,222.02512932,0.38741863174598706
8607.0,222.07440254,0.38733338351496754
8608.0,222.12367576,0.38724813528394797
8609.0,222.17294898,0.38716288705292845
8610.0,222.2222222,0.38707763882190893
8611.0,222.2222222,0.3869923905908894
8612.0,222.2222222,0.3869071423598699
8613.0,222.2222222,0.3868218941288504
8614.0,222.2222222,0.38673664589783086
8615.0,222.2222222,0.38665139766681134
8616.0,222.2222222,0.3865661494357918
8617.0,222.2222222,0.3864809012047723
8618.0,222.2222222,0.3863956529737528
8619.0,222.2222222,0.38631040474273326
8620.0,222.2222222,0.38622515651171374
8621.0,222.2222222,0.3861391687842734
8622.0,222.2222222,0.38605145556518444
8623.0,222.2222222,0.38596374234609554
8624.0,222.2222222,0.3858760291270066
8625.0,222.2222222,0.3857883159079176
8626.0,222.2222222,0.3857006026888287
8627.0,222.2222222,0.38561288946973976
8628.0,222.2222222,0.3855251762506508
8629.0,222.2222222,0.3854374630315619
8630.0,222.2222222,0.38534974981247294
8631.0,222.2222222,0.385262036593384
8632.0,222.2222222,0.3851743233742951
8633.0,222.2222222,0.3850866101552061
8634.0,222.2222222,0.38499889693611716
8635.0,222.2222222,0.38491118371702826
8636.0,222.2222222,0.3848234704979393
8637.0,222.2222222,0.38473575727885034
8638.0,222.2222222,0.38464804405976144
8639.0,222.2222222,0.3845603308406725
8640.0,222.2222222,0.3844726176215835
8641.0,222.2717149,0.3843849044024946
8642.0,222.3212076,0.38429719118340566
8643.0,222.3707003,0.3842094779643167
8644.0,222.420193,0.3841217647452278
8645.0,222.4696857,0.38403405152613884
8646.0,222.5191784,0.3839463383070499
8647.0,222.5686711,0.383858625087961
8648.0,222.6181638,0.383770911868872
8649.0,222.6676565,0.38368319864978306
8650.0,222.7171492,0.38359548543069416
8651.0,222.7171492,0.3835077722116052
8652.0,222.7171492,0.38342005899251624
8653.0,222.7171492,0.38333234577342734
8654.0,222.7171492,0.3832446325543384
8655.0,222.7171492,0.3831569193352494
8656.0,222.7171492,0.3830692061161605
8657.0,222.7171492,0.38298149289707156
8658.0,222.7171492,0.3828937796779826
8659.0,222.7171492,0.3828060664588937
8660.0,222.7171492,0.38271835323980474
8661.0,222.7171492,0.3826306400207158
8662.0,222.7171492,0.3825429268016269
8663.0,222.7171492,0.3824552135825379
8664.0,222.7171492,0.38236750036344896
8665.0,222.7171492,0.38227978714436006
8666.0,222.7171492,0.3821920739252711
8667.0,222.7171492,0.3821038321226681
8668.0,222.7171492,0.3820134759860086
8669.0,222.7171492,0.3819231198493492
8670.0,222.7171492,0.38183276371268976
8671.0,222.7171492,0.38174240757603034
8672.0,222.7171492,0.38165205143937087
8673.0,222.7171492,0.38156169530271145
8674.0,222.7171492,0.381471339166052
8675.0,222.7171492,0.38138098302939255
8676.0,222.7171492,0.38129062689273313
8677.0,222.7171492,0.3812002707560737
8678.0,222.7171492,0.3811099146194143
8679.0,222.7171492,0.3810195584827548
8680.0,222.7171492,0.3809292023460954
8681.0,222.76686285,0.380838846209436
8682.0,222.8165765,0.3807484900727765
8683.0,222.86629015,0.3806581339361171
8684.0,222.9160038,0.38056777779945766
8685.0,222.96571745,0.38047742166279824
8686.0,223.0154311,0.38038706552613877
8687.0,223.06514475,0.38029670938947935
8688.0,223.1148584,0.38020635325281993
8689.0,223.16457205,0.38011599711616045
8690.0,223.2142857,0.38002564097950103
8691.0,223.2142857,0.3799352848428416
8692.0,223.2142857,0.37984492870618214
8693.0,223.2142857,0.3797545725695227
8694.0,223.2142857,0.3796642164328633
8695.0,223.2142857,0.3795738602962039
8696.0,223.2142857,0.3794835041595444
8697.0,223.2142857,0.379393148022885
8698.0,223.2142857,0.37930279188622557
8699.0,223.2142857,0.3792124357495661
8700.0,223.2142857,0.37912207961290667
8701.0,223.2142857,0.37903172347624725
8702.0,223.2142857,0.37894136733958783
8703.0,223.2142857,0.37885101120292836
8704.0,223.2142857,0.37876065506626894
8705.0,223.2142857,0.3786702989296095
8706.0,223.2142857,0.37857994279295004
8707.0,223.2142857,0.3784895866562906
8708.0,223.2142857,0.3783992305196312
8709.0,223.2142857,0.3783088743829718
8710.0,223.2142857,0.3782185182463123
8711.0,223.2142857,0.3781281621096529
8712.0,223.2142857,0.37803780597299347
8713.0,223.2142857,0.3779471391087852
8714.0,223.2142857,0.3778536756966377
8715.0,223.2142857,0.3777602122844902
8716.0,223.2142857,0.3776667488723427
8717.0,223.2142857,0.3775732854601952
8718.0,223.2142857,0.3774798220480477
8719.0,223.2142857,0.3773863586359002
8720.0,223.2142857,0.37729289522375264
8721.0,223.2142857,0.37719943181160515
8722.0,223.2142857,0.37710596839945765
8723.0,223.2142857,0.37701250498731015
8724.0,223.2142857,0.37691904157516265
8725.0,223.2142857,0.37682557816301515
8726.0,223.2142857,0.37673211475086765
8727.0,223.2142857,0.37663865133872015
8728.0,223.2142857,0.37654518792657266
8729.0,223.2142857,0.3764517245144251
8730.0,223.2142857,0.3763582611022776
8731.0,223.2142857,0.3762647976901301
8732.0,223.2142857,0.3761713342779826
8733.0,223.2142857,0.3760778708658351
8734.0,223.2142857,0.3759844074536876
8735.0,223.2142857,0.3758909440415401
8736.0,223.2142857,0.3757974806293926
8737.0,223.2142857,0.3757040172172451
8738.0,223.2142857,0.37561055380509756
8739.0,223.2142857,0.37551709039295006
8740.0,223.2142857,0.37542362698080256
8741.0,223.26422178,0.37533016356865506
8742.0,223.31415786,0.37523670015650756
8743.0,223.36409394,0.37514323674436006
8744.0,223.41403002,0.37504977333221257
8745.0,223.4639661,0.37495630992006507
8746.0,223.51390218,0.3748628465079175
8747.0,223.56383826,0.37476938309577
8748.0,223.61377434000002,0.3746759196836225
8749.0,223.66371042,0.374582456271475
8750.0,223.7136465,0.3744889928593275
8751.0,223.76380651,0.37439552944718
8752.0,223.81396652,0.3743020660350325
8753.0,223.86412653000002,0.374208602622885
8754.0,223.91428654,0.3741151392107375
8755.0,223.96444655,0.37402167579858997
8756.0,224.01460656,0.37392821238644247
8757.0,224.06476657000002,0.373834748974295
8758.0,224.11492658,0.3737412855621475
8759.0,224.16508659,0.37364782215
8760.0,224.2152466,0.3735516246857917
8761.0,224.2152466,0.3734554272215835
8762.0,224.2152466,0.37335922975737523
8763.0,224.2152466,0.373263032293167
8764.0,224.2152466,0.3731668348289588
8765.0,224.2152466,0.37307063736475055
8766.0,224.2152466,0.3729744399005423
8767.0,224.2152466,0.37287824243633405
8768.0,224.2152466,0.3727820449721258
8769.0,224.2152466,0.37268584750791756
8770.0,224.2152466,0.3725896500437093
8771.0,224.2152466,0.37249345257950106
8772.0,224.2152466,0.37239725511529287
8773.0,224.2152466,0.3723010576510846
8774.0,224.2152466,0.3722048601868764
8775.0,224.2152466,0.3721086627226681
8776.0,224.2152466,0.3720124652584599
8777.0,224.2152466,0.37191626779425163
8778.0,224.2152466,0.3718200703300434
8779.0,224.2152466,0.37172387286583514
8780.0,224.2152466,0.37162767540162694
8781.0,224.2152466,0.3715314779374187
8782.0,224.2152466,0.37143528047321045
8783.0,224.2152466,0.3713390830090022
8784.0,224.2152466,0.37124288554479395
8785.0,224.2152466,0.3711466880805857
8786.0,224.2152466,0.37105049061637746
8787.0,224.2152466,0.3709542931521692
8788.0,224.2152466,0.37085809568796096
8789.0,224.2152466,0.3707618982237528
8790.0,224.2152466,0.3706657007595445
8791.0,224.26563205,0.3705695032953363
8792.0,224.3160175,0.37047330583112803
8793.0,224.36640295,0.3703771083669198
8794.0,224.4167884,0.37028091090271154
8795.0,224.46717385,0.3701847134385033
8796.0,224.5175593,0.37008851597429504
8797.0,224.56794474999998,0.36999231851008685
8798.0,224.6183302,0.3698961210458786
8799.0,224.66871565,0.36979992358167035
8800.0,224.7191011,0.3697037261174621
8801.0,224.7191011,0.36960752865325386
8802.0,224.7191011,0.3695113311890456
8803.0,224.7191011,0.36941513372483736
8804.0,224.7191011,0.3693189362606291
8805.0,224.7191011,0.3692227387964209
8806.0,224.7191011,0.3691241627044469
8807.0,224.7191011,0.369025322320499
8808.0,224.7191011,0.36892648193655103
8809.0,224.7191011,0.3688276415526031
8810.0,224.7191011,0.3687288011686552
8811.0,224.7191011,0.3686299607847072
8812.0,224.7191011,0.3685311204007593
8813.0,224.7191011,0.36843228001681133
8814.0,224.7191011,0.3683334396328634
8815.0,224.7191011,0.3682345992489155
8816.0,224.7191011,0.3681357588649675
8817.0,224.7191011,0.3680369184810196
8818.0,224.7191011,0.3679380780970717
8819.0,224.7191011,0.3678392377131237
8820.0,224.7191011,0.3677403973291758
8821.0,224.76971351,0.3676415569452278
8822.0,224.82032592,0.3675427165612799
8823.0,224.87093833,0.367443876177332
8824.0,224.92155074,0.367345035793384
8825.0,224.97216315,0.3672461954094361
8826.0,225.02277556,0.3671473550254881
8827.0,225.07338797,0.3670485146415402
8828.0,225.12400038,0.3669496742575923
8829.0,225.17461279,0.3668508338736443
8830.0,225.2252252,0.3667519934896964
8831.0,225.2252252,0.3666531531057485
8832.0,225.2252252,0.3665543127218005
8833.0,225.2252252,0.3664554723378526
8834.0,225.2252252,0.3663566319539046
8835.0,225.2252252,0.3662577915699567
8836.0,225.2252252,0.3661589511860088
8837.0,225.2252252,0.3660601108020608
8838.0,225.2252252,0.3659612704181129
8839.0,225.2252252,0.36586243003416496
8840.0,225.2252252,0.365763589650217
8841.0,225.27606611000002,0.3656647492662691
8842.0,225.32690702000002,0.3655659088823211
8843.0,225.37774793,0.3654670684983732
8844.0,225.42858884,0.36536822811442526
8845.0,225.47942975,0.3652693877304773
8846.0,225.53027066,0.3651705473465294
8847.0,225.58111157000002,0.3650717069625814
8848.0,225.63195248,0.3649728665786335
8849.0,225.68279339,0.36487402619468556
8850.0,225.7336343,0.3647751858107376
8851.0,225.7336343,0.36467634542678967
8852.0,225.7336343,0.36457509907581354
8853.0,225.7336343,0.36447325123308033
8854.0,225.7336343,0.3643714033903471
8855.0,225.7336343,0.364269555547614
8856.0,225.7336343,0.36416770770488077
8857.0,225.7336343,0.36406585986214757
8858.0,225.7336343,0.36396401201941436
8859.0,225.7336343,0.36386216417668116
8860.0,225.7336343,0.363760316333948
8861.0,225.78470526,0.3636584684912148
8862.0,225.83577622,0.3635566206484816
8863.0,225.88684718,0.3634547728057484
8864.0,225.93791814,0.36335292496301524
8865.0,225.9889891,0.36325107712028204
8866.0,226.04006006,0.36314922927754884
8867.0,226.09113102,0.36304738143481563
8868.0,226.14220197999998,0.3629455335920824
8869.0,226.19327293999999,0.3628436857493493
8870.0,226.2443439,0.36274183790661607
8871.0,226.2443439,0.36263999006388287
8872.0,226.2443439,0.36253814222114966
8873.0,226.2443439,0.36243629437841646
8874.0,226.2443439,0.3623344465356833
8875.0,226.2443439,0.3622325986929501
8876.0,226.2443439,0.3621307508502169
8877.0,226.2443439,0.3620289030074837
8878.0,226.2443439,0.36192705516475054
8879.0,226.2443439,0.36182520732201734
8880.0,226.2443439,0.36172335947928413
8881.0,226.29564646999998,0.36162151163655093
8882.0,226.34694904,0.3615196637938177
8883.0,226.39825161,0.3614178159510846
8884.0,226.44955418,0.36131596810835137
8885.0,226.50085675,0.36121412026561817
8886.0,226.55215932,0.36111227242288496
8887.0,226.60346189,0.3610104245801518
8888.0,226.65476446,0.3609085767374186
8889.0,226.70606703,0.3608067288946854
8890.0,226.7573696,0.3607048810519522
8891.0,226.7573696,0.360603033209219
8892.0,226.7573696,0.36050118536648584
8893.0,226.7573696,0.36039933752375264
8894.0,226.7573696,0.36029748968101943
8895.0,226.7573696,0.36019564183828623
8896.0,226.7573696,0.360093793995553
8897.0,226.7573696,0.3599919461528199
8898.0,226.7573696,0.3598882437101951
8899.0,226.7573696,0.3597837464390454
8900.0,226.7573696,0.3596792491678958
8901.0,226.80890537,0.3595747518967461
8902.0,226.86044114,0.35947025462559645
8903.0,226.91197691000002,0.35936575735444676
8904.0,226.96351268,0.35926126008329706
8905.0,227.01504845,0.3591567628121474
8906.0,227.06658422,0.35905226554099773
8907.0,227.11811999000003,0.3589477682698481
8908.0,227.16965576,0.3588432709986984
8909.0,227.22119153,0.3587387737275487
8910.0,227.2727273,0.35863427645639906
8911.0,227.32449785,0.35852977918524936
8912.0,227.37626840000001,0.3584252819140997
8913.0,227.42803895,0.35832078464295003
8914.0,227.47980950000002,0.35821628737180033
8915.0,227.53158005,0.3581117901006507
8916.0,227.5833506,0.358007292829501
8917.0,227.63512115,0.35790279555835136
8918.0,227.6868917,0.35779829828720167
8919.0,227.73866225,0.35769380101605197
8920.0,227.7904328,0.35758930374490233
8921.0,227.7904328,0.35748480647375264
8922.0,227.7904328,0.357380309202603
8923.0,227.7904328,0.3572758119314533
8924.0,227.7904328,0.3571713146603036
8925.0,227.7904328,0.35706681738915397
8926.0,227.7904328,0.3569623201180043
8927.0,227.7904328,0.3568578228468546
8928.0,227.7904328,0.35675332557570494
8929.0,227.7904328,0.35664882830455524
8930.0,227.7904328,0.3565443310334056
8931.0,227.84243974999998,0.3564398337622559
8932.0,227.8944467,0.3563353364911062
8933.0,227.94645365,0.3562308392199566
8934.0,227.9984606,0.3561263419488069
8935.0,228.05046755,0.35602184467765724
8936.0,228.1024745,0.35591734740650754
8937.0,228.15448145,0.35581285013535785
8938.0,228.20648839999998,0.3557083528642082
8939.0,228.25849535,0.3556038555930585
8940.0,228.3105023,0.3554993583219089
8941.0,228.3105023,0.3553948610507592
8942.0,228.3105023,0.3552903637796095
8943.0,228.3105023,0.35518586650845985
8944.0,228.3105023,0.35507990456572663
8945.0,228.3105023,0.35497296617527113
8946.0,228.3105023,0.3548660277848156
8947.0,228.3105023,0.35475908939436007
8948.0,228.3105023,0.3546521510039045
8949.0,228.3105023,0.354545212613449
8950.0,228.3105023,0.35443827422299345
8951.0,228.3105023,0.35433133583253795
8952.0,228.3105023,0.3542243974420824
8953.0,228.3105023,0.3541174590516269
8954.0,228.3105023,0.35401052066117134
8955.0,228.3105023,0.35390358227071583
8956.0,228.3105023,0.3537966438802603
8957.0,228.3105023,0.3536897054898048
8958.0,228.3105023,0.3535827670993492
8959.0,228.3105023,0.3534758287088937
8960.0,228.3105023,0.35336889031843816
8961.0,228.36274726,0.35326195192798265
8962.0,228.41499222,0.3531550135375271
8963.0,228.46723718,0.3530480751470716
8964.0,228.51948214,0.35294113675661604
8965.0,228.5717271,0.3528341983661605
8966.0,228.62397206,0.352727259975705
8967.0,228.67621702,0.3526203215852494
8968.0,228.72846198000002,0.3525133831947939
8969.0,228.78070694000002,0.35240644480433836
8970.0,228.8329519,0.35229950641388286
8971.0,228.8329519,0.3521925680234273
8972.0,228.8329519,0.3520856296329718
8973.0,228.8329519,0.35197869124251624
8974.0,228.8329519,0.35187175285206074
8975.0,228.8329519,0.3517648144616052
8976.0,228.8329519,0.3516578760711497
8977.0,228.8329519,0.3515509376806941
8978.0,228.8329519,0.3514439992902386
8979.0,228.8329519,0.35133706089978306
8980.0,228.8329519,0.35123012250932756
8981.0,228.88543653000002,0.351123184118872
8982.0,228.93792116,0.3510162457284165
8983.0,228.99040579,0.35090930733796094
8984.0,229.04289042,0.35080236894750544
8985.0,229.09537505,0.3506954305570499
8986.0,229.14785968,0.3505884921665944
8987.0,229.20034431,0.3504815537761388
8988.0,229.25282894,0.3503746153856833
8989.0,229.30531356999998,0.35026767699522776
8990.0,229.3577982,0.3501595929057484
8991.0,229.3577982,0.35005036311724513
8992.0,229.3577982,0.3499411333287419
8993.0,229.3577982,0.34983190354023863
8994.0,229.3577982,0.3497226737517354
8995.0,229.3577982,0.34961344396323213
8996.0,229.3577982,0.3495042141747289
8997.0,229.3577982,0.3493949843862256
8998.0,229.3577982,0.3492857545977224
8999.0,229.3577982,0.3491765248092191
9000.0,229.3577982,0.3490672950207159
9001.0,229.41052413,0.3489580652322126
9002.0,229.46325005999998,0.3488488354437093
9003.0,229.51597599,0.34873960565520606
9004.0,229.56870192,0.3486303758667028
9005.0,229.62142784999998,0.34852114607819956
9006.0,229.67415377999998,0.3484119162896963
9007.0,229.72687971,0.34830268650119306
9008.0,229.77960564,0.3481934567126898
9009.0,229.83233156999998,0.34808422692418656
9010.0,229.8850575,0.3479749971356833
9011.0,229.93802639999998,0.34786576734718005
9012.0,229.99099529999998,0.3477565375586768
9013.0,230.0439642,0.34764730777017355
9014.0,230.0969331,0.3475380779816703
9015.0,230.149902,0.34742884819316705
9016.0,230.2028709,0.3473196184046638
9017.0,230.2558398,0.34721038861616055
9018.0,230.30880870000001,0.3471011588276573
9019.0,230.3617776,0.34699192903915405
9020.0,230.4147465,0.3468826992506508
9021.0,230.46796007,0.34677346946214754
9022.0,230.52117364,0.3466642396736443
9023.0,230.57438721,0.34655500988514104
9024.0,230.62760078,0.3464457800966378
9025.0,230.68081435,0.34633655030813454
9026.0,230.73402792000002,0.3462273205196313
9027.0,230.78724149,0.346118090731128
9028.0,230.84045506,0.34600886094262473
9029.0,230.89366863,0.3458996311541215
9030.0,230.9468822,0.3457904013656182
9031.0,230.9468822,0.345681171577115
9032.0,230.9468822,0.3455719417886117
9033.0,230.9468822,0.3454627120001085
9034.0,230.9468822,0.3453534822116052
9035.0,230.9468822,0.34524425242310197
9036.0,230.9468822,0.34513398022245123
9037.0,230.9468822,0.3450221444035792
9038.0,230.9468822,0.34491030858470717
9039.0,230.9468822,0.3447984727658352
9040.0,230.9468822,0.34468663694696317
9041.0,231.00034213,0.34457480112809113
9042.0,231.05380206,0.3444629653092191
9043.0,231.10726199,0.34435112949034713
9044.0,231.16072192000001,0.3442392936714751
9045.0,231.21418185,0.34412745785260307
9046.0,231.26764178,0.34401562203373104
9047.0,231.32110171,0.34390378621485906
9048.0,231.37456164,0.34379195039598703
9049.0,231.42802157,0.343680114577115
9050.0,231.4814815,0.343568278758243
9051.0,231.4814815,0.34345644293937094
9052.0,231.4814815,0.34334460712049897
9053.0,231.4814815,0.34323277130162694
9054.0,231.4814815,0.3431209354827549
9055.0,231.4814815,0.3430090996638829
9056.0,231.4814815,0.3428972638450109
9057.0,231.4814815,0.34278542802613887
9058.0,231.4814815,0.34267359220726684
9059.0,231.4814815,0.3425617563883948
9060.0,231.4814815,0.34244992056952284
9061.0,231.5351895,0.3423380847506508
9062.0,231.5888975,0.3422262489317788
9063.0,231.6426055,0.34211441311290675
9064.0,231.6963135,0.34200257729403477
9065.0,231.7500215,0.34189074147516274
9066.0,231.8037295,0.3417789056562907
9067.0,231.8574375,0.3416670698374187
9068.0,231.9111455,0.3415552340185467
9069.0,231.9648535,0.3414433981996747
9070.0,232.0185615,0.34133156238080264
9071.0,232.0185615,0.3412197265619306
9072.0,232.0185615,0.34110789074305864
9073.0,232.0185615,0.3409960549241866
9074.0,232.0185615,0.3408842191053146
9075.0,232.0185615,0.34077238328644255
9076.0,232.0185615,0.3406605474675706
9077.0,232.0185615,0.34054871164869854
9078.0,232.0185615,0.3404368758298265
9079.0,232.0185615,0.3403250400109545
9080.0,232.0185615,0.3402132041920825
9081.0,232.0725193,0.3401013683732105
9082.0,232.12647710000002,0.33998863487331893
9083.0,232.1804349,0.33987380678438184
9084.0,232.2343927,0.33975897869544475
9085.0,232.2883505,0.33964415060650766
9086.0,232.3423083,0.33952932251757056
9087.0,232.39626610000002,0.3394144944286335
9088.0,232.4502239,0.3392996663396964
9089.0,232.5041817,0.33918483825075924
9090.0,232.5581395,0.33907001016182214
9091.0,232.61234886,0.33895518207288505
9092.0,232.66655822,0.33884035398394796
9093.0,232.72076758,0.33872552589501087
9094.0,232.77497694000002,0.3386106978060738
9095.0,232.8291863,0.3384958697171367
9096.0,232.88339566,0.3383810416281996
9097.0,232.93760502,0.3382662135392625
9098.0,232.99181438,0.3381513854503254
9099.0,233.04602374,0.3380365573613883
9100.0,233.1002331,0.33792172927245123
9101.0,233.1002331,0.33780690118351414
9102.0,233.1002331,0.337692073094577
9103.0,233.1002331,0.3375772450056399
9104.0,233.1002331,0.3374624169167028
9105.0,233.1002331,0.3373475888277657
9106.0,233.1002331,0.33723276073882863
9107.0,233.1002331,0.33711793264989154
9108.0,233.1002331,0.33700310456095445
9109.0,233.1002331,0.33688827647201736
9110.0,233.1002331,0.33677344838308026
9111.0,233.15469577,0.3366586202941432
9112.0,233.20915844,0.3365437922052061
9113.0,233.26362111,0.336428964116269
9114.0,233.31808378,0.3363141360273319
9115.0,233.37254645000002,0.33619930793839475
9116.0,233.42700912,0.33608447984945766
9117.0,233.48147179,0.33596965176052057
9118.0,233.53593446,0.3358548236715835
9119.0,233.59039713,0.3357399955826464
9120.0,233.6448598,0.3356251674937093
9121.0,233.6448598,0.3355103394047722
9122.0,233.6448598,0.3353955113158351
9123.0,233.6448598,0.335280683226898
9124.0,233.6448598,0.33516585513796093
9125.0,233.6448598,0.33505102704902384
9126.0,233.6448598,0.33493619896008675
9127.0,233.6448598,0.33482137087114966
9128.0,233.6448598,0.33470604544490234
9129.0,233.6448598,0.33458873066941425
9130.0,233.6448598,0.3344714158939262
9131.0,233.69957757,0.33435410111843816
9132.0,233.75429534,0.33423678634295007
9133.0,233.80901311,0.334119471567462
9134.0,233.86373088,0.3340021567919739
9135.0,233.91844865000002,0.3338848420164859
9136.0,233.97316642,0.3337675272409978
9137.0,234.02788419,0.33365021246550974
9138.0,234.08260196,0.33353289769002165
9139.0,234.13731973,0.3334155829145336
9140.0,234.1920375,0.3332982681390455
9141.0,234.24701215,0.33318095336355746
9142.0,234.3019868,0.33306363858806937
9143.0,234.35696145,0.3329463238125813
9144.0,234.4119361,0.3328290090370932
9145.0,234.46691075,0.3327116942616052
9146.0,234.5218854,0.3325943794861171
9147.0,234.57686005,0.33247706471062904
9148.0,234.63183469999998,0.33235974993514095
9149.0,234.68680935,0.3322424351596529
9150.0,234.741784,0.3321251203841648
9151.0,234.741784,0.33200780560867676
9152.0,234.741784,0.33189049083318867
9153.0,234.741784,0.3317731760577006
9154.0,234.741784,0.3316558612822126
9155.0,234.741784,0.3315385465067245
9156.0,234.741784,0.33142123173123644
9157.0,234.741784,0.33130391695574835
9158.0,234.741784,0.3311866021802603
9159.0,234.741784,0.3310692874047722
9160.0,234.741784,0.33095197262928416
9161.0,234.79701735999998,0.33083465785379607
9162.0,234.85225072,0.330717343078308
9163.0,234.90748408,0.3306000283028199
9164.0,234.96271744,0.3304827135273319
9165.0,235.0179508,0.3303653987518438
9166.0,235.07318415999998,0.33024808397635574
9167.0,235.12841752,0.33013076920086765
9168.0,235.18365088,0.3300134544253796
9169.0,235.23888424,0.3298961396498915
9170.0,235.2941176,0.32977882487440346
9171.0,235.2941176,0.32966151009891537
9172.0,235.2941176,0.3295441953234273
9173.0,235.2941176,0.3294268805479392
9174.0,235.2941176,0.3293093346798264
9175.0,235.2941176,0.3291897089780911
9176.0,235.2941176,0.32907008327635573
9177.0,235.2941176,0.3289504575746204
9178.0,235.2941176,0.32883083187288503
9179.0,235.2941176,0.3287112061711497
9180.0,235.2941176,0.32859158046941433
9181.0,235.34961149999998,0.32847195476767893
9182.0,235.4051054,0.3283523290659436
9183.0,235.4605993,0.32823270336420823
9184.0,235.5160932,0.3281130776624729
9185.0,235.5715871,0.32799345196073754
9186.0,235.627081,0.3278738262590022
9187.0,235.68257490000002,0.3277542005572668
9188.0,235.7380688,0.32763457485553144
9189.0,235.7935627,0.3275149491537961
9190.0,235.8490566,0.32739532345206074
9191.0,235.90481288,0.3272756977503254
9192.0,235.96056916,0.32715607204859004
9193.0,236.01632544,0.32703644634685464
9194.0,236.07208172,0.3269168206451193
9195.0,236.127838,0.32679719494338394
9196.0,236.18359428000002,0.3266775692416486
9197.0,236.23935056000002,0.32655794353991324
9198.0,236.29510684000002,0.3264383178381779
9199.0,236.35086312,0.3263186921364425
9200.0,236.4066194,0.32619906643470714
9201.0,236.4066194,0.3260794407329718
9202.0,236.4066194,0.32595981503123644
9203.0,236.4066194,0.3258401893295011
9204.0,236.4066194,0.32572056362776575
9205.0,236.4066194,0.32560093792603034
9206.0,236.4066194,0.325481312224295
9207.0,236.4066194,0.32536168652255965
9208.0,236.4066194,0.3252420608208243
9209.0,236.4066194,0.32512243511908895
9210.0,236.4066194,0.3250028094173536
9211.0,236.46263992000002,0.3248831837156182
9212.0,236.51866044000002,0.32476355801388285
9213.0,236.57468096,0.3246439323121475
9214.0,236.63070148,0.32452430661041215
9215.0,236.686722,0.3244046809086768
9216.0,236.74274252,0.32428505520694145
9217.0,236.79876304,0.32416542950520605
9218.0,236.85478356,0.3240458038034707
9219.0,236.91080408,0.32392617810173535
9220.0,236.9668246,0.3238065524
9221.0,237.02311126,0.3236849998403471
9222.0,237.07939792,0.32356344728069414
9223.0,237.13568458,0.32344189472104123
9224.0,237.19197124,0.3233203421613883
9225.0,237.2482579,0.32319878960173537
9226.0,237.30454456,0.3230772370420824
9227.0,237.36083122,0.3229556844824295
9228.0,237.41711788,0.3228341319227766
9229.0,237.47340454,0.32271257936312364
9230.0,237.5296912,0.32259102680347074
9231.0,237.58624589,0.3224694742438178
9232.0,237.64280058,0.3223479216841649
9233.0,237.69935527,0.3222263691245119
9234.0,237.75590996,0.322104816564859
9235.0,237.81246464999998,0.3219832640052061
9236.0,237.86901934,0.32186171144555314
9237.0,237.92557403,0.32174015888590024
9238.0,237.98212872,0.3216186063262473
9239.0,238.03868340999998,0.3214970537665944
9240.0,238.0952381,0.3213755012069414
9241.0,238.0952381,0.3212539486472885
9242.0,238.0952381,0.3211323960876356
9243.0,238.0952381,0.32101084352798265
9244.0,238.0952381,0.32088929096832974
9245.0,238.0952381,0.3207677384086768
9246.0,238.0952381,0.3206461858490239
9247.0,238.0952381,0.3205246332893709
9248.0,238.0952381,0.320403080729718
9249.0,238.0952381,0.3202815281700651
9250.0,238.0952381,0.32015997561041215
9251.0,238.15206274,0.32003842305075925
9252.0,238.20888738,0.3199168704911063
9253.0,238.26571202,0.3197953179314534
9254.0,238.32253666,0.3196737653718004
9255.0,238.3793613,0.3195522128121475
9256.0,238.43618594,0.3194306602524946
9257.0,238.49301058,0.31930910769284165
9258.0,238.54983522,0.31918755513318875
9259.0,238.60665986,0.3190660025735358
9260.0,238.6634845,0.3189444500138829
9261.0,238.6634845,0.3188228974542299
9262.0,238.6634845,0.318701344894577
9263.0,238.6634845,0.3185797923349241
9264.0,238.6634845,0.31845823977527116
9265.0,238.6634845,0.31833668721561825
9266.0,238.6634845,0.3182151346559653
9267.0,238.6634845,0.3180917541875271
9268.0,238.6634845,0.31796817061811283
9269.0,238.6634845,0.3178445870486985
9270.0,238.6634845,0.31772100347928417
9271.0,238.72058103,0.3175974199098699
9272.0,238.77767756,0.31747383634045556
9273.0,238.83477409,0.31735025277104123
9274.0,238.89187062,0.3172266692016269
9275.0,238.94896715,0.3171030856322126
9276.0,239.00606368,0.3169795020627983
9277.0,239.06316021,0.31685591849338396
9278.0,239.12025674,0.3167323349239697
9279.0,239.17735327,0.31660875135455535
9280.0,239.2344498,0.316485167785141
9281.0,239.29182017,0.3163615842157267
9282.0,239.34919054,0.3162380006463124
9283.0,239.40656091,0.3161144170768981
9284.0,239.46393128,0.31599083350748375
9285.0,239.52130165,0.31586724993806947
9286.0,239.57867202,0.31574366636865514
9287.0,239.63604239,0.3156200827992408
9288.0,239.69341276,0.3154964992298265
9289.0,239.75078313,0.3153729156604122
9290.0,239.8081535,0.31524933209099787
9291.0,239.8081535,0.31512574852158354
9292.0,239.8081535,0.31500216495216926
9293.0,239.8081535,0.31487858138275493
9294.0,239.8081535,0.3147549978133406
9295.0,239.8081535,0.31463141424392627
9296.0,239.8081535,0.314507830674512
9297.0,239.8081535,0.31438424710509766
9298.0,239.8081535,0.3142606635356833
9299.0,239.8081535,0.31413707996626905
9300.0,239.8081535,0.3140134963968547
9301.0,239.8081535,0.3138899128274404
9302.0,239.8081535,0.31376632925802606
9303.0,239.8081535,0.3136427456886118
9304.0,239.8081535,0.31351916211919745
9305.0,239.8081535,0.3133955785497831
9306.0,239.8081535,0.31327199498036884
9307.0,239.8081535,0.3131484114109545
9308.0,239.8081535,0.3130248278415402
9309.0,239.8081535,0.31290124427212584
9310.0,239.8081535,0.31277766070271157
9311.0,239.86579969000002,0.31265407713329724
9312.0,239.92344588,0.3125304935638829
9313.0,239.98109207,0.31240488592592197
9314.0,240.03873826,0.31227877227082435
9315.0,240.09638445000002,0.3121526586157267
9316.0,240.15403064,0.3120265449606291
9317.0,240.21167683,0.3119004313055315
9318.0,240.26932302,0.3117743176504339
9319.0,240.32696921000002,0.31164820399533627
9320.0,240.3846154,0.31152209034023864
9321.0,240.4425394,0.311395976685141
9322.0,240.5004634,0.3112698630300434
9323.0,240.55838740000002,0.3111437493749458
9324.0,240.6163114,0.3110176357198482
9325.0,240.6742354,0.31089152206475057
9326.0,240.7321594,0.31076540840965294
9327.0,240.79008340000001,0.3106392947545553
9328.0,240.8480074,0.3105131810994577
9329.0,240.9059314,0.3103870674443601
9330.0,240.9638554,0.3102609537892625
9331.0,240.9638554,0.31013484013416487
9332.0,240.9638554,0.31000872647906724
9333.0,240.9638554,0.3098826128239696
9334.0,240.9638554,0.309756499168872
9335.0,240.9638554,0.30963038551377436
9336.0,240.9638554,0.3095042718586768
9337.0,240.9638554,0.30937815820357917
9338.0,240.9638554,0.30925204454848154
9339.0,240.9638554,0.3091259308933839
9340.0,240.9638554,0.3089998172382863
9341.0,241.02205923,0.30887370358318866
9342.0,241.08026306,0.3087475899280911
9343.0,241.13846689,0.30862147627299347
9344.0,241.19667072,0.30849536261789584
9345.0,241.25487455,0.3083692489627982
9346.0,241.31307838,0.3082431353077006
9347.0,241.37128221,0.30811702165260296
9348.0,241.42948604,0.3079909079975054
9349.0,241.48768987,0.30786479434240777
9350.0,241.5458937,0.30773868068731014
9351.0,241.60437939,0.3076125670322125
9352.0,241.66286508,0.3074864533771149
9353.0,241.72135077,0.30736033972201726
9354.0,241.77983645999998,0.30723422606691964
9355.0,241.83832215,0.30710811241182207
9356.0,241.89680784,0.30698199875672444
9357.0,241.95529353,0.3068558851016268
9358.0,242.01377922,0.3067297714465292
9359.0,242.07226491,0.3066020264725596
9360.0,242.1307506,0.3064735823619305
9361.0,242.1895202,0.30634513825130144
9362.0,242.2482898,0.3062166941406724
9363.0,242.30705939999999,0.3060882500300433
9364.0,242.365829,0.30595980591941424
9365.0,242.4245986,0.3058313618087852
9366.0,242.4833682,0.3057029176981561
9367.0,242.5421378,0.30557447358752704
9368.0,242.60090739999998,0.305446029476898
9369.0,242.659677,0.3053175853662689
9370.0,242.7184466,0.30518914125563984
9371.0,242.7184466,0.3050606971450108
9372.0,242.7184466,0.3049322530343817
9373.0,242.7184466,0.30480380892375264
9374.0,242.7184466,0.3046753648131236
9375.0,242.7184466,0.3045469207024945
9376.0,242.7184466,0.30441847659186544
9377.0,242.7184466,0.30429003248123637
9378.0,242.7184466,0.3041615883706073
9379.0,242.7184466,0.30403314425997824
9380.0,242.7184466,0.30390470014934917
9381.0,242.77750218,0.3037762560387201
9382.0,242.83655776,0.30364781192809104
9383.0,242.89561333999998,0.30351936781746197
9384.0,242.95466892,0.3033909237068329
9385.0,243.0137245,0.30326247959620384
9386.0,243.07278008,0.30313403548557477
9387.0,243.13183566,0.3030055913749457
9388.0,243.19089123999998,0.30287714726431664
9389.0,243.24994682,0.30274870315368757
9390.0,243.3090024,0.3026202590430585
9391.0,243.36834606,0.30249181493242944
9392.0,243.42768972,0.30236337082180037
9393.0,243.48703337999999,0.3022349267111713
9394.0,243.54637703999998,0.30210648260054224
9395.0,243.6057207,0.30197803848991317
9396.0,243.66506436,0.3018495943792841
9397.0,243.72440802,0.30172115026865504
9398.0,243.78375168,0.30159270615802597
9399.0,243.84309534,0.3014642620473969
9400.0,243.902439,0.30133581793676784
9401.0,243.902439,0.30120737382613877
9402.0,243.902439,0.3010789297155097
9403.0,243.902439,0.30095048560488064
9404.0,243.902439,0.30082204149425157
9405.0,243.902439,0.300692278528308
9406.0,243.902439,0.30056163632548805
9407.0,243.902439,0.30043099412266805
9408.0,243.902439,0.3003003519198481
9409.0,243.902439,0.30016970971702817
9410.0,243.902439,0.3000390675142082
9411.0,243.96207285,0.2999084253113882
9412.0,244.02170669999998,0.2997777831085683
9413.0,244.08134055,0.29964714090574834
9414.0,244.14097439999998,0.2995164987029284
9415.0,244.20060825,0.2993858565001084
9416.0,244.2602421,0.29925521429728846
9417.0,244.31987594999998,0.2991245720944685
9418.0,244.3795098,0.2989939298916486
9419.0,244.43914364999998,0.2988632876888286
9420.0,244.4987775,0.29873264548600864
9421.0,244.55870367,0.2986020032831887
9422.0,244.61862983999998,0.29847136108036876
9423.0,244.67855601,0.29834071887754876
9424.0,244.73848217999998,0.2982100766747288
9425.0,244.79840835,0.2980794344719089
9426.0,244.85833452,0.29794879226908894
9427.0,244.91826068999998,0.29781815006626894
9428.0,244.97818686,0.297687507863449
9429.0,245.03811302999998,0.29755686566062906
9430.0,245.0980392,0.2974262234578091
9431.0,245.0980392,0.2972955812549891
9432.0,245.0980392,0.2971649390521692
9433.0,245.0980392,0.29703429684934923
9434.0,245.0980392,0.2969036546465293
9435.0,245.0980392,0.2967730124437093
9436.0,245.0980392,0.29664237024088935
9437.0,245.0980392,0.2965117280380694
9438.0,245.0980392,0.29638108583524947
9439.0,245.0980392,0.29625044363242947
9440.0,245.0980392,0.29611980142960953
9441.0,245.15825984999998,0.2959891592267896
9442.0,245.2184805,0.29585851702396965
9443.0,245.27870115,0.29572787482114965
9444.0,245.3389218,0.2955972326183297
9445.0,245.39914245,0.29546659041550977
9446.0,245.4593631,0.2953359482126898
9447.0,245.51958375,0.29520530600986983
9448.0,245.5798044,0.2950746638070499
9449.0,245.64002505000002,0.29494402160422994
9450.0,245.7002457,0.29481337940141
9451.0,245.760763,0.2946817444762473
9452.0,245.8212803,0.29454911682874185
9453.0,245.8817976,0.2944164891812365
9454.0,245.9423149,0.29428386153373104
9455.0,246.0028322,0.2941512338862256
9456.0,246.0633495,0.29401860623872017
9457.0,246.1238668,0.2938859785912148
9458.0,246.1843841,0.29375335094370936
9459.0,246.2449014,0.2936207232962039
9460.0,246.3054187,0.2934880956486985
9461.0,246.3054187,0.29335546800119305
9462.0,246.3054187,0.2932228403536877
9463.0,246.3054187,0.29309021270618224
9464.0,246.3054187,0.2929575850586768
9465.0,246.3054187,0.29282495741117137
9466.0,246.3054187,0.292692329763666
9467.0,246.3054187,0.29255970211616056
9468.0,246.3054187,0.2924270744686551
9469.0,246.3054187,0.2922944468211497
9470.0,246.3054187,0.2921618191736443
9471.0,246.36623484999998,0.2920291915261389
9472.0,246.427051,0.29189656387863344
9473.0,246.48786715,0.291763936231128
9474.0,246.5486833,0.2916313085836226
9475.0,246.60949945,0.2914986809361172
9476.0,246.6703156,0.29136605328861176
9477.0,246.73113175,0.2912334256411063
9478.0,246.7919479,0.2911007979936009
9479.0,246.85276405000002,0.2909681703460955
9480.0,246.9135802,0.2908355426985901
9481.0,246.97469743000002,0.29070291505108464
9482.0,247.03581466,0.2905702874035792
9483.0,247.09693189,0.29043765975607383
9484.0,247.15804912000002,0.2903050321085684
9485.0,247.21916635000002,0.29017240446106296
9486.0,247.28028358,0.2900397768135575
9487.0,247.34140081,0.2899071491660521
9488.0,247.40251804000002,0.2897745215185467
9489.0,247.46363527,0.2896418938710413
9490.0,247.5247525,0.28950926622353584
9491.0,247.58617303,0.2893766385760304
9492.0,247.64759356,0.28924401092852503
9493.0,247.70901409,0.2891113832810196
9494.0,247.77043462,0.28897875563351416
9495.0,247.83185515,0.2888461279860087
9496.0,247.89327568,0.28871350033850335
9497.0,247.95469620999998,0.2885802659920825
9498.0,248.01611674,0.28844612159728855
9499.0,248.07753727,0.28831197720249463
9500.0,248.1389578,0.2881778328077007
9501.0,248.1389578,0.2880436884129068
9502.0,248.1389578,0.28790954401811286
9503.0,248.1389578,0.28777539962331894
9504.0,248.1389578,0.287641255228525
9505.0,248.1389578,0.2875071108337311
9506.0,248.1389578,0.28737296643893717
9507.0,248.1389578,0.28723882204414325
9508.0,248.1389578,0.2871046776493493
9509.0,248.1389578,0.2869705332545554
9510.0,248.1389578,0.2868363888597615
9511.0,248.1389578,0.28670224446496756
9512.0,248.1389578,0.2865681000701736
9513.0,248.1389578,0.28643395567537966
9514.0,248.1389578,0.28629981128058574
9515.0,248.1389578,0.2861656668857918
9516.0,248.1389578,0.2860315224909979
9517.0,248.1389578,0.28589737809620397
9518.0,248.1389578,0.28576323370141005
9519.0,248.1389578,0.2856290893066161
9520.0,248.1389578,0.2854949449118222
9521.0,248.20068390999998,0.2853608005170283
9522.0,248.26241001999998,0.28522665612223436
9523.0,248.32413613,0.28509251172744043
9524.0,248.38586224,0.2849583673326465
9525.0,248.44758835,0.2848242229378526
9526.0,248.50931445999998,0.28469007854305867
9527.0,248.57104056999998,0.2845559341482647
9528.0,248.63276668,0.28442178975347077
9529.0,248.69449279,0.28428764535867684
9530.0,248.7562189,0.2841535009638829
9531.0,248.81825286999998,0.284019356569089
9532.0,248.88028684,0.2838852121742951
9533.0,248.94232081,0.28375106777950115
9534.0,249.00435478,0.28361692338470723
9535.0,249.06638875,0.2834827789899133
9536.0,249.12842272,0.2833486345951194
9537.0,249.19045669000002,0.28321449020032546
9538.0,249.25249066,0.28308034580553154
9539.0,249.31452463,0.2829462014107376
9540.0,249.3765586,0.2828120570159437
9541.0,249.3765586,0.2826779126211498
9542.0,249.3765586,0.28254376822635585
9543.0,249.3765586,0.282409186382755
9544.0,249.3765586,0.28227358382527123
9545.0,249.3765586,0.2821379812677875
9546.0,249.3765586,0.28200237871030376
9547.0,249.3765586,0.28186677615282
9548.0,249.3765586,0.2817311735953363
9549.0,249.3765586,0.28159557103785254
9550.0,249.3765586,0.2814599684803688
9551.0,249.3765586,0.28132436592288507
9552.0,249.3765586,0.28118876336540133
9553.0,249.3765586,0.2810531608079176
9554.0,249.3765586,0.28091755825043385
9555.0,249.3765586,0.28078195569295017
9556.0,249.3765586,0.28064635313546643
9557.0,249.3765586,0.2805107505779827
9558.0,249.3765586,0.28037514802049895
9559.0,249.3765586,0.2802395454630152
9560.0,249.3765586,0.2801039429055315
9561.0,249.43890274,0.27996834034804774
9562.0,249.50124688,0.279832737790564
9563.0,249.56359102000002,0.27969713523308026
9564.0,249.62593516,0.2795615326755965
9565.0,249.6882793,0.2794259301181128
9566.0,249.75062344,0.27929032756062905
9567.0,249.81296758,0.2791547250031453
9568.0,249.87531172,0.27901912244566157
9569.0,249.93765586,0.27888351988817783
9570.0,250.0,0.27874791733069415
9571.0,250.06265664,0.2786123147732104
9572.0,250.12531328,0.2784767122157267
9573.0,250.18796992,0.27834110965824294
9574.0,250.25062656,0.2782055071007592
9575.0,250.3132832,0.27806990454327546
9576.0,250.37593984,0.2779343019857917
9577.0,250.43859648,0.277798699428308
9578.0,250.50125312,0.27766309687082424
9579.0,250.56390976,0.2775274943133405
9580.0,250.6265664,0.27739189175585677
9581.0,250.6265664,0.27725628919837303
9582.0,250.6265664,0.2771206866408893
9583.0,250.6265664,0.27698508408340555
9584.0,250.6265664,0.2768494815259218
9585.0,250.6265664,0.27671387896843813
9586.0,250.6265664,0.2765782764109544
9587.0,250.6265664,0.27644267385347066
9588.0,250.6265664,0.2763070712959869
9589.0,250.6265664,0.27617108076323205
9590.0,250.6265664,0.27603353832939254
9591.0,250.6895379,0.2758959958955531
9592.0,250.7525094,0.27575845346171357
9593.0,250.8154809,0.2756209110278741
9594.0,250.87845240000001,0.2754833685940346
9595.0,250.94142390000002,0.27534582616019515
9596.0,251.0043954,0.2752082837263557
9597.0,251.0673669,0.2750707412925162
9598.0,251.1303384,0.27493319885867673
9599.0,251.1933099,0.2747956564248372
9600.0,251.2562814,0.27465811399099777
9601.0,251.31957014,0.27452057155715825
9602.0,251.38285888000001,0.2743830291233188
9603.0,251.44614762,0.27424548668947935
9604.0,251.50943636,0.27410794425563983
9605.0,251.5727251,0.2739704018218004
9606.0,251.63601384,0.27383285938796087
9607.0,251.69930258,0.2736953169541214
9608.0,251.76259131999998,0.27355777452028196
9609.0,251.82588006,0.27342023208644245
9610.0,251.8891688,0.273282689652603
9611.0,251.95277717,0.2731451472187635
9612.0,252.01638554,0.27300760478492403
9613.0,252.07999390999998,0.2728700623510845
9614.0,252.14360227999998,0.27273251991724506
9615.0,252.20721064999998,0.2725949774834056
9616.0,252.27081902,0.2724574350495661
9617.0,252.33442739,0.27231989261572664
9618.0,252.39803576,0.27218235018188713
9619.0,252.46164413,0.2720448077480477
9620.0,252.5252525,0.2719072653142082
9621.0,252.58918295,0.2717697228803687
9622.0,252.6531134,0.27163218044652926
9623.0,252.71704384999998,0.27149463801268975
9624.0,252.7809743,0.2713570955788503
9625.0,252.84490475,0.2712195531450108
9626.0,252.9088352,0.27108201071117133
9627.0,252.97276564999999,0.2709444682773319
9628.0,253.0366961,0.27080692584349236
9629.0,253.10062655000002,0.2706693834096529
9630.0,253.164557,0.2705318409758134
9631.0,253.164557,0.27039429854197394
9632.0,253.164557,0.2702567561081345
9633.0,253.164557,0.270119213674295
9634.0,253.164557,0.2699816712404555
9635.0,253.164557,0.26984399405683296
9636.0,253.164557,0.2697051041251627
9637.0,253.164557,0.26956621419349236
9638.0,253.164557,0.2694273242618221
9639.0,253.164557,0.2692884343301518
9640.0,253.164557,0.26914954439848154
9641.0,253.22881196,0.26901065446681127
9642.0,253.29306692,0.268871764535141
9643.0,253.35732188,0.2687328746034707
9644.0,253.42157684,0.2685939846718004
9645.0,253.4858318,0.26845509474013013
9646.0,253.55008676,0.26831620480845986
9647.0,253.61434172,0.2681773148767896
9648.0,253.67859668,0.2680384249451193
9649.0,253.74285164,0.267899535013449
9650.0,253.8071066,0.2677606450817787
9651.0,253.87168856,0.26762175515010844
9652.0,253.93627052,0.26748286521843817
9653.0,254.00085248,0.2673439752867679
9654.0,254.06543444,0.2672050853550976
9655.0,254.1300164,0.2670661954234273
9656.0,254.19459836000001,0.266927305491757
9657.0,254.25918032,0.26678841556008676
9658.0,254.32376228,0.2666495256284165
9659.0,254.38834424,0.2665106356967462
9660.0,254.4529262,0.26637174576507594
9661.0,254.4529262,0.2662328558334056
9662.0,254.4529262,0.26609396590173534
9663.0,254.4529262,0.26595507597006507
9664.0,254.4529262,0.2658161860383948
9665.0,254.4529262,0.2656772961067245
9666.0,254.4529262,0.26553840617505425
9667.0,254.4529262,0.2653995162433839
9668.0,254.4529262,0.26526062631171365
9669.0,254.4529262,0.2651217363800434
9670.0,254.4529262,0.2649828464483731
9671.0,254.4529262,0.26484395651670284
9672.0,254.4529262,0.26470506658503257
9673.0,254.4529262,0.26456617665336224
9674.0,254.4529262,0.26442728672169197
9675.0,254.4529262,0.2642883967900217
9676.0,254.4529262,0.2641495068583514
9677.0,254.4529262,0.26401061692668115
9678.0,254.4529262,0.2638717269950109
9679.0,254.4529262,0.26373283706334055
9680.0,254.4529262,0.2635939471316703
9681.0,254.4529262,0.2634550572
9682.0,254.4529262,0.2633149977
9683.0,254.4529262,0.2631749382
9684.0,254.4529262,0.26303487870000003
9685.0,254.4529262,0.2628948192
9686.0,254.4529262,0.2627547597
9687.0,254.4529262,0.2626147002
9688.0,254.4529262,0.2624746407
9689.0,254.4529262,0.2623345812
9690.0,254.4529262,0.2621945217
9691.0,254.51783766,0.2620544622
9692.0,254.58274912000002,0.2619144027
9693.0,254.64766058,0.26177434320000004
9694.0,254.71257204,0.2616342837
9695.0,254.77748350000002,0.2614942242
9696.0,254.84239496,0.2613541647
9697.0,254.90730642,0.2612141052
9698.0,254.97221788,0.26107404570000003
9699.0,255.03712934,0.2609339862
9700.0,255.1020408,0.2607939267
9701.0,255.1020408,0.2606538672
9702.0,255.1020408,0.2605138077
9703.0,255.1020408,0.26037374820000003
9704.0,255.1020408,0.2602336887
9705.0,255.1020408,0.2600936292
9706.0,255.1020408,0.2599535697
9707.0,255.1020408,0.25981351020000004
9708.0,255.1020408,0.25967345070000003
9709.0,255.1020408,0.2595333912
9710.0,255.1020408,0.2593933317
9711.0,255.1020408,0.2592532722
9712.0,255.1020408,0.25911321270000004
9713.0,255.1020408,0.25897315320000003
9714.0,255.1020408,0.2588330937
9715.0,255.1020408,0.2586930342
9716.0,255.1020408,0.2585529747
9717.0,255.1020408,0.25841291520000004
9718.0,255.1020408,0.2582728557
9719.0,255.1020408,0.2581327962
9720.0,255.1020408,0.2579927367
9721.0,255.1020408,0.25785267720000005
9722.0,255.1020408,0.25771261770000004
9723.0,255.1020408,0.2575725582
9724.0,255.1020408,0.2574324987
9725.0,255.1020408,0.2572924392
9726.0,255.1020408,0.25715237970000004
9727.0,255.1020408,0.25701232020000003
9728.0,255.1020408,0.25687116707993496
9729.0,255.1020408,0.25672989244652933
9730.0,255.1020408,0.25658861781312364
9731.0,255.1020408,0.256447343179718
9732.0,255.1020408,0.2563060685463124
9733.0,255.1020408,0.25616479391290675
9734.0,255.1020408,0.2560235192795011
9735.0,255.1020408,0.2558822446460955
9736.0,255.1020408,0.25574097001268986
9737.0,255.1020408,0.2555996953792842
9738.0,255.1020408,0.25545842074587854
9739.0,255.1020408,0.2553171461124729
9740.0,255.1020408,0.2551758714790673
9741.0,255.16728429,0.25503459684566165
9742.0,255.23252778,0.254893322212256
9743.0,255.29777127,0.25475204757885034
9744.0,255.36301476,0.2546107729454447
9745.0,255.42825825,0.2544694983120391
9746.0,255.49350174,0.25432822367863345
9747.0,255.55874523,0.2541869490452278
9748.0,255.62398872,0.2540456744118222
9749.0,255.68923221,0.25390439977841656
9750.0,255.7544757,0.25376312514501087
9751.0,255.7544757,0.25362185051160524
9752.0,255.7544757,0.2534805758781996
9753.0,255.7544757,0.253339301244794
9754.0,255.7544757,0.25319802661138835
9755.0,255.7544757,0.2530567519779827
9756.0,255.7544757,0.2529154773445771
9757.0,255.7544757,0.2527742027111714
9758.0,255.7544757,0.2526329280777658
9759.0,255.7544757,0.25249165344436014
9760.0,255.7544757,0.2523503788109545
9761.0,255.82005377,0.2522091041775489
9762.0,255.88563184,0.25206782954414325
9763.0,255.95120991,0.25192655491073757
9764.0,256.01678798,0.25178528027733194
9765.0,256.08236605,0.2516440056439263
9766.0,256.14794412,0.2515027310105207
9767.0,256.21352219,0.25136145637711504
9768.0,256.27910026,0.2512201817437094
9769.0,256.34467832999997,0.2510789071103038
9770.0,256.4102564,0.2509376324768981
9771.0,256.47617162999995,0.25079635784349247
9772.0,256.54208686,0.25065508321008684
9773.0,256.60800209,0.2505138085766812
9774.0,256.67391732,0.25037198539577016
9775.0,256.73983254999996,0.2502300250779827
9776.0,256.80574778,0.2500880647601953
9777.0,256.87166301,0.24994610444240786
9778.0,256.93757824,0.24980414412462043
9779.0,257.00349346999997,0.24966218380683303
9780.0,257.0694087,0.2495202234890456
9781.0,257.0694087,0.24937826317125816
9782.0,257.0694087,0.24923630285347076
9783.0,257.0694087,0.24909434253568333
9784.0,257.0694087,0.2489523822178959
9785.0,257.0694087,0.2488104219001085
9786.0,257.0694087,0.24866846158232106
9787.0,257.0694087,0.24852650126453363
9788.0,257.0694087,0.24838454094674622
9789.0,257.0694087,0.2482425806289588
9790.0,257.0694087,0.24810062031117136
9791.0,257.13566371,0.24795865999338396
9792.0,257.20191872,0.24781669967559652
9793.0,257.26817373,0.2476747393578091
9794.0,257.33442873999996,0.2475327790400217
9795.0,257.40068375,0.24739081872223426
9796.0,257.46693876,0.24724885840444683
9797.0,257.53319376999997,0.24710689808665942
9798.0,257.59944878,0.246964937768872
9799.0,257.66570378999995,0.24682297745108456
9800.0,257.7319588,0.24668101713329713
9801.0,257.79855619999995,0.24653905681550972
9802.0,257.8651536,0.2463970964977223
9803.0,257.93175099999996,0.24625513617993486
9804.0,257.9983484,0.24611317586214745
9805.0,258.0649458,0.24597121554436002
9806.0,258.13154319999995,0.2458292552265726
9807.0,258.1981406,0.2456872949087852
9808.0,258.26473799999997,0.24554533459099775
9809.0,258.3313354,0.24540337427321032
9810.0,258.3979328,0.24526141395542292
9811.0,258.3979328,0.2451194536376355
9812.0,258.3979328,0.24497749331984806
9813.0,258.3979328,0.24483553300206065
9814.0,258.3979328,0.24469357268427322
9815.0,258.3979328,0.2445516123664858
9816.0,258.3979328,0.24440965204869838
9817.0,258.3979328,0.24426769173091095
9818.0,258.3979328,0.24412573141312352
9819.0,258.3979328,0.2439837710953361
9820.0,258.3979328,0.24384082803676776
9821.0,258.3979328,0.24369746380357904
9822.0,258.3979328,0.24355409957039034
9823.0,258.3979328,0.24341073533720162
9824.0,258.3979328,0.2432673711040129
9825.0,258.3979328,0.24312400687082417
9826.0,258.3979328,0.24298064263763547
9827.0,258.3979328,0.24283727840444674
9828.0,258.3979328,0.24269391417125802
9829.0,258.3979328,0.2425505499380693
9830.0,258.3979328,0.2424071857048806
9831.0,258.3979328,0.24226382147169187
9832.0,258.3979328,0.24212045723850315
9833.0,258.3979328,0.24197709300531442
9834.0,258.3979328,0.24183372877212572
9835.0,258.3979328,0.241690364538937
9836.0,258.3979328,0.24154700030574827
9837.0,258.3979328,0.24140363607255955
9838.0,258.3979328,0.24126027183937085
9839.0,258.3979328,0.24111690760618212
9840.0,258.3979328,0.2409735433729934
9841.0,258.46487527,0.24083017913980467
9842.0,258.53181774,0.24068681490661598
9843.0,258.59876020999997,0.24054345067342725
9844.0,258.66570268,0.24040008644023853
9845.0,258.73264515,0.2402567222070498
9846.0,258.79958762,0.2401133579738611
9847.0,258.86653009,0.23996999374067238
9848.0,258.93347256,0.23982662950748365
9849.0,259.00041503,0.23968326527429493
9850.0,259.0673575,0.23953990104110623
9851.0,259.0673575,0.2393965368079175
9852.0,259.0673575,0.23925317257472878
9853.0,259.0673575,0.23910980834154005
9854.0,259.0673575,0.23896644410835136
9855.0,259.0673575,0.23882307987516263
9856.0,259.0673575,0.2386797156419739
9857.0,259.0673575,0.23853635140878518
9858.0,259.0673575,0.23839298717559648
9859.0,259.0673575,0.23824962294240776
9860.0,259.0673575,0.23810625870921903
9861.0,259.0673575,0.2379628944760303
9862.0,259.0673575,0.2378195302428416
9863.0,259.0673575,0.23767616600965288
9864.0,259.0673575,0.23753280177646416
9865.0,259.0673575,0.23738943754327543
9866.0,259.0673575,0.23724565929707153
9867.0,259.0673575,0.23710160504219085
9868.0,259.0673575,0.23695755078731015
9869.0,259.0673575,0.23681349653242947
9870.0,259.0673575,0.23666944227754877
9871.0,259.13464772000003,0.23652538802266806
9872.0,259.20193794,0.2363813337677874
9873.0,259.26922816,0.23623727951290668
9874.0,259.33651838000003,0.236093225258026
9875.0,259.40380860000005,0.2359491710031453
9876.0,259.47109882,0.2358051167482646
9877.0,259.53838904,0.23566106249338392
9878.0,259.60567926000004,0.23551700823850322
9879.0,259.67296948,0.23537295398362254
9880.0,259.7402597,0.23522889972874184
9881.0,259.7402597,0.23508484547386113
9882.0,259.7402597,0.23494079121898045
9883.0,259.7402597,0.23479673696409975
9884.0,259.7402597,0.23465268270921907
9885.0,259.7402597,0.23450862845433837
9886.0,259.7402597,0.23436457419945766
9887.0,259.7402597,0.234220519944577
9888.0,259.7402597,0.23407646568969628
9889.0,259.7402597,0.2339324114348156
9890.0,259.7402597,0.2337883571799349
9891.0,259.7402597,0.2336443029250542
9892.0,259.7402597,0.23350024867017352
9893.0,259.7402597,0.23335619441529282
9894.0,259.7402597,0.23321214016041214
9895.0,259.7402597,0.23306808590553144
9896.0,259.7402597,0.23292403165065073
9897.0,259.7402597,0.23277997739577005
9898.0,259.7402597,0.23263592314088935
9899.0,259.7402597,0.23249186888600865
9900.0,259.7402597,0.23234781463112797
9901.0,259.8079004,0.23220376037624726
9902.0,259.8755411,0.2320597061213666
9903.0,259.94318180000005,0.23191565186648588
9904.0,260.0108225,0.2317715976116052
9905.0,260.0784632,0.2316275433567245
9906.0,260.1461039,0.2314834891018438
9907.0,260.21374460000004,0.23133943484696312
9908.0,260.2813853,0.23119538059208242
9909.0,260.349026,0.2310513263372017
9910.0,260.4166667,0.23090727208232104
9911.0,260.4166667,0.23076321782744033
9912.0,260.4166667,0.2306191917808026
9913.0,260.4166667,0.2304751939424078
9914.0,260.4166667,0.230331196104013
9915.0,260.4166667,0.2301871982656182
9916.0,260.4166667,0.23004320042722343
9917.0,260.4166667,0.22989920258882862
9918.0,260.4166667,0.22975520475043384
9919.0,260.4166667,0.22961120691203904
9920.0,260.4166667,0.22946720907364426
9921.0,260.4166667,0.22932321123524946
9922.0,260.4166667,0.22917921339685465
9923.0,260.4166667,0.22903521555845988
9924.0,260.4166667,0.22889121772006507
9925.0,260.4166667,0.2287472198816703
9926.0,260.4166667,0.2286032220432755
9927.0,260.4166667,0.2284592242048807
9928.0,260.4166667,0.2283152263664859
9929.0,260.4166667,0.2281712285280911
9930.0,260.4166667,0.22802723068969633
9931.0,260.4846606,0.22788323285130152
9932.0,260.5526545,0.22773923501290674
9933.0,260.6206484,0.22759523717451194
9934.0,260.6886423,0.22745123933611716
9935.0,260.7566362,0.22730724149772236
9936.0,260.8246301,0.22716324365932755
9937.0,260.892624,0.22701924582093277
9938.0,260.9606179,0.22687524798253797
9939.0,261.0286118,0.2267312501441432
9940.0,261.0966057,0.2265872523057484
9941.0,261.1649556,0.22644325446735358
9942.0,261.2333055,0.2262992566289588
9943.0,261.3016554,0.226155258790564
9944.0,261.3700053,0.22601126095216922
9945.0,261.4383552,0.22586726311377442
9946.0,261.5067051,0.22572326527537964
9947.0,261.57505499999996,0.22557926743698484
9948.0,261.6434049,0.22543526959859003
9949.0,261.7117548,0.22529127176019526
9950.0,261.7801047,0.22514727392180045
9951.0,261.7801047,0.22500327608340567
9952.0,261.7801047,0.22485927824501087
9953.0,261.7801047,0.2247152804066161
9954.0,261.7801047,0.2245712825682213
9955.0,261.7801047,0.22442728472982648
9956.0,261.7801047,0.2242832868914317
9957.0,261.7801047,0.2241392890530369
9958.0,261.7801047,0.22399520962678962
9959.0,261.7801047,0.2238510078187636
9960.0,261.7801047,0.22370680601073756
9961.0,261.84881339,0.22356260420271154
9962.0,261.91752207999997,0.2234184023946855
9963.0,261.98623076999996,0.22327420058665948
9964.0,262.05493945999996,0.22312999877863346
9965.0,262.12364815,0.22298579697060741
9966.0,262.19235684,0.2228415951625814
9967.0,262.26106553,0.22269739335455535
9968.0,262.32977422,0.22255319154652933
9969.0,262.39848291,0.22240898973850332
9970.0,262.4671916,0.22226478793047727
9971.0,262.4671916,0.22212058612245125
9972.0,262.4671916,0.2219763843144252
9973.0,262.4671916,0.2218321825063992
9974.0,262.4671916,0.22168798069837317
9975.0,262.4671916,0.22154377889034713
9976.0,262.4671916,0.2213995770823211
9977.0,262.4671916,0.22125537527429506
9978.0,262.4671916,0.22111117346626905
9979.0,262.4671916,0.22096697165824303
9980.0,262.4671916,0.22082276985021698
9981.0,262.53626191,0.22067856804219096
9982.0,262.60533222,0.22053436623416492
9983.0,262.67440252999995,0.2203901644261389
9984.0,262.74347284,0.22024596261811288
9985.0,262.81254315,0.22010176081008684
9986.0,262.88161346,0.21995755900206082
9987.0,262.95068376999996,0.21981335719403478
9988.0,263.01975408,0.21966915538600876
9989.0,263.08882439,0.21952495357798274
9990.0,263.1578947,0.2193807517699567
9991.0,263.08882439,0.21923654996193068
9992.0,263.01975408,0.21909234815390463
9993.0,262.95068376999996,0.2189481463458786
9994.0,262.88161346,0.2188039445378526
9995.0,262.81254315,0.21865974272982655
9996.0,262.74347284,0.21851554092180053
9997.0,262.67440252999995,0.2183713391137745
9998.0,262.60533222,0.21822713730574847
9999.0,262.53626191,0.21808293549772245
10000.0,262.4671916,0.2179387336896964
10001.0,262.4671916,0.2177945318816704
10002.0,262.4671916,0.21765033007364434
10003.0,262.4671916,0.21750612826561833
10004.0,262.4671916,0.21736191018373113
10005.0,262.4671916,0.21721765412950117
10006.0,262.4671916,0.21707339807527123
10007.0,262.4671916,0.2169291420210413
10008.0,262.4671916,0.21678488596681136
10009.0,262.4671916,0.21664062991258143
10010.0,262.4671916,0.2164963738583515
10011.0,262.4671916,0.21635211780412156
10012.0,262.4671916,0.2162078617498916
10013.0,262.4671916,0.21606360569566166
10014.0,262.4671916,0.21591934964143172
10015.0,262.4671916,0.2157750935872018
10016.0,262.4671916,0.21563083753297185
10017.0,262.4671916,0.21548658147874192
10018.0,262.4671916,0.21534232542451198
10019.0,262.4671916,0.21519806937028202
10020.0,262.4671916,0.21505381331605208
10021.0,262.4671916,0.21490955726182215
10022.0,262.4671916,0.2147653012075922
10023.0,262.4671916,0.21462104515336228
10024.0,262.4671916,0.21447678909913234
10025.0,262.4671916,0.2143325330449024
10026.0,262.4671916,0.21418827699067244
10027.0,262.4671916,0.2140440209364425
10028.0,262.4671916,0.21389976488221257
10029.0,262.4671916,0.21375550882798264
10030.0,262.4671916,0.2136112527737527
10031.0,262.53626191,0.21346699671952277
10032.0,262.60533222,0.2133227406652928
10033.0,262.67440252999995,0.21317848461106287
10034.0,262.74347284,0.21303422855683293
10035.0,262.81254315,0.212889972502603
10036.0,262.88161346,0.21274571644837306
10037.0,262.95068376999996,0.21260146039414313
10038.0,263.01975408,0.2124572043399132
10039.0,263.08882439,0.21231294828568323
10040.0,263.1578947,0.2121686922314533
10041.0,263.1578947,0.21202443617722336
10042.0,263.1578947,0.21188018012299342
10043.0,263.1578947,0.2117359240687635
10044.0,263.1578947,0.21159166801453355
10045.0,263.1578947,0.21144741196030362
10046.0,263.1578947,0.21130315590607365
10047.0,263.1578947,0.21115889985184372
10048.0,263.1578947,0.21101464379761378
10049.0,263.1578947,0.21087038774338385
10050.0,263.1578947,0.2107261156318871
10051.0,263.1578947,0.2105817792913231
10052.0,263.1578947,0.2104374429507591
10053.0,263.1578947,0.21029310661019512
10054.0,263.1578947,0.21014877026963114
10055.0,263.1578947,0.21000443392906715
10056.0,263.1578947,0.20986009758850316
10057.0,263.1578947,0.20971576124793917
10058.0,263.1578947,0.20957142490737518
10059.0,263.1578947,0.2094270885668112
10060.0,263.1578947,0.2092827522262472
10061.0,263.1578947,0.2091384158856832
10062.0,263.1578947,0.2089940795451192
10063.0,263.1578947,0.2088497432045552
10064.0,263.1578947,0.20870540686399122
10065.0,263.1578947,0.20856107052342723
10066.0,263.1578947,0.20841673418286324
10067.0,263.1578947,0.20827239784229926
10068.0,263.1578947,0.20812806150173527
10069.0,263.1578947,0.20798372516117128
10070.0,263.1578947,0.2078393888206073
10071.0,263.1578947,0.2076950524800433
10072.0,263.1578947,0.2075507161394793
10073.0,263.1578947,0.20740637979891532
10074.0,263.1578947,0.20726204345835134
10075.0,263.1578947,0.20711770711778735
10076.0,263.1578947,0.20697337077722333
10077.0,263.1578947,0.20682903443665934
10078.0,263.1578947,0.20668469809609535
10079.0,263.1578947,0.20654036175553137
10080.0,263.1578947,0.20639602541496738
10081.0,263.2273295,0.2062516890744034
10082.0,263.2967643,0.2061073527338394
10083.0,263.36619909999996,0.2059630163932754
10084.0,263.43563389999997,0.20581868005271142
10085.0,263.5050687,0.20567434371214743
10086.0,263.5745035,0.20553000737158345
10087.0,263.6439383,0.20538567103101946
10088.0,263.71337309999996,0.20524133469045547
10089.0,263.78280789999997,0.20509699834989148
10090.0,263.8522427,0.2049526620093275
10091.0,263.8522427,0.20480832566876347
10092.0,263.8522427,0.20466398932819949
10093.0,263.8522427,0.2045196529876355
10094.0,263.8522427,0.2043753166470715
10095.0,263.8522427,0.20423098030650752
10096.0,263.8522427,0.20408664960759212
10097.0,263.8522427,0.20394236968351404
10098.0,263.8522427,0.20379808975943595
10099.0,263.8522427,0.20365380983535786
10100.0,263.8522427,0.20350952991127977
10101.0,263.8522427,0.20336524998720168
10102.0,263.8522427,0.2032209700631236
10103.0,263.8522427,0.2030766901390455
10104.0,263.8522427,0.2029324102149674
10105.0,263.8522427,0.20278813029088932
10106.0,263.8522427,0.20264385036681123
10107.0,263.8522427,0.20249957044273315
10108.0,263.8522427,0.20235529051865506
10109.0,263.8522427,0.20221101059457697
10110.0,263.8522427,0.20206673067049888
10111.0,263.92204489,0.2019224507464208
10112.0,263.99184707999996,0.2017781708223427
10113.0,264.06164927,0.2016338908982646
10114.0,264.13145146,0.20148961097418652
10115.0,264.20125365,0.20134533105010843
10116.0,264.27105584,0.20120105112603034
10117.0,264.34085803,0.20105677120195226
10118.0,264.41066022,0.20091249127787417
10119.0,264.48046241,0.20076821135379608
10120.0,264.5502646,0.20062393142971796
10121.0,264.5502646,0.20047965150563987
10122.0,264.5502646,0.20033537158156178
10123.0,264.5502646,0.2001910916574837
10124.0,264.5502646,0.2000468117334056
10125.0,264.5502646,0.19990253180932752
10126.0,264.5502646,0.19975825188524943
10127.0,264.5502646,0.19961397196117134
10128.0,264.5502646,0.19946969203709325
10129.0,264.5502646,0.19932541211301516
10130.0,264.5502646,0.19918113218893707
10131.0,264.5502646,0.19903685226485898
10132.0,264.5502646,0.1988925723407809
10133.0,264.5502646,0.1987482924167028
10134.0,264.5502646,0.19860401249262472
10135.0,264.5502646,0.19845973256854663
10136.0,264.5502646,0.19831545264446854
10137.0,264.5502646,0.19817117272039045
10138.0,264.5502646,0.19802689279631236
10139.0,264.5502646,0.19788261287223427
10140.0,264.5502646,0.19773833294815618
10141.0,264.62043708,0.1975940530240781
10142.0,264.69060956,0.1974497731
10143.0,264.76078204,0.19730579262060738
10144.0,264.83095452,0.19716181214121475
10145.0,264.901127,0.19701783166182213
10146.0,264.97129948,0.1968738511824295
10147.0,265.04147196,0.19672987070303688
10148.0,265.11164444,0.19658589022364426
10149.0,265.18181692,0.19644190974425163
10150.0,265.2519894,0.196297929264859
10151.0,265.2519894,0.19615394878546638
10152.0,265.2519894,0.19600996830607376
10153.0,265.2519894,0.19586598782668113
10154.0,265.2519894,0.1957220073472885
10155.0,265.2519894,0.19557802686789588
10156.0,265.2519894,0.19543404638850326
10157.0,265.2519894,0.19529006590911063
10158.0,265.2519894,0.195146085429718
10159.0,265.2519894,0.19500210495032538
10160.0,265.2519894,0.19485812447093276
10161.0,265.2519894,0.19471414399154013
10162.0,265.2519894,0.1945701635121475
10163.0,265.2519894,0.19442618303275488
10164.0,265.2519894,0.19428220255336226
10165.0,265.2519894,0.19413822207396964
10166.0,265.2519894,0.193994241594577
10167.0,265.2519894,0.19385026111518439
10168.0,265.2519894,0.19370628063579176
10169.0,265.2519894,0.19356230015639916
10170.0,265.2519894,0.19341831967700654
10171.0,265.2519894,0.19327433919761391
10172.0,265.2519894,0.1931303587182213
10173.0,265.2519894,0.19298637823882867
10174.0,265.2519894,0.19284239775943604
10175.0,265.2519894,0.19269841728004342
10176.0,265.2519894,0.1925544368006508
10177.0,265.2519894,0.19241045632125817
10178.0,265.2519894,0.19226647584186554
10179.0,265.2519894,0.19212249536247292
10180.0,265.2519894,0.1919785148830803
10181.0,265.2519894,0.19183453440368767
10182.0,265.2519894,0.19169055392429504
10183.0,265.2519894,0.19154657344490242
10184.0,265.2519894,0.1914025929655098
10185.0,265.2519894,0.19125861248611717
10186.0,265.2519894,0.19111463200672454
10187.0,265.2519894,0.19097065152733192
10188.0,265.2519894,0.1908266710479393
10189.0,265.2519894,0.19068303427776576
10190.0,265.2519894,0.19053943569750545
10191.0,265.2519894,0.19039583711724514
10192.0,265.2519894,0.19025223853698486
10193.0,265.2519894,0.19010863995672456
10194.0,265.2519894,0.18996504137646425
10195.0,265.2519894,0.18982144279620394
10196.0,265.2519894,0.18967784421594364
10197.0,265.2519894,0.18953424563568336
10198.0,265.2519894,0.18939064705542305
10199.0,265.2519894,0.18924704847516274
10200.0,265.2519894,0.18910344989490244
10201.0,265.2519894,0.18895985131464213
10202.0,265.2519894,0.18881625273438185
10203.0,265.2519894,0.18867265415412154
10204.0,265.2519894,0.18852905557386124
10205.0,265.2519894,0.18838545699360093
10206.0,265.2519894,0.18824185841334062
10207.0,265.2519894,0.18809825983308034
10208.0,265.2519894,0.18795466125282004
10209.0,265.2519894,0.18781106267255973
10210.0,265.2519894,0.18766746409229942
10211.0,265.2519894,0.18752386551203912
10212.0,265.2519894,0.1873802669317788
10213.0,265.2519894,0.18723666835151853
10214.0,265.2519894,0.18709306977125822
10215.0,265.2519894,0.18694947119099792
10216.0,265.2519894,0.1868058726107376
10217.0,265.2519894,0.1866622740304773
10218.0,265.2519894,0.18651867545021703
10219.0,265.2519894,0.18637507686995672
10220.0,265.2519894,0.1862314782896964
10221.0,265.2519894,0.1860878797094361
10222.0,265.2519894,0.1859442811291758
10223.0,265.2519894,0.18580068254891552
10224.0,265.2519894,0.1856570839686552
10225.0,265.2519894,0.1855134853883949
10226.0,265.2519894,0.1853698868081346
10227.0,265.2519894,0.1852262882278743
10228.0,265.2519894,0.185082689647614
10229.0,265.2519894,0.1849390910673537
10230.0,265.2519894,0.1847954924870934
10231.0,265.2519894,0.1846518939068331
10232.0,265.2519894,0.18450829532657279
10233.0,265.2519894,0.1843646967463125
10234.0,265.2519894,0.1842210981660522
10235.0,265.2519894,0.1840779144682214
10236.0,265.2519894,0.18393483449099796
10237.0,265.2519894,0.18379175451377452
10238.0,265.2519894,0.1836486745365511
10239.0,265.2519894,0.18350559455932766
10240.0,265.2519894,0.18336251458210423
10241.0,265.2519894,0.1832194346048808
10242.0,265.2519894,0.18307635462765737
10243.0,265.2519894,0.18293327465043394
10244.0,265.2519894,0.1827901946732105
10245.0,265.2519894,0.18264711469598707
10246.0,265.2519894,0.18250403471876364
10247.0,265.2519894,0.1823609547415402
10248.0,265.2519894,0.18221787476431678
10249.0,265.2519894,0.18207479478709332
10250.0,265.2519894,0.1819317148098699
10251.0,265.2519894,0.18178863483264646
10252.0,265.2519894,0.18164555485542302
10253.0,265.2519894,0.1815024748781996
10254.0,265.2519894,0.18135939490097616
10255.0,265.2519894,0.18121631492375273
10256.0,265.2519894,0.1810732349465293
10257.0,265.2519894,0.18093015496930587
10258.0,265.2519894,0.18078707499208244
10259.0,265.2519894,0.180643995014859
10260.0,265.2519894,0.18050091503763557
10261.0,265.32253514,0.18035783506041214
10262.0,265.39308088,0.1802147550831887
10263.0,265.46362662,0.18007167510596528
10264.0,265.53417236,0.17992859512874185
10265.0,265.6047181,0.17978551515151842
10266.0,265.67526384,0.17964243517429498
10267.0,265.74580958,0.17949935519707155
10268.0,265.81635532,0.17935627521984812
10269.0,265.88690106,0.1792131952426247
10270.0,265.9574468,0.17907011526540126
10271.0,265.88690106,0.17892703528817783
10272.0,265.81635532,0.1787839553109544
10273.0,265.74580958,0.17864087533373096
10274.0,265.67526384,0.17849779535650753
10275.0,265.6047181,0.1783547153792841
10276.0,265.53417236,0.17821163540206067
10277.0,265.46362662,0.17806855542483724
10278.0,265.39308088,0.1779254754476138
10279.0,265.32253514,0.17778239547039038
10280.0,265.2519894,0.17763931549316694
10281.0,265.2519894,0.17749705876984806
10282.0,265.2519894,0.17735515486963113
10283.0,265.2519894,0.17721325096941423
10284.0,265.2519894,0.1770713470691973
10285.0,265.2519894,0.17692944316898038
10286.0,265.2519894,0.17678753926876348
10287.0,265.2519894,0.17664563536854655
10288.0,265.2519894,0.17650373146832962
10289.0,265.2519894,0.1763618275681127
10290.0,265.2519894,0.1762199236678958
10291.0,265.2519894,0.17607801976767887
10292.0,265.2519894,0.17593611586746194
10293.0,265.2519894,0.17579421196724504
10294.0,265.2519894,0.1756523080670281
10295.0,265.2519894,0.17551040416681118
10296.0,265.2519894,0.17536850026659428
10297.0,265.2519894,0.17522659636637736
10298.0,265.2519894,0.17508469246616043
10299.0,265.2519894,0.17494278856594353
10300.0,265.2519894,0.1748008846657266
10301.0,265.2519894,0.17465898076550967
10302.0,265.2519894,0.17451707686529278
10303.0,265.2519894,0.17437517296507585
10304.0,265.2519894,0.17423326906485892
10305.0,265.2519894,0.174091365164642
10306.0,265.2519894,0.1739494612644251
10307.0,265.2519894,0.17380755736420817
10308.0,265.2519894,0.17366565346399124
10309.0,265.2519894,0.17352374956377434
10310.0,265.2519894,0.1733818456635574
10311.0,265.2519894,0.17323994176334048
10312.0,265.2519894,0.17309803786312358
10313.0,265.2519894,0.17295613396290666
10314.0,265.2519894,0.17281423006268973
10315.0,265.2519894,0.17267232616247283
10316.0,265.2519894,0.1725304222622559
10317.0,265.2519894,0.17238851836203897
10318.0,265.2519894,0.17224661446182207
10319.0,265.2519894,0.17210471056160515
10320.0,265.2519894,0.17196280666138822
10321.0,265.18181692,0.1718209027611713
10322.0,265.11164444,0.1716789988609544
10323.0,265.04147196,0.17153709496073746
10324.0,264.97129948,0.17139519106052054
10325.0,264.901127,0.17125328716030364
10326.0,264.83095452,0.1711113832600867
10327.0,264.76078204,0.1709703907104121
10328.0,264.69060956,0.17083000572776566
10329.0,264.62043708,0.17068962074511926
10330.0,264.5502646,0.17054923576247283
10331.0,264.5502646,0.1704088507798264
10332.0,264.5502646,0.17026846579718
10333.0,264.5502646,0.17012808081453357
10334.0,264.5502646,0.16998769583188716
10335.0,264.5502646,0.16984731084924073
10336.0,264.5502646,0.1697069258665943
10337.0,264.5502646,0.1695665408839479
10338.0,264.5502646,0.16942615590130147
10339.0,264.5502646,0.16928577091865504
10340.0,264.5502646,0.16914538593600864
10341.0,264.5502646,0.1690050009533622
10342.0,264.5502646,0.16886461597071578
10343.0,264.5502646,0.16872423098806938
10344.0,264.5502646,0.16858384600542295
10345.0,264.5502646,0.16844346102277655
10346.0,264.5502646,0.16830307604013012
10347.0,264.5502646,0.1681626910574837
10348.0,264.5502646,0.16802230607483729
10349.0,264.5502646,0.16788192109219086
10350.0,264.5502646,0.16774153610954443
10351.0,264.5502646,0.16760115112689802
10352.0,264.5502646,0.1674607661442516
10353.0,264.5502646,0.16732038116160516
10354.0,264.5502646,0.16717999617895876
10355.0,264.5502646,0.16703961119631233
10356.0,264.5502646,0.16689922621366593
10357.0,264.5502646,0.1667588412310195
10358.0,264.5502646,0.16661845624837307
10359.0,264.5502646,0.16647807126572667
10360.0,264.5502646,0.16633768628308024
10361.0,264.5502646,0.1661973013004338
10362.0,264.5502646,0.1660569163177874
10363.0,264.5502646,0.16591653133514098
10364.0,264.5502646,0.16577614635249455
10365.0,264.5502646,0.16563576136984814
10366.0,264.5502646,0.16549537638720171
10367.0,264.5502646,0.16535499140455528
10368.0,264.5502646,0.16521460642190888
10369.0,264.5502646,0.16507422143926245
10370.0,264.5502646,0.16493383645661605
10371.0,264.62043708,0.16479345147396962
10372.0,264.69060956,0.1646530664913232
10373.0,264.76078204,0.16451341276030368
10374.0,264.83095452,0.16437449028091106
10375.0,264.901127,0.16423556780151843
10376.0,264.97129948,0.1640966453221258
10377.0,265.04147196,0.1639577228427332
10378.0,265.11164444,0.16381880036334057
10379.0,265.18181692,0.16367987788394794
10380.0,265.2519894,0.16354095540455532
10381.0,265.2519894,0.1634020329251627
10382.0,265.2519894,0.16326311044577008
10383.0,265.2519894,0.16312418796637745
10384.0,265.2519894,0.16298526548698483
10385.0,265.2519894,0.1628463430075922
10386.0,265.2519894,0.1627074205281996
10387.0,265.2519894,0.16256849804880696
10388.0,265.2519894,0.16242957556941434
10389.0,265.2519894,0.16229065309002172
10390.0,265.2519894,0.16215173061062907
10391.0,265.18181692,0.16201280813123645
10392.0,265.11164444,0.16187388565184382
10393.0,265.04147196,0.1617349631724512
10394.0,264.97129948,0.16159604069305858
10395.0,264.901127,0.16145711821366596
10396.0,264.83095452,0.16131819573427333
10397.0,264.76078204,0.1611792732548807
10398.0,264.69060956,0.1610403507754881
10399.0,264.62043708,0.16090142829609547
10400.0,264.5502646,0.16076250581670284
10401.0,264.5502646,0.16062358333731022
10402.0,264.5502646,0.1604846608579176
10403.0,264.5502646,0.16034573837852498
10404.0,264.5502646,0.16020681589913235
10405.0,264.5502646,0.16006789341973973
10406.0,264.5502646,0.1599289709403471
10407.0,264.5502646,0.1597900484609545
10408.0,264.5502646,0.15965112598156186
10409.0,264.5502646,0.15951220350216924
10410.0,264.5502646,0.15937328102277662
10411.0,264.5502646,0.159234358543384
10412.0,264.5502646,0.15909543606399137
10413.0,264.5502646,0.15895651358459875
10414.0,264.5502646,0.15881759110520613
10415.0,264.5502646,0.1586786686258135
10416.0,264.5502646,0.15853974614642088
10417.0,264.5502646,0.15840082366702826
10418.0,264.5502646,0.15826190118763564
10419.0,264.5502646,0.1581235281225597
10420.0,264.5502646,0.15798597917895885
10421.0,264.5502646,0.15784843023535797
10422.0,264.5502646,0.15771088129175712
10423.0,264.5502646,0.15757333234815624
10424.0,264.5502646,0.15743578340455539
10425.0,264.5502646,0.1572982344609545
10426.0,264.5502646,0.15716068551735365
10427.0,264.5502646,0.15702313657375278
10428.0,264.5502646,0.1568855876301519
10429.0,264.5502646,0.15674803868655104
10430.0,264.5502646,0.15661048974295017
10431.0,264.48046241,0.1564729407993493
10432.0,264.41066022,0.15633539185574843
10433.0,264.34085803,0.15619784291214758
10434.0,264.27105584,0.1560602939685467
10435.0,264.20125365,0.15592274502494585
10436.0,264.13145146,0.15578519608134497
10437.0,264.06164927,0.1556476471377441
10438.0,263.99184707999996,0.15551009819414324
10439.0,263.92204489,0.15537254925054236
10440.0,263.8522427,0.1552350003069415
10441.0,263.8522427,0.15509745136334063
10442.0,263.8522427,0.15495990241973978
10443.0,263.8522427,0.1548223534761389
10444.0,263.8522427,0.15468480453253805
10445.0,263.8522427,0.15454725558893717
10446.0,263.8522427,0.15440970664533632
10447.0,263.8522427,0.15427215770173544
10448.0,263.8522427,0.15413460875813456
10449.0,263.8522427,0.1539970598145337
10450.0,263.8522427,0.15385951087093283
10451.0,263.8522427,0.15372196192733198
10452.0,263.8522427,0.1535844129837311
10453.0,263.8522427,0.15344686404013025
10454.0,263.8522427,0.15330931509652937
10455.0,263.8522427,0.15317176615292852
10456.0,263.8522427,0.15303421720932764
10457.0,263.8522427,0.15289666826572676
10458.0,263.8522427,0.1527591193221259
10459.0,263.8522427,0.15262157037852503
10460.0,263.8522427,0.15248402143492418
10461.0,263.8522427,0.1523464724913233
10462.0,263.8522427,0.15220892354772245
10463.0,263.8522427,0.15207137460412157
10464.0,263.8522427,0.15193382566052072
10465.0,263.8522427,0.15179676038394804
10466.0,263.8522427,0.1516608236637745
10467.0,263.8522427,0.15152488694360094
10468.0,263.8522427,0.1513889502234274
10469.0,263.8522427,0.15125301350325387
10470.0,263.8522427,0.15111707678308034
10471.0,263.8522427,0.1509811400629068
10472.0,263.8522427,0.15084520334273327
10473.0,263.8522427,0.1507092666225597
10474.0,263.8522427,0.15057332990238617
10475.0,263.8522427,0.15043739318221264
10476.0,263.8522427,0.1503014564620391
10477.0,263.8522427,0.15016551974186557
10478.0,263.8522427,0.15002958302169203
10479.0,263.8522427,0.14989364630151847
10480.0,263.8522427,0.14975770958134493
10481.0,263.78280789999997,0.1496217728611714
10482.0,263.71337309999996,0.14948583614099786
10483.0,263.6439383,0.14934989942082433
10484.0,263.5745035,0.1492139627006508
10485.0,263.5050687,0.14907802598047723
10486.0,263.43563389999997,0.1489420892603037
10487.0,263.36619909999996,0.14880615254013016
10488.0,263.2967643,0.14867021581995662
10489.0,263.2273295,0.1485342790997831
10490.0,263.1578947,0.14839834237960955
10491.0,263.1578947,0.148262405659436
10492.0,263.1578947,0.14812646893926246
10493.0,263.1578947,0.14799053221908892
10494.0,263.1578947,0.1478545954989154
10495.0,263.1578947,0.14771865877874185
10496.0,263.1578947,0.14758272205856832
10497.0,263.1578947,0.14744678533839478
10498.0,263.1578947,0.14731084861822122
10499.0,263.1578947,0.14717491189804768
10500.0,263.1578947,0.14703897517787415
10501.0,263.08882439,0.1469030384577006
10502.0,263.01975408,0.14676710173752708
10503.0,262.95068376999996,0.14663116501735354
10504.0,262.88161346,0.14649522829717998
10505.0,262.81254315,0.14635929157700645
10506.0,262.74347284,0.1462233548568329
10507.0,262.67440252999995,0.14608741813665937
10508.0,262.60533222,0.14595148141648584
10509.0,262.53626191,0.1458155446963123
10510.0,262.4671916,0.14567960797613874
10511.0,262.4671916,0.14554395247310187
10512.0,262.4671916,0.14540942183861164
10513.0,262.4671916,0.1452748912041214
10514.0,262.4671916,0.14514036056963117
10515.0,262.4671916,0.1450058299351409
10516.0,262.4671916,0.14487129930065068
10517.0,262.4671916,0.14473676866616045
10518.0,262.4671916,0.14460223803167022
10519.0,262.4671916,0.14446770739717996
10520.0,262.4671916,0.14433317676268972
10521.0,262.39848291,0.1441986461281995
10522.0,262.32977422,0.14406411549370926
10523.0,262.26106553,0.14392958485921903
10524.0,262.19235684,0.14379505422472877
10525.0,262.12364815,0.14366052359023854
10526.0,262.05493945999996,0.1435259929557483
10527.0,261.98623076999996,0.14339146232125807
10528.0,261.91752207999997,0.14325693168676784
10529.0,261.84881339,0.14312240105227758
10530.0,261.7801047,0.14298787041778735
10531.0,261.7801047,0.14285333978329712
10532.0,261.7801047,0.14271880914880689
10533.0,261.7801047,0.14258427851431663
10534.0,261.7801047,0.1424497478798264
10535.0,261.7801047,0.14231521724533616
10536.0,261.7801047,0.14218068661084593
10537.0,261.7801047,0.1420461559763557
10538.0,261.7801047,0.14191162534186544
10539.0,261.7801047,0.1417770947073752
10540.0,261.7801047,0.14164256407288497
10541.0,261.7801047,0.14150803343839474
10542.0,261.7801047,0.14137350280390448
10543.0,261.7801047,0.14123897216941425
10544.0,261.7801047,0.14110444153492402
10545.0,261.7801047,0.1409699109004338
10546.0,261.7801047,0.14083538026594355
10547.0,261.7801047,0.1407008496314533
10548.0,261.7801047,0.14056631899696306
10549.0,261.7801047,0.14043178836247283
10550.0,261.7801047,0.1402972577279826
10551.0,261.7801047,0.14016272709349234
10552.0,261.7801047,0.1400281964590021
10553.0,261.7801047,0.13989366582451188
10554.0,261.7801047,0.13975913519002164
10555.0,261.7801047,0.1396246045555314
10556.0,261.7801047,0.13949007392104115
10557.0,261.7801047,0.13935569626334052
10558.0,261.7801047,0.13922269539674614
10559.0,261.7801047,0.1390896945301518
10560.0,261.7801047,0.13895669366355742
10561.0,261.7117548,0.13882369279696308
10562.0,261.6434049,0.1386906919303687
10563.0,261.57505499999996,0.13855769106377436
10564.0,261.5067051,0.13842469019717998
10565.0,261.4383552,0.13829168933058564
10566.0,261.3700053,0.1381586884639913
10567.0,261.3016554,0.13802568759739692
10568.0,261.2333055,0.13789268673080257
10569.0,261.1649556,0.1377596858642082
10570.0,261.0966057,0.13762668499761385
10571.0,261.0966057,0.13749368413101948
10572.0,261.0966057,0.13736068326442513
10573.0,261.0966057,0.13722768239783076
10574.0,261.0966057,0.1370946815312364
10575.0,261.0966057,0.13696168066464204
10576.0,261.0966057,0.1368286797980477
10577.0,261.0966057,0.13669567893145332
10578.0,261.0966057,0.13656267806485897
10579.0,261.0966057,0.1364296771982646
10580.0,261.0966057,0.13629667633167025
10581.0,261.0966057,0.13616367546507588
10582.0,261.0966057,0.13603067459848153
10583.0,261.0966057,0.13589767373188716
10584.0,261.0966057,0.1357646728652928
10585.0,261.0966057,0.13563167199869847
10586.0,261.0966057,0.1354986711321041
10587.0,261.0966057,0.13536567026550975
10588.0,261.0966057,0.13523266939891537
10589.0,261.0966057,0.13509966853232103
10590.0,261.0966057,0.13496666766572665
10591.0,261.0966057,0.1348336667991323
10592.0,261.0966057,0.13470066593253793
10593.0,261.0966057,0.1345676650659436
10594.0,261.0966057,0.1344346641993492
10595.0,261.0966057,0.13430166333275487
10596.0,261.0966057,0.1341686624661605
10597.0,261.0966057,0.13403566159956615
10598.0,261.0966057,0.13390266073297177
10599.0,261.0966057,0.13376965986637743
10600.0,261.0966057,0.13363665899978305
10601.0,261.0286118,0.1335036581331887
10602.0,260.9606179,0.13337065726659436
10603.0,260.892624,0.1332376564
10604.0,260.8246301,0.1331066908848156
10605.0,260.7566362,0.13297572536963123
10606.0,260.6886423,0.13284475985444685
10607.0,260.6206484,0.13271379433926248
10608.0,260.5526545,0.1325828288240781
10609.0,260.4846606,0.1324518633088937
10610.0,260.4166667,0.1323208977937093
10611.0,260.349026,0.13218993227852494
10612.0,260.2813853,0.13205896676334056
10613.0,260.21374460000004,0.13192800124815618
10614.0,260.1461039,0.1317970357329718
10615.0,260.0784632,0.13166607021778742
10616.0,260.0108225,0.13153510470260305
10617.0,259.94318180000005,0.13140413918741867
10618.0,259.8755411,0.1312731736722343
10619.0,259.8079004,0.1311422081570499
10620.0,259.7402597,0.1310112426418655
10621.0,259.7402597,0.13088027712668113
10622.0,259.7402597,0.13074931161149675
10623.0,259.7402597,0.13061834609631237
10624.0,259.7402597,0.130487380581128
10625.0,259.7402597,0.13035641506594361
10626.0,259.7402597,0.13022544955075924
10627.0,259.7402597,0.13009448403557486
10628.0,259.7402597,0.12996351852039048
10629.0,259.7402597,0.1298325530052061
10630.0,259.7402597,0.12970158749002172
10631.0,259.7402597,0.12957062197483735
10632.0,259.7402597,0.12943965645965294
10633.0,259.7402597,0.12930869094446856
10634.0,259.7402597,0.12917772542928418
10635.0,259.7402597,0.1290467599140998
10636.0,259.7402597,0.12891579439891543
10637.0,259.7402597,0.12878482888373105
10638.0,259.7402597,0.12865386336854667
10639.0,259.7402597,0.1285228978533623
10640.0,259.7402597,0.12839193233817792
10641.0,259.67296948,0.12826096682299354
10642.0,259.60567926000004,0.12813000130780916
10643.0,259.53838904,0.12799903579262475
10644.0,259.47109882,0.12786807027744038
10645.0,259.40380860000005,0.127737104762256
10646.0,259.33651838000003,0.12760613924707162
10647.0,259.26922816,0.12747517373188724
10648.0,259.20193794,0.12734420821670286
10649.0,259.13464772000003,0.1272132427015185
10650.0,259.0673575,0.1270842730446855
10651.0,259.0673575,0.12695552514989158
10652.0,259.0673575,0.12682677725509767
10653.0,259.0673575,0.12669802936030375
10654.0,259.0673575,0.1265692814655098
10655.0,259.0673575,0.12644053357071589
10656.0,259.0673575,0.12631178567592197
10657.0,259.0673575,0.12618303778112805
10658.0,259.0673575,0.1260542898863341
10659.0,259.0673575,0.12592554199154019
10660.0,259.0673575,0.12579679409674627
10661.0,259.00041503,0.12566804620195235
10662.0,258.93347256,0.1255392983071584
10663.0,258.86653009,0.12541055041236449
10664.0,258.79958762,0.12528180251757057
10665.0,258.73264515,0.12515305462277662
10666.0,258.66570268,0.1250243067279827
10667.0,258.59876020999997,0.12489555883318879
10668.0,258.53181774,0.12476681093839485
10669.0,258.46487527,0.12463806304360094
10670.0,258.3979328,0.124509315148807
10671.0,258.3979328,0.12438056725401309
10672.0,258.3979328,0.12425181935921915
10673.0,258.3979328,0.12412307146442524
10674.0,258.3979328,0.1239943235696313
10675.0,258.3979328,0.12386557567483739
10676.0,258.3979328,0.12373682778004345
10677.0,258.3979328,0.12360807988524954
10678.0,258.3979328,0.1234793319904556
10679.0,258.3979328,0.12335058409566169
10680.0,258.3979328,0.12322183620086775
10681.0,258.3979328,0.12309308830607384
10682.0,258.3979328,0.1229643404112799
10683.0,258.3979328,0.12283559251648599
10684.0,258.3979328,0.12270684462169205
10685.0,258.3979328,0.12257809672689814
10686.0,258.3979328,0.1224493488321042
10687.0,258.3979328,0.12232060093731029
10688.0,258.3979328,0.12219185304251635
10689.0,258.3979328,0.12206310514772242
10690.0,258.3979328,0.1219343572529285
10691.0,258.3979328,0.12180560935813459
10692.0,258.3979328,0.12167686146334065
10693.0,258.3979328,0.12154811356854672
10694.0,258.3979328,0.1214193656737528
10695.0,258.3979328,0.12129061777895887
10696.0,258.3979328,0.12116382625206083
10697.0,258.3979328,0.12103752381713674
10698.0,258.3979328,0.12091122138221266
10699.0,258.3979328,0.12078491894728859
10700.0,258.3979328,0.1206586165123645
10701.0,258.3313354,0.12053231407744042
10702.0,258.26473799999997,0.12040601164251634
10703.0,258.1981406,0.12027970920759225
10704.0,258.13154319999995,0.12015340677266817
10705.0,258.0649458,0.12002710433774409
10706.0,257.9983484,0.11990080190282001
10707.0,257.93175099999996,0.11977449946789592
10708.0,257.8651536,0.11964819703297185
10709.0,257.79855619999995,0.11952189459804777
10710.0,257.7319588,0.11939559216312368
10711.0,257.7319588,0.1192692897281996
10712.0,257.7319588,0.11914298729327552
10713.0,257.7319588,0.11901668485835143
10714.0,257.7319588,0.11889038242342735
10715.0,257.7319588,0.11876407998850327
10716.0,257.7319588,0.11863777755357918
10717.0,257.7319588,0.1185114751186551
10718.0,257.7319588,0.11838517268373103
10719.0,257.7319588,0.11825887024880695
10720.0,257.7319588,0.11813256781388286
10721.0,257.66570378999995,0.11800626537895878
10722.0,257.59944878,0.1178799629440347
10723.0,257.53319376999997,0.11775366050911061
10724.0,257.46693876,0.11762735807418653
10725.0,257.40068375,0.11750105563926246
10726.0,257.33442873999996,0.11737475320433836
10727.0,257.26817373,0.11724845076941429
10728.0,257.20191872,0.11712214833449021
10729.0,257.13566371,0.11699584589956612
10730.0,257.0694087,0.11686954346464204
10731.0,257.0694087,0.11674324102971796
10732.0,257.0694087,0.11661693859479388
10733.0,257.0694087,0.11649063615986979
10734.0,257.0694087,0.11636433372494571
10735.0,257.0694087,0.11623803129002164
10736.0,257.0694087,0.11611172885509755
10737.0,257.0694087,0.11598542642017347
10738.0,257.0694087,0.11585912398524939
10739.0,257.0694087,0.1157328215503253
10740.0,257.0694087,0.11560651911540122
10741.0,257.0694087,0.11548021668047714
10742.0,257.0694087,0.11535555163969623
10743.0,257.0694087,0.11523158833926239
10744.0,257.0694087,0.11510762503882856
10745.0,257.0694087,0.11498366173839472
10746.0,257.0694087,0.11485969843796087
10747.0,257.0694087,0.11473573513752704
10748.0,257.0694087,0.1146117718370932
10749.0,257.0694087,0.11448780853665937
10750.0,257.0694087,0.11436384523622552
10751.0,257.0694087,0.11423988193579168
10752.0,257.0694087,0.11411591863535785
10753.0,257.0694087,0.11399195533492401
10754.0,257.0694087,0.11386799203449018
10755.0,257.0694087,0.11374402873405633
10756.0,257.0694087,0.11362006543362249
10757.0,257.0694087,0.11349610213318866
10758.0,257.0694087,0.11337213883275482
10759.0,257.0694087,0.11324817553232097
10760.0,257.0694087,0.11312421223188714
10761.0,257.0694087,0.1130002489314533
10762.0,257.0694087,0.11287628563101947
10763.0,257.0694087,0.11275232233058562
10764.0,257.0694087,0.11262835903015178
10765.0,257.0694087,0.11250439572971795
10766.0,257.0694087,0.11238043242928411
10767.0,257.0694087,0.11225646912885028
10768.0,257.0694087,0.11213250582841643
10769.0,257.0694087,0.11200854252798259
10770.0,257.0694087,0.11188457922754876
10771.0,257.0694087,0.11176061592711492
10772.0,257.0694087,0.11163665262668107
10773.0,257.0694087,0.11151268932624724
10774.0,257.0694087,0.1113887260258134
10775.0,257.0694087,0.11126476272537957
10776.0,257.0694087,0.11114079942494573
10777.0,257.0694087,0.11101683612451188
10778.0,257.0694087,0.11089287282407805
10779.0,257.0694087,0.11076890952364421
10780.0,257.0694087,0.11064494622321037
10781.0,257.00349346999997,0.11052098292277653
10782.0,256.93757824,0.11039701962234269
10783.0,256.87166301,0.11027305632190885
10784.0,256.80574778,0.11014909302147502
10785.0,256.73983254999996,0.11002512972104117
10786.0,256.67391732,0.10990116642060734
10787.0,256.60800209,0.1097772031201735
10788.0,256.54208686,0.10965492451822123
10789.0,256.47617162999995,0.10953376904858998
10790.0,256.4102564,0.10941261357895875
10791.0,256.4102564,0.10929145810932751
10792.0,256.4102564,0.10917030263969628
10793.0,256.4102564,0.10904914717006504
10794.0,256.4102564,0.10892799170043381
10795.0,256.4102564,0.10880683623080258
10796.0,256.4102564,0.10868568076117134
10797.0,256.4102564,0.1085645252915401
10798.0,256.4102564,0.10844336982190887
10799.0,256.4102564,0.10832221435227762
10800.0,256.4102564,0.10820105888264639
10801.0,256.34467832999997,0.10807990341301515
10802.0,256.27910026,0.10795874794338392
10803.0,256.21352219,0.10783759247375269
10804.0,256.14794412,0.10771643700412145
10805.0,256.08236605,0.10759528153449022
10806.0,256.01678798,0.10747412606485898
10807.0,255.95120991,0.10735297059522775
10808.0,255.88563184,0.10723181512559651
10809.0,255.82005377,0.10711065965596527
10810.0,255.7544757,0.10698950418633403
10811.0,255.7544757,0.1068683487167028
10812.0,255.7544757,0.10674719324707156
10813.0,255.7544757,0.10662603777744033
10814.0,255.7544757,0.10650488230780909
10815.0,255.7544757,0.10638372683817786
10816.0,255.7544757,0.10626257136854662
10817.0,255.7544757,0.10614141589891539
10818.0,255.7544757,0.10602026042928415
10819.0,255.7544757,0.1058991049596529
10820.0,255.7544757,0.10577794949002167
10821.0,255.68923221,0.10565679402039044
10822.0,255.62398872,0.1055356385507592
10823.0,255.55874523,0.10541448308112797
10824.0,255.49350174,0.10529332761149673
10825.0,255.42825825,0.1051721721418655
10826.0,255.36301476,0.10505101667223427
10827.0,255.29777127,0.10492986120260303
10828.0,255.23252778,0.1048087057329718
10829.0,255.16728429,0.10468755026334055
10830.0,255.1020408,0.10456639479370931
10831.0,255.1020408,0.10444523932407808
10832.0,255.1020408,0.10432408385444684
10833.0,255.1020408,0.10420292838481561
10834.0,255.1020408,0.1040833341462039
10835.0,255.1020408,0.1039653011386117
10836.0,255.1020408,0.10384726813101952
10837.0,255.1020408,0.10372923512342733
10838.0,255.1020408,0.10361120211583513
10839.0,255.1020408,0.10349316910824295
10840.0,255.1020408,0.10337513610065076
10841.0,255.03712934,0.10325710309305856
10842.0,254.97221788,0.10313907008546638
10843.0,254.90730642,0.10302103707787419
10844.0,254.84239496,0.102903004070282
10845.0,254.77748350000002,0.10278497106268981
10846.0,254.71257204,0.10266693805509762
10847.0,254.64766058,0.10254890504750543
10848.0,254.58274912000002,0.10243087203991325
10849.0,254.51783766,0.10231283903232105
10850.0,254.4529262,0.10219480602472886
10851.0,254.4529262,0.10207677301713666
10852.0,254.4529262,0.10195874000954448
10853.0,254.4529262,0.10184070700195229
10854.0,254.4529262,0.1017226739943601
10855.0,254.4529262,0.10160464098676791
10856.0,254.4529262,0.10148660797917572
10857.0,254.4529262,0.10136857497158352
10858.0,254.4529262,0.10125054196399134
10859.0,254.4529262,0.10113250895639915
10860.0,254.4529262,0.10101447594880696
10861.0,254.38834424,0.10089644294121478
10862.0,254.32376228,0.10077840993362258
10863.0,254.25918032,0.10066037692603039
10864.0,254.19459836000001,0.1005423439184382
10865.0,254.1300164,0.10042431091084601
10866.0,254.06543444,0.10030627790325382
10867.0,254.00085248,0.10018824489566164
10868.0,253.93627052,0.10007021188806944
10869.0,253.87168856,0.09995217888047725
10870.0,253.8071066,0.09983414587288506
10871.0,253.8071066,0.09971611286529287
10872.0,253.8071066,0.09959807985770068
10873.0,253.8071066,0.09948004685010849
10874.0,253.8071066,0.0993620138425163
10875.0,253.8071066,0.09924398083492411
10876.0,253.8071066,0.09912594782733192
10877.0,253.8071066,0.09900791481973974
10878.0,253.8071066,0.09888988181214754
10879.0,253.8071066,0.09877184880455535
10880.0,253.8071066,0.09865489119175709
10881.0,253.74285164,0.09853954667114971
10882.0,253.67859668,0.09842420215054234
10883.0,253.61434172,0.09830885762993496
10884.0,253.55008676,0.09819351310932758
10885.0,253.4858318,0.09807816858872022
10886.0,253.42157684,0.09796282406811284
10887.0,253.35732188,0.09784747954750547
10888.0,253.29306692,0.09773213502689809
10889.0,253.22881196,0.09761679050629071
10890.0,253.164557,0.09750144598568335
10891.0,253.164557,0.09738610146507597
10892.0,253.164557,0.0972707569444686
10893.0,253.164557,0.09715541242386122
10894.0,253.164557,0.09704006790325384
10895.0,253.164557,0.09692472338264647
10896.0,253.164557,0.0968093788620391
10897.0,253.164557,0.09669403434143173
10898.0,253.164557,0.09657868982082435
10899.0,253.164557,0.09646334530021697
10900.0,253.164557,0.0963480007796096
10901.0,253.10062655000002,0.09623265625900222
10902.0,253.0366961,0.09611731173839486
10903.0,252.97276564999999,0.09600196721778748
10904.0,252.9088352,0.0958866226971801
10905.0,252.84490475,0.09577127817657273
10906.0,252.7809743,0.09565593365596535
10907.0,252.71704384999998,0.09554058913535798
10908.0,252.6531134,0.0954252446147506
10909.0,252.58918295,0.09530990009414322
10910.0,252.5252525,0.09519455557353586
10911.0,252.46164413,0.09507921105292848
10912.0,252.39803576,0.09496386653232111
10913.0,252.33442739,0.09484852201171373
10914.0,252.27081902,0.09473317749110637
10915.0,252.20721064999998,0.09461783297049899
10916.0,252.14360227999998,0.0945024884498916
10917.0,252.07999390999998,0.09438714392928424
10918.0,252.01638554,0.09427179940867686
10919.0,251.95277717,0.0941564548880695
10920.0,251.8891688,0.09404111036746211
10921.0,251.8891688,0.09392576584685473
10922.0,251.8891688,0.09381042132624737
10923.0,251.8891688,0.09369507680563999
10924.0,251.8891688,0.09357973228503262
10925.0,251.8891688,0.09346438776442524
10926.0,251.8891688,0.09334976451312373
10927.0,251.8891688,0.09323682422353587
10928.0,251.8891688,0.093123883933948
10929.0,251.8891688,0.09301094364436015
10930.0,251.8891688,0.0928980033547723
10931.0,251.8891688,0.09278506306518444
10932.0,251.8891688,0.09267212277559658
10933.0,251.8891688,0.09255918248600872
10934.0,251.8891688,0.09244624219642088
10935.0,251.8891688,0.09233330190683302
10936.0,251.8891688,0.09222036161724516
10937.0,251.8891688,0.0921074213276573
10938.0,251.8891688,0.09199448103806945
10939.0,251.8891688,0.0918815407484816
10940.0,251.8891688,0.09176860045889373
10941.0,251.8891688,0.09165566016930587
10942.0,251.8891688,0.09154271987971803
10943.0,251.8891688,0.09142977959013017
10944.0,251.8891688,0.09131683930054231
10945.0,251.8891688,0.09120389901095446
10946.0,251.8891688,0.0910909587213666
10947.0,251.8891688,0.09097801843177875
10948.0,251.8891688,0.09086507814219089
10949.0,251.8891688,0.09075213785260304
10950.0,251.8891688,0.09063919756301518
10951.0,251.82588006,0.09052625727342732
10952.0,251.76259131999998,0.09041331698383946
10953.0,251.69930258,0.09030037669425162
10954.0,251.63601384,0.09018743640466376
10955.0,251.5727251,0.0900744961150759
10956.0,251.50943636,0.08996155582548804
10957.0,251.44614762,0.08984861553590019
10958.0,251.38285888000001,0.08973567524631233
10959.0,251.31957014,0.08962273495672447
10960.0,251.2562814,0.08950979466713661
10961.0,251.2562814,0.08939685437754877
10962.0,251.2562814,0.08928391408796091
10963.0,251.2562814,0.08917097379837305
10964.0,251.2562814,0.08905803350878519
10965.0,251.2562814,0.08894509321919734
10966.0,251.2562814,0.08883215292960948
10967.0,251.2562814,0.08871921264002162
10968.0,251.2562814,0.08860627235043378
10969.0,251.2562814,0.08849333206084592
10970.0,251.2562814,0.08838039177125806
10971.0,251.1933099,0.0882674514816702
10972.0,251.1303384,0.08815507926757042
10973.0,251.0673669,0.08804497935542292
10974.0,251.0043954,0.08793487944327541
10975.0,250.94142390000002,0.08782477953112791
10976.0,250.87845240000001,0.0877146796189804
10977.0,250.8154809,0.0876045797068329
10978.0,250.7525094,0.08749447979468539
10979.0,250.6895379,0.08738437988253789
10980.0,250.6265664,0.08727427997039039
10981.0,250.6265664,0.08716418005824288
10982.0,250.6265664,0.08705408014609538
10983.0,250.6265664,0.08694398023394787
10984.0,250.6265664,0.08683388032180037
10985.0,250.6265664,0.08672378040965285
10986.0,250.6265664,0.08661368049750535
10987.0,250.6265664,0.08650358058535786
10988.0,250.6265664,0.08639348067321034
10989.0,250.6265664,0.08628338076106284
10990.0,250.6265664,0.08617328084891533
10991.0,250.6265664,0.08606318093676783
10992.0,250.6265664,0.08595308102462032
10993.0,250.6265664,0.08584298111247282
10994.0,250.6265664,0.08573288120032532
10995.0,250.6265664,0.08562278128817781
10996.0,250.6265664,0.08551268137603031
10997.0,250.6265664,0.0854025814638828
10998.0,250.6265664,0.0852924815517353
10999.0,250.6265664,0.0851823816395878
11000.0,250.6265664,0.08507228172744029
11001.0,250.6265664,0.08496218181529279
11002.0,250.6265664,0.08485208190314528
11003.0,250.6265664,0.08474198199099778
11004.0,250.6265664,0.08463188207885027
11005.0,250.6265664,0.08452178216670277
11006.0,250.6265664,0.08441168225455527
11007.0,250.6265664,0.08430158234240775
11008.0,250.6265664,0.08419148243026026
11009.0,250.6265664,0.08408138251811274
11010.0,250.6265664,0.08397128260596524
11011.0,250.56390976,0.08386118269381773
11012.0,250.50125312,0.08375108278167023
11013.0,250.43859648,0.08364098286952273
11014.0,250.37593984,0.08353088295737522
11015.0,250.3132832,0.08342078304522772
11016.0,250.25062656,0.08331068313308021
11017.0,250.18796992,0.08320058322093271
11018.0,250.12531328,0.08309080705553142
11019.0,250.06265664,0.08298394461084595
11020.0,250.0,0.08287708216616048
11021.0,249.93765586,0.08277021972147501
11022.0,249.87531172,0.08266335727678954
11023.0,249.81296758,0.08255649483210409
11024.0,249.75062344,0.08244963238741862
11025.0,249.6882793,0.08234276994273315
11026.0,249.62593516,0.08223590749804768
11027.0,249.56359102000002,0.08212904505336222
11028.0,249.50124688,0.08202218260867676
11029.0,249.43890274,0.08191532016399129
11030.0,249.3765586,0.08180845771930582
11031.0,249.3765586,0.08170159527462036
11032.0,249.3765586,0.08159473282993489
11033.0,249.3765586,0.08148787038524943
11034.0,249.3765586,0.08138100794056397
11035.0,249.3765586,0.0812741454958785
11036.0,249.3765586,0.08116728305119303
11037.0,249.3765586,0.08106042060650756
11038.0,249.3765586,0.0809535581618221
11039.0,249.3765586,0.08084669571713664
11040.0,249.3765586,0.08073983327245117
11041.0,249.31452463,0.0806329708277657
11042.0,249.25249066,0.08052610838308025
11043.0,249.19045669000002,0.08041924593839478
11044.0,249.12842272,0.08031238349370931
11045.0,249.06638875,0.08020552104902384
11046.0,249.00435478,0.08009865860433837
11047.0,248.94232081,0.07999179615965292
11048.0,248.88028684,0.07988493371496745
11049.0,248.81825286999998,0.07977807127028198
11050.0,248.7562189,0.07967120882559652
11051.0,248.7562189,0.07956434638091105
11052.0,248.7562189,0.07945748393622559
11053.0,248.7562189,0.07935062149154012
11054.0,248.7562189,0.07924375904685466
11055.0,248.7562189,0.07913689660216919
11056.0,248.7562189,0.07903003415748372
11057.0,248.7562189,0.07892317171279827
11058.0,248.7562189,0.0788163092681128
11059.0,248.7562189,0.07870944682342733
11060.0,248.7562189,0.07860258437874186
11061.0,248.7562189,0.07849572193405639
11062.0,248.7562189,0.07838885948937094
11063.0,248.7562189,0.07828199704468547
11064.0,248.7562189,0.0781751346
11065.0,248.7562189,0.07807134254143168
11066.0,248.7562189,0.07796755048286334
11067.0,248.7562189,0.07786375842429502
11068.0,248.7562189,0.07775996636572668
11069.0,248.7562189,0.07765617430715836
11070.0,248.7562189,0.07755238224859003
11071.0,248.69449279,0.0774485901900217
11072.0,248.63276668,0.07734479813145337
11073.0,248.57104056999998,0.07724100607288505
11074.0,248.50931445999998,0.07713721401431671
11075.0,248.44758835,0.07703342195574839
11076.0,248.38586224,0.07692962989718005
11077.0,248.32413613,0.07682583783861173
11078.0,248.26241001999998,0.0767220457800434
11079.0,248.20068390999998,0.07661825372147507
11080.0,248.1389578,0.07651446166290674
11081.0,248.07753727,0.07641066960433841
11082.0,248.01611674,0.07630687754577008
11083.0,247.95469620999998,0.07620308548720175
11084.0,247.89327568,0.07609929342863342
11085.0,247.83185515,0.0759955013700651
11086.0,247.77043462,0.07589170931149676
11087.0,247.70901409,0.07578791725292844
11088.0,247.64759356,0.0756841251943601
11089.0,247.58617303,0.07558033313579178
11090.0,247.5247525,0.07547654107722344
11091.0,247.46363527,0.07537274901865512
11092.0,247.40251804000002,0.07526895696008679
11093.0,247.34140081,0.07516516490151846
11094.0,247.28028358,0.07506137284295013
11095.0,247.21916635000002,0.0749575807843818
11096.0,247.15804912000002,0.07485378872581347
11097.0,247.09693189,0.07474999666724515
11098.0,247.03581466,0.07464620460867681
11099.0,246.97469743000002,0.07454241255010849
11100.0,246.9135802,0.07443862049154015
11101.0,246.9135802,0.07433482843297183
11102.0,246.9135802,0.0742310363744035
11103.0,246.9135802,0.07412724431583517
11104.0,246.9135802,0.07402345225726684
11105.0,246.9135802,0.07391966019869851
11106.0,246.9135802,0.07381586814013018
11107.0,246.9135802,0.07371207608156186
11108.0,246.9135802,0.07360828402299352
11109.0,246.9135802,0.0735044919644252
11110.0,246.9135802,0.07340069990585686
11111.0,246.85276405000002,0.07329977469772238
11112.0,246.7919479,0.07319916802852498
11113.0,246.73113175,0.07309856135932759
11114.0,246.6703156,0.07299795469013019
11115.0,246.60949945,0.0728973480209328
11116.0,246.5486833,0.0727967413517354
11117.0,246.48786715,0.07269613468253801
11118.0,246.427051,0.07259552801334061
11119.0,246.36623484999998,0.0724949213441432
11120.0,246.3054187,0.07239431467494581
11121.0,246.3054187,0.07229370800574841
11122.0,246.3054187,0.07219310133655102
11123.0,246.3054187,0.07209249466735362
11124.0,246.3054187,0.07199188799815623
11125.0,246.3054187,0.07189128132895883
11126.0,246.3054187,0.07179067465976144
11127.0,246.3054187,0.07169006799056404
11128.0,246.3054187,0.07158946132136665
11129.0,246.3054187,0.07148885465216925
11130.0,246.3054187,0.07138824798297186
11131.0,246.2449014,0.07128764131377446
11132.0,246.1843841,0.07118703464457707
11133.0,246.1238668,0.07108642797537967
11134.0,246.0633495,0.07098582130618228
11135.0,246.0028322,0.07088521463698487
11136.0,245.9423149,0.07078460796778747
11137.0,245.8817976,0.07068400129859008
11138.0,245.8212803,0.07058339462939268
11139.0,245.760763,0.07048278796019529
11140.0,245.7002457,0.0703821812909979
11141.0,245.7002457,0.0702815746218005
11142.0,245.7002457,0.0701809679526031
11143.0,245.7002457,0.07008036128340571
11144.0,245.7002457,0.06997975461420831
11145.0,245.7002457,0.06987914794501092
11146.0,245.7002457,0.06977854127581352
11147.0,245.7002457,0.06967793460661613
11148.0,245.7002457,0.06957732793741873
11149.0,245.7002457,0.06947672126822133
11150.0,245.7002457,0.06937611459902393
11151.0,245.7002457,0.06927550792982654
11152.0,245.7002457,0.06917490126062914
11153.0,245.7002457,0.06907429459143175
11154.0,245.7002457,0.06897368792223435
11155.0,245.7002457,0.06887308125303696
11156.0,245.7002457,0.06877247458383956
11157.0,245.7002457,0.06867441448991331
11158.0,245.7002457,0.06857699103980484
11159.0,245.7002457,0.06847956758969638
11160.0,245.7002457,0.06838214413958792
11161.0,245.64002505000002,0.06828472068947945
11162.0,245.5798044,0.06818729723937099
11163.0,245.51958375,0.06808987378926253
11164.0,245.4593631,0.06799245033915406
11165.0,245.39914245,0.0678950268890456
11166.0,245.3389218,0.06779760343893713
11167.0,245.27870115,0.06770017998882868
11168.0,245.2184805,0.06760275653872022
11169.0,245.15825984999998,0.06750533308861176
11170.0,245.0980392,0.0674079096385033
11171.0,245.0980392,0.06731048618839483
11172.0,245.0980392,0.06721306273828637
11173.0,245.0980392,0.0671156392881779
11174.0,245.0980392,0.06701821583806944
11175.0,245.0980392,0.06692079238796098
11176.0,245.0980392,0.06682336893785251
11177.0,245.0980392,0.06672594548774405
11178.0,245.0980392,0.06662852203763558
11179.0,245.0980392,0.06653109858752712
11180.0,245.0980392,0.06643367513741866
11181.0,245.03811302999998,0.0663362516873102
11182.0,244.97818686,0.06623882823720173
11183.0,244.91826068999998,0.06614140478709327
11184.0,244.85833452,0.0660439813369848
11185.0,244.79840835,0.06594655788687634
11186.0,244.73848217999998,0.06584913443676788
11187.0,244.67855601,0.06575171098665941
11188.0,244.61862983999998,0.06565428753655095
11189.0,244.55870367,0.06555686408644248
11190.0,244.4987775,0.06545944063633402
11191.0,244.4987775,0.06536201718622556
11192.0,244.4987775,0.0652645937361171
11193.0,244.4987775,0.06516717028600864
11194.0,244.4987775,0.06506974683590018
11195.0,244.4987775,0.06497232338579172
11196.0,244.4987775,0.06487489993568325
11197.0,244.4987775,0.06477747648557479
11198.0,244.4987775,0.06468005303546633
11199.0,244.4987775,0.06458262958535786
11200.0,244.4987775,0.0644852061352494
11201.0,244.4987775,0.06438778268514093
11202.0,244.4987775,0.06429035923503247
11203.0,244.4987775,0.0641952703638828
11204.0,244.4987775,0.0641011820265726
11205.0,244.4987775,0.06400709368926241
11206.0,244.4987775,0.06391300535195221
11207.0,244.4987775,0.06381891701464201
11208.0,244.4987775,0.06372482867733183
11209.0,244.4987775,0.06363074034002163
11210.0,244.4987775,0.06353665200271144
11211.0,244.43914364999998,0.06344256366540124
11212.0,244.3795098,0.06334847532809104
11213.0,244.31987594999998,0.06325438699078086
11214.0,244.2602421,0.06316029865347066
11215.0,244.20060825,0.06306621031616047
11216.0,244.14097439999998,0.06297212197885027
11217.0,244.08134055,0.06287803364154007
11218.0,244.02170669999998,0.06278394530422989
11219.0,243.96207285,0.06268985696691969
11220.0,243.902439,0.06259576862960949
11221.0,243.902439,0.0625016802922993
11222.0,243.902439,0.0624075919549891
11223.0,243.902439,0.06231350361767891
11224.0,243.902439,0.062219415280368714
11225.0,243.902439,0.06212532694305852
11226.0,243.902439,0.06203123860574833
11227.0,243.902439,0.06193715026843813
11228.0,243.902439,0.061843061931127936
11229.0,243.902439,0.061748973593817744
11230.0,243.902439,0.06165488525650755
11231.0,243.84309534,0.06156079691919735
11232.0,243.78375168,0.06146670858188716
11233.0,243.72440802,0.061372620244576966
11234.0,243.66506436,0.06127853190726677
11235.0,243.6057207,0.06118444356995657
11236.0,243.54637703999998,0.06109035523264638
11237.0,243.48703337999999,0.06099626689533619
11238.0,243.42768972,0.060902178558025995
11239.0,243.36834606,0.060808090220715795
11240.0,243.3090024,0.0607140018834056
11241.0,243.3090024,0.06061991354609541
11242.0,243.3090024,0.06052582520878522
11243.0,243.3090024,0.06043173687147502
11244.0,243.3090024,0.060337648534164824
11245.0,243.3090024,0.06024356019685463
11246.0,243.3090024,0.06014947185954444
11247.0,243.3090024,0.060055383522234246
11248.0,243.3090024,0.059961295184924046
11249.0,243.3090024,0.05986930686062904
11250.0,243.3090024,0.059778718545010816
11251.0,243.24994682,0.0596881302293926
11252.0,243.19089123999998,0.05959754191377438
11253.0,243.13183566,0.05950695359815616
11254.0,243.07278008,0.059416365282537936
11255.0,243.0137245,0.059325776966919715
11256.0,242.95466892,0.05923518865130149
11257.0,242.89561333999998,0.05914460033568327
11258.0,242.83655776,0.05905401202006506
11259.0,242.77750218,0.058963423704446835
11260.0,242.7184466,0.058872835388828614
11261.0,242.7184466,0.05878224707321039
11262.0,242.7184466,0.05869165875759217
11263.0,242.7184466,0.05860107044197395
11264.0,242.7184466,0.05851048212635573
11265.0,242.7184466,0.058419893810737505
11266.0,242.7184466,0.05832930549511929
11267.0,242.7184466,0.05823871717950107
11268.0,242.7184466,0.05814812886388285
11269.0,242.7184466,0.058057540548264626
11270.0,242.7184466,0.057966952232646404
11271.0,242.7184466,0.05787636391702818
11272.0,242.7184466,0.05778577560140996
11273.0,242.7184466,0.057695187285791746
11274.0,242.7184466,0.057604598970173525
11275.0,242.7184466,0.0575140106545553
11276.0,242.7184466,0.05742342233893708
11277.0,242.7184466,0.05733283402331886
11278.0,242.7184466,0.05724224570770064
11279.0,242.7184466,0.05715165739208242
11280.0,242.7184466,0.0570610690764642
11281.0,242.659677,0.05697048076084598
11282.0,242.60090739999998,0.05687989244522776
11283.0,242.5421378,0.05678930412960954
11284.0,242.4833682,0.056698715813991316
11285.0,242.4245986,0.056608127498373094
11286.0,242.365829,0.05651753918275487
11287.0,242.30705939999999,0.05642695086713665
11288.0,242.2482898,0.056336362551518436
11289.0,242.1895202,0.056245774235900214
11290.0,242.1307506,0.05615518592028199
11291.0,242.07226491,0.05606459760466377
11292.0,242.01377922,0.05597400928904555
11293.0,241.95529353,0.05588342097342733
11294.0,241.89680784,0.055792832657809106
11295.0,241.83832215,0.05570389453958785
11296.0,241.77983645999998,0.05561660661876356
11297.0,241.72135077,0.05552931869793926
11298.0,241.66286508,0.055442030777114966
11299.0,241.60437939,0.055354742856290676
11300.0,241.5458937,0.05526745493546638
11301.0,241.5458937,0.05518016701464209
11302.0,241.5458937,0.05509287909381779
11303.0,241.5458937,0.055005591172993494
11304.0,241.5458937,0.054918303252169204
11305.0,241.5458937,0.05483101533134491
11306.0,241.5458937,0.05474372741052061
11307.0,241.5458937,0.05465643948969632
11308.0,241.5458937,0.05456915156887202
11309.0,241.5458937,0.05448186364804773
11310.0,241.5458937,0.054394575727223435
11311.0,241.48768987,0.05430728780639914
11312.0,241.42948604,0.05421999988557485
11313.0,241.37128221,0.05413271196475055
11314.0,241.31307838,0.05404542404392626
11315.0,241.25487455,0.05395813612310196
11316.0,241.19667072,0.053870848202277666
11317.0,241.13846689,0.053783560281453376
11318.0,241.08026306,0.05369627236062908
11319.0,241.02205923,0.05360898443980479
11320.0,240.9638554,0.05352169651898049
11321.0,240.9059314,0.053434408598156194
11322.0,240.8480074,0.053347120677331904
11323.0,240.79008340000001,0.05325983275650761
11324.0,240.7321594,0.053172544835683316
11325.0,240.6742354,0.05308525691485902
11326.0,240.6163114,0.05299796899403472
11327.0,240.55838740000002,0.05291068107321043
11328.0,240.5004634,0.052823393152386135
11329.0,240.4425394,0.052736105231561844
11330.0,240.3846154,0.05264881731073755
11331.0,240.3846154,0.05256152938991325
11332.0,240.3846154,0.05247424146908896
11333.0,240.3846154,0.05238695354826466
11334.0,240.3846154,0.052299665627440366
11335.0,240.3846154,0.052212377706616075
11336.0,240.3846154,0.05212508978579178
11337.0,240.3846154,0.05203780186496749
11338.0,240.3846154,0.05195051394414319
11339.0,240.3846154,0.051863226023318894
11340.0,240.3846154,0.051775938102494604
11341.0,240.32696921000002,0.0516899113178959
11342.0,240.26932302,0.0516057762376356
11343.0,240.21167683,0.0515216411573753
11344.0,240.15403064,0.051437506077114996
11345.0,240.09638445000002,0.05135337099685469
11346.0,240.03873826,0.05126923591659439
11347.0,239.98109207,0.05118510083633408
11348.0,239.92344588,0.051100965756073785
11349.0,239.86579969000002,0.05101683067581348
11350.0,239.8081535,0.050932695595553176
11351.0,239.8081535,0.05084856051529287
11352.0,239.8081535,0.050764425435032574
11353.0,239.8081535,0.05068029035477227
11354.0,239.8081535,0.050596155274511966
11355.0,239.8081535,0.05051202019425166
11356.0,239.8081535,0.050427885113991364
11357.0,239.8081535,0.05034375003373106
11358.0,239.8081535,0.050259614953470755
11359.0,239.8081535,0.05017547987321045
11360.0,239.8081535,0.050091344792950146
11361.0,239.75078313,0.05000720971268985
11362.0,239.69341276,0.049923074632429544
11363.0,239.63604239,0.04983893955216924
11364.0,239.57867202,0.049754804471908935
11365.0,239.52130165,0.04967066939164864
11366.0,239.46393128,0.04958653431138833
11367.0,239.40656091,0.04950239923112803
11368.0,239.34919054,0.049418264150867725
11369.0,239.29182017,0.04933412907060743
11370.0,239.2344498,0.04924999399034712
11371.0,239.2344498,0.04916585891008682
11372.0,239.2344498,0.049081723829826514
11373.0,239.2344498,0.04899758874956621
11374.0,239.2344498,0.04891345366930591
11375.0,239.2344498,0.04882931858904561
11376.0,239.2344498,0.0487451835087853
11377.0,239.2344498,0.048661048428525
11378.0,239.2344498,0.0485769133482647
11379.0,239.2344498,0.0484927782680044
11380.0,239.2344498,0.04840864318774409
11381.0,239.17735327,0.04832450810748379
11382.0,239.12025674,0.04824037302722349
11383.0,239.06316021,0.048156237946963186
11384.0,239.00606368,0.04807210286670288
11385.0,238.94896715,0.04798796778644258
11386.0,238.89187062,0.04790383270618227
11387.0,238.83477409,0.04782069295173542
11388.0,238.77767756,0.047739875624186606
11389.0,238.72058103,0.0476590582966378
11390.0,238.6634845,0.04757824096908899
11391.0,238.60665986,0.04749742364154018
11392.0,238.54983522,0.04741660631399137
11393.0,238.49301058,0.04733578898644256
11394.0,238.43618594,0.04725497165889375
11395.0,238.3793613,0.04717415433134494
11396.0,238.32253666,0.04709333700379613
11397.0,238.26571202,0.047012519676247325
11398.0,238.20888738,0.04693170234869851
11399.0,238.15206274,0.0468508850211497
11400.0,238.0952381,0.0467700676936009
11401.0,238.0952381,0.046689250366052086
11402.0,238.0952381,0.046608433038503275
11403.0,238.0952381,0.04652761571095446
11404.0,238.0952381,0.04644679838340566
11405.0,238.0952381,0.04636598105585685
11406.0,238.0952381,0.046285163728308036
11407.0,238.0952381,0.046204346400759225
11408.0,238.0952381,0.04612352907321042
11409.0,238.0952381,0.04604271174566161
11410.0,238.0952381,0.0459618944181128
11411.0,238.0952381,0.04588107709056399
11412.0,238.0952381,0.04580025976301518
11413.0,238.0952381,0.04571944243546637
11414.0,238.0952381,0.04563862510791756
11415.0,238.0952381,0.045557807780368755
11416.0,238.0952381,0.04547699045281994
11417.0,238.0952381,0.04539617312527113
11418.0,238.0952381,0.04531535579772232
11419.0,238.0952381,0.045234538470173516
11420.0,238.0952381,0.045153721142624705
11421.0,238.03868340999998,0.04507290381507589
11422.0,237.98212872,0.04499208648752709
11423.0,237.92557403,0.04491126915997828
11424.0,237.86901934,0.044830451832429466
11425.0,237.81246464999998,0.044749634504880655
11426.0,237.75590996,0.04466881717733185
11427.0,237.69935527,0.04458799984978304
11428.0,237.64280058,0.04450718252223423
11429.0,237.58624589,0.044426365194685416
11430.0,237.5296912,0.04434554786713661
11431.0,237.5296912,0.0442647305395878
11432.0,237.5296912,0.04418391321203899
11433.0,237.5296912,0.044103777661930535
11434.0,237.5296912,0.04402636922158346
11435.0,237.5296912,0.04394896078123639
11436.0,237.5296912,0.04387155234088932
11437.0,237.5296912,0.043794143900542246
11438.0,237.5296912,0.04371673546019518
11439.0,237.5296912,0.04363932701984811
11440.0,237.5296912,0.043561918579501036
11441.0,237.47340454,0.04348451013915396
11442.0,237.41711788,0.04340710169880689
11443.0,237.36083122,0.043329693258459825
11444.0,237.30454456,0.04325228481811275
11445.0,237.2482579,0.04317487637776568
11446.0,237.19197124,0.04309746793741861
11447.0,237.13568458,0.043020059497071536
11448.0,237.07939792,0.04294265105672447
11449.0,237.02311126,0.0428652426163774
11450.0,236.9668246,0.042787834176030326
11451.0,236.9668246,0.042710425735683254
11452.0,236.9668246,0.04263301729533619
11453.0,236.9668246,0.042555608854989116
11454.0,236.9668246,0.042478200414642044
11455.0,236.9668246,0.04240079197429497
11456.0,236.9668246,0.0423233835339479
11457.0,236.9668246,0.042245975093600834
11458.0,236.9668246,0.04216856665325376
11459.0,236.9668246,0.04209115821290669
11460.0,236.9668246,0.042013749772559617
11461.0,236.9668246,0.041936341332212544
11462.0,236.9668246,0.04185893289186548
11463.0,236.9668246,0.041781524451518406
11464.0,236.9668246,0.041704116011171334
11465.0,236.9668246,0.04162670757082426
11466.0,236.9668246,0.041549299130477196
11467.0,236.9668246,0.041471890690130124
11468.0,236.9668246,0.04139448224978305
11469.0,236.9668246,0.04131707380943598
11470.0,236.9668246,0.04123966536908891
11471.0,236.9668246,0.04116225692874184
11472.0,236.9668246,0.04108484848839477
11473.0,236.9668246,0.0410074400480477
11474.0,236.9668246,0.040930031607700625
11475.0,236.9668246,0.04085262316735355
11476.0,236.9668246,0.04077521472700649
11477.0,236.9668246,0.040697806286659415
11478.0,236.9668246,0.04062039784631234
11479.0,236.9668246,0.04054333029479391
11480.0,236.9668246,0.04046933074273317
11481.0,236.9668246,0.04039533119067243
11482.0,236.9668246,0.04032133163861169
11483.0,236.9668246,0.04024733208655096
11484.0,236.9668246,0.04017333253449022
11485.0,236.9668246,0.040099332982429486
11486.0,236.9668246,0.040025333430368744
11487.0,236.9668246,0.03995133387830801
11488.0,236.9668246,0.03987733432624727
11489.0,236.9668246,0.03980333477418654
11490.0,236.9668246,0.0397293352221258
11491.0,236.91080408,0.03965533567006506
11492.0,236.85478356,0.03958133611800432
11493.0,236.79876304,0.03950733656594359
11494.0,236.74274252,0.03943333701388285
11495.0,236.686722,0.03935933746182211
11496.0,236.63070148,0.039285337909761374
11497.0,236.57468096,0.03921133835770064
11498.0,236.51866044000002,0.0391373388056399
11499.0,236.46263992000002,0.03906333925357917
11500.0,236.4066194,0.038989339701518425
11501.0,236.35086312,0.03891534014945769
11502.0,236.29510684000002,0.03884134059739695
11503.0,236.23935056000002,0.03876734104533622
11504.0,236.18359428000002,0.03869334149327548
11505.0,236.127838,0.03861934194121474
11506.0,236.07208172,0.038545342389154004
11507.0,236.01632544,0.03847134283709327
11508.0,235.96056916,0.03839734328503253
11509.0,235.90481288,0.03832334373297179
11510.0,235.8490566,0.038249344180911055
11511.0,235.8490566,0.03817534462885032
11512.0,235.8490566,0.03810134507678958
11513.0,235.8490566,0.03802734552472885
11514.0,235.8490566,0.037953345972668105
11515.0,235.8490566,0.03787934642060737
11516.0,235.8490566,0.037805346868546634
11517.0,235.8490566,0.0377313473164859
11518.0,235.8490566,0.037657347764425156
11519.0,235.8490566,0.03758334821236442
11520.0,235.8490566,0.037509348660303685
11521.0,235.7935627,0.03743534910824295
11522.0,235.7380688,0.03736134955618221
11523.0,235.68257490000002,0.03728735000412147
11524.0,235.627081,0.037213350452060735
11525.0,235.5715871,0.0371393509
11526.0,235.5160932,0.03706872551713666
11527.0,235.4605993,0.03699810013427332
11528.0,235.4051054,0.03692747475140998
11529.0,235.34961149999998,0.03685684936854664
11530.0,235.2941176,0.0367862239856833
11531.0,235.2941176,0.03671559860281996
11532.0,235.2941176,0.03664497321995662
11533.0,235.2941176,0.03657434783709328
11534.0,235.2941176,0.03650372245422994
11535.0,235.2941176,0.0364330970713666
11536.0,235.2941176,0.03636247168850326
11537.0,235.2941176,0.03629184630563992
11538.0,235.2941176,0.03622122092277658
11539.0,235.2941176,0.03615059553991324
11540.0,235.2941176,0.0360799701570499
11541.0,235.23888424,0.03600934477418656
11542.0,235.18365088,0.03593871939132322
11543.0,235.12841752,0.03586809400845988
11544.0,235.07318415999998,0.03579746862559654
11545.0,235.0179508,0.0357268432427332
11546.0,234.96271744,0.03565621785986986
11547.0,234.90748408,0.03558559247700652
11548.0,234.85225072,0.03551496709414318
11549.0,234.79701735999998,0.03544434171127984
11550.0,234.741784,0.0353737163284165
11551.0,234.68680935,0.03530309094555316
11552.0,234.63183469999998,0.03523246556268982
11553.0,234.57686005,0.03516184017982648
11554.0,234.5218854,0.03509121479696314
11555.0,234.46691075,0.0350205894140998
11556.0,234.4119361,0.03494996403123646
11557.0,234.35696145,0.03487933864837312
11558.0,234.3019868,0.03480871326550978
11559.0,234.24701215,0.03473808788264644
11560.0,234.1920375,0.0346674624997831
11561.0,234.1920375,0.03459683711691976
11562.0,234.1920375,0.03452621173405642
11563.0,234.1920375,0.03445558635119308
11564.0,234.1920375,0.03438496096832974
11565.0,234.1920375,0.0343143355854664
11566.0,234.1920375,0.03424371020260306
11567.0,234.1920375,0.03417308481973972
11568.0,234.1920375,0.03410245943687638
11569.0,234.1920375,0.03403183405401304
11570.0,234.1920375,0.0339612086711497
11571.0,234.13731973,0.03389058328828636
11572.0,234.08260196,0.03382286381409981
11573.0,234.02788419,0.033755467218655126
11574.0,233.97316642,0.033688070623210435
11575.0,233.91844865000002,0.03362067402776575
11576.0,233.86373088,0.03355327743232107
11577.0,233.80901311,0.03348588083687638
11578.0,233.75429534,0.0334184842414317
11579.0,233.69957757,0.033351087645987015
11580.0,233.6448598,0.03328369105054233
11581.0,233.6448598,0.03321629445509764
11582.0,233.6448598,0.03314889785965296
11583.0,233.6448598,0.03308150126420827
11584.0,233.6448598,0.03301410466876359
11585.0,233.6448598,0.032946708073318905
11586.0,233.6448598,0.03287931147787422
11587.0,233.6448598,0.03281191488242954
11588.0,233.6448598,0.032744518286984846
11589.0,233.6448598,0.03267712169154016
11590.0,233.6448598,0.03260972509609548
11591.0,233.59039713,0.032542328500650794
11592.0,233.53593446,0.03247493190520611
11593.0,233.48147179,0.032407535309761426
11594.0,233.42700912,0.03234013871431674
11595.0,233.37254645000002,0.03227274211887205
11596.0,233.31808378,0.03220534552342737
11597.0,233.26362111,0.03213794892798268
11598.0,233.20915844,0.032070552332538
11599.0,233.15469577,0.032003155737093315
11600.0,233.1002331,0.03193575914164863
11601.0,233.1002331,0.03186836254620394
11602.0,233.1002331,0.031800965950759257
11603.0,233.1002331,0.03173356935531457
11604.0,233.1002331,0.03166617275986989
11605.0,233.1002331,0.031598776164425205
11606.0,233.1002331,0.03153137956898052
11607.0,233.1002331,0.03146398297353584
11608.0,233.1002331,0.031396586378091146
11609.0,233.1002331,0.03132918978264646
11610.0,233.1002331,0.03126179318720178
11611.0,233.04602374,0.031194396591757094
11612.0,232.99181438,0.03112699999631241
11613.0,232.93760502,0.031059603400867726
11614.0,232.88339566,0.03099220680542304
11615.0,232.8291863,0.030924810209978355
11616.0,232.77497694000002,0.03085741361453367
11617.0,232.72076758,0.030790017019088983
11618.0,232.66655822,0.03072521386919744
11619.0,232.61234886,0.030661059080694185
11620.0,232.5581395,0.03059690429219093
11621.0,232.5581395,0.030532749503687673
11622.0,232.5581395,0.030468594715184417
11623.0,232.5581395,0.03040443992668116
11624.0,232.5581395,0.030340285138177905
11625.0,232.5581395,0.03027613034967465
11626.0,232.5581395,0.030211975561171393
11627.0,232.5581395,0.030147820772668137
11628.0,232.5581395,0.030083665984164884
11629.0,232.5581395,0.030019511195661628
11630.0,232.5581395,0.029955356407158372
11631.0,232.5041817,0.029891201618655116
11632.0,232.4502239,0.02982704683015186
11633.0,232.39626610000002,0.029762892041648604
11634.0,232.3423083,0.029698737253145348
11635.0,232.2883505,0.029634582464642092
11636.0,232.2343927,0.029570427676138836
11637.0,232.1804349,0.02950627288763558
11638.0,232.12647710000002,0.029442118099132324
11639.0,232.0725193,0.029377963310629068
11640.0,232.0185615,0.02931380852212581
11641.0,231.9648535,0.029249653733622556
11642.0,231.9111455,0.0291854989451193
11643.0,231.8574375,0.029121344156616043
11644.0,231.8037295,0.029057189368112787
11645.0,231.7500215,0.028993034579609535
11646.0,231.6963135,0.02892887979110628
11647.0,231.6426055,0.028864725002603023
11648.0,231.5888975,0.028800570214099767
11649.0,231.5351895,0.02873641542559651
11650.0,231.4814815,0.028672260637093255
11651.0,231.4814815,0.02860810584859
11652.0,231.4814815,0.028543951060086743
11653.0,231.4814815,0.028479796271583487
11654.0,231.4814815,0.02841564148308023
11655.0,231.4814815,0.028351486694576974
11656.0,231.4814815,0.02828733190607372
11657.0,231.4814815,0.028223177117570462
11658.0,231.4814815,0.028159022329067206
11659.0,231.4814815,0.02809486754056395
11660.0,231.4814815,0.028030712752060698
11661.0,231.42802157,0.02796655796355744
11662.0,231.37456164,0.027902403175054186
11663.0,231.32110171,0.02783824838655093
11664.0,231.26764178,0.02777643576995657
11665.0,231.21418185,0.027715626941323165
11666.0,231.16072192000001,0.02765481811268976
11667.0,231.10726199,0.027594009284056354
11668.0,231.05380206,0.02753320045542295
11669.0,231.00034213,0.027472391626789546
11670.0,230.9468822,0.02741158279815614
11671.0,230.9468822,0.027350773969522735
11672.0,230.9468822,0.02728996514088933
11673.0,230.9468822,0.027229156312255923
11674.0,230.9468822,0.02716834748362252
11675.0,230.9468822,0.027107538654989115
11676.0,230.9468822,0.027046729826355708
11677.0,230.9468822,0.026985920997722304
11678.0,230.9468822,0.0269251121690889
11679.0,230.9468822,0.026864303340455493
11680.0,230.9468822,0.02680349451182209
11681.0,230.89366863,0.026742685683188685
11682.0,230.84045506,0.026681876854555277
11683.0,230.78724149,0.026621068025921873
11684.0,230.73402792000002,0.02656025919728847
11685.0,230.68081435,0.026499450368655062
11686.0,230.62760078,0.026438641540021658
11687.0,230.57438721,0.026377832711388254
11688.0,230.52117364,0.026317023882754847
11689.0,230.46796007,0.026256215054121443
11690.0,230.4147465,0.02619540622548804
11691.0,230.4147465,0.02613459739685463
11692.0,230.4147465,0.026073788568221228
11693.0,230.4147465,0.026012979739587824
11694.0,230.4147465,0.025952170910954416
11695.0,230.4147465,0.025891362082321012
11696.0,230.4147465,0.025830553253687605
11697.0,230.4147465,0.0257697444250542
11698.0,230.4147465,0.025708935596420797
11699.0,230.4147465,0.02564812676778739
11700.0,230.4147465,0.025587317939153986
11701.0,230.3617776,0.02552650911052058
11702.0,230.30880870000001,0.025465700281887174
11703.0,230.2558398,0.02540489145325377
11704.0,230.2028709,0.025344082624620366
11705.0,230.149902,0.02528327379598696
11706.0,230.0969331,0.025222464967353555
11707.0,230.0439642,0.02516165613872015
11708.0,229.99099529999998,0.025100847310086744
11709.0,229.93802639999998,0.02504003848145334
11710.0,229.8850575,0.024981241135900195
11711.0,229.8850575,0.024923784779067225
11712.0,229.8850575,0.024866328422234255
11713.0,229.8850575,0.024808872065401284
11714.0,229.8850575,0.02475141570856831
11715.0,229.8850575,0.02469395935173534
11716.0,229.8850575,0.02463650299490237
11717.0,229.8850575,0.024579046638069396
11718.0,229.8850575,0.024521590281236426
11719.0,229.8850575,0.024464133924403456
11720.0,229.8850575,0.024406677567570482
11721.0,229.83233156999998,0.02434922121073751
11722.0,229.77960564,0.02429176485390454
11723.0,229.72687971,0.02423430849707157
11724.0,229.67415377999998,0.024176852140238597
11725.0,229.62142784999998,0.024119395783405627
11726.0,229.56870192,0.024061939426572657
11727.0,229.51597599,0.024004483069739683
11728.0,229.46325005999998,0.023947026712906713
11729.0,229.41052413,0.023889570356073742
11730.0,229.3577982,0.02383211399924077
11731.0,229.3577982,0.023774657642407798
11732.0,229.3577982,0.023717201285574828
11733.0,229.3577982,0.023659744928741858
11734.0,229.3577982,0.023602288571908884
11735.0,229.3577982,0.023544832215075914
11736.0,229.3577982,0.023487375858242943
11737.0,229.3577982,0.02342991950140997
11738.0,229.3577982,0.023372463144577
11739.0,229.3577982,0.02331500678774403
11740.0,229.3577982,0.02325755043091106
11741.0,229.30531356999998,0.023200094074078085
11742.0,229.25282894,0.023142637717245115
11743.0,229.20034431,0.023085181360412144
11744.0,229.14785968,0.02302772500357917
11745.0,229.09537505,0.0229702686467462
11746.0,229.04289042,0.02291281228991323
11747.0,228.99040579,0.02285535593308026
11748.0,228.93792116,0.022797899576247286
11749.0,228.88543653000002,0.022740443219414316
11750.0,228.8329519,0.022682986862581345
11751.0,228.8329519,0.02262553050574837
11752.0,228.8329519,0.0225680741489154
11753.0,228.8329519,0.02251061779208243
11754.0,228.8329519,0.022453161435249457
11755.0,228.8329519,0.022395705078416487
11756.0,228.8329519,0.02233976330075922
11757.0,228.8329519,0.02228533610227766
11758.0,228.8329519,0.022230908903796098
11759.0,228.8329519,0.022176481705314537
11760.0,228.8329519,0.022122054506832977
11761.0,228.78070694000002,0.022067627308351413
11762.0,228.72846198000002,0.022013200109869853
11763.0,228.67621702,0.021958772911388293
11764.0,228.62397206,0.02190434571290673
11765.0,228.5717271,0.02184991851442517
11766.0,228.51948214,0.021795491315943608
11767.0,228.46723718,0.021741064117462044
11768.0,228.41499222,0.021686636918980484
11769.0,228.36274726,0.021632209720498924
11770.0,228.3105023,0.02157778252201736
11771.0,228.3105023,0.0215233553235358
11772.0,228.3105023,0.02146892812505424
11773.0,228.3105023,0.021414500926572676
11774.0,228.3105023,0.021360073728091115
11775.0,228.3105023,0.021305646529609555
11776.0,228.3105023,0.02125121933112799
11777.0,228.3105023,0.02119679213264643
11778.0,228.3105023,0.02114236493416487
11779.0,228.3105023,0.021087937735683307
11780.0,228.3105023,0.021033510537201747
11781.0,228.25849535,0.020979083338720186
11782.0,228.20648839999998,0.020924656140238623
11783.0,228.15448145,0.020870228941757062
11784.0,228.1024745,0.020815801743275502
11785.0,228.05046755,0.020761374544793938
11786.0,227.9984606,0.020706947346312378
11787.0,227.94645365,0.020652520147830818
11788.0,227.8944467,0.020598092949349257
11789.0,227.84243974999998,0.020543665750867694
11790.0,227.7904328,0.020489238552386133
11791.0,227.73866225,0.020434811353904573
11792.0,227.6868917,0.02038038415542301
11793.0,227.63512115,0.02032595695694145
11794.0,227.5833506,0.02027152975845989
11795.0,227.53158005,0.020217102559978325
11796.0,227.47980950000002,0.020162675361496765
11797.0,227.42803895,0.020108248163015204
11798.0,227.37626840000001,0.02005382096453364
11799.0,227.32449785,0.01999939376605208
11800.0,227.2727273,0.01994496656757052
11801.0,227.2727273,0.019890539369088956
11802.0,227.2727273,0.019837322097722362
11803.0,227.2727273,0.01978591971702822
11804.0,227.2727273,0.019734517336334075
11805.0,227.2727273,0.019683114955639933
11806.0,227.2727273,0.01963171257494579
11807.0,227.2727273,0.01958031019425165
11808.0,227.2727273,0.019528907813557504
11809.0,227.2727273,0.019477505432863362
11810.0,227.2727273,0.01942610305216922
11811.0,227.22119153,0.01937470067147508
11812.0,227.16965576,0.019323298290780933
11813.0,227.11811999000003,0.01927189591008679
11814.0,227.06658422,0.01922049352939265
11815.0,227.01504845,0.019169091148698504
11816.0,226.96351268,0.019117688768004362
11817.0,226.91197691000002,0.01906628638731022
11818.0,226.86044114,0.01901488400661608
11819.0,226.80890537,0.018963481625921933
11820.0,226.7573696,0.01891207924522779
11821.0,226.7573696,0.01886067686453365
11822.0,226.7573696,0.018809274483839507
11823.0,226.7573696,0.018757872103145362
11824.0,226.7573696,0.01870646972245122
11825.0,226.7573696,0.01865506734175708
11826.0,226.7573696,0.018603664961062936
11827.0,226.7573696,0.01855226258036879
11828.0,226.7573696,0.01850086019967465
11829.0,226.7573696,0.018449457818980507
11830.0,226.7573696,0.018398055438286365
11831.0,226.70606703,0.01834665305759222
11832.0,226.65476446,0.01829525067689808
11833.0,226.60346189,0.018243848296203936
11834.0,226.55215932,0.018192445915509795
11835.0,226.50085675,0.01814104353481565
11836.0,226.44955418,0.018089641154121507
11837.0,226.39825161,0.018038238773427365
11838.0,226.34694904,0.017986836392733224
11839.0,226.29564646999998,0.017935434012039078
11840.0,226.2443439,0.017884031631344936
11841.0,226.19327293999999,0.017832629250650794
11842.0,226.14220197999998,0.017781226869956653
11843.0,226.09113102,0.017729824489262507
11844.0,226.04006006,0.017678422108568365
11845.0,225.9889891,0.017627019727874223
11846.0,225.93791814,0.017575617347180078
11847.0,225.88684718,0.017524214966485936
11848.0,225.83577622,0.017473732399457736
11849.0,225.78470526,0.017425396064316735
11850.0,225.7336343,0.017377059729175737
11851.0,225.7336343,0.017328723394034736
11852.0,225.7336343,0.01728038705889374
11853.0,225.7336343,0.017232050723752737
11854.0,225.7336343,0.01718371438861174
11855.0,225.7336343,0.017135378053470738
11856.0,225.7336343,0.01708704171832974
11857.0,225.7336343,0.017038705383188742
11858.0,225.7336343,0.01699036904804774
11859.0,225.7336343,0.016942032712906743
11860.0,225.7336343,0.016893696377765742
11861.0,225.68279339,0.016845360042624744
11862.0,225.63195248,0.016797023707483743
11863.0,225.58111157000002,0.016748687372342745
11864.0,225.53027066,0.016700351037201744
11865.0,225.47942975,0.016652014702060746
11866.0,225.42858884,0.016603678366919748
11867.0,225.37774793,0.016555342031778747
11868.0,225.32690702000002,0.01650700569663775
11869.0,225.27606611000002,0.016458669361496748
11870.0,225.2252252,0.01641033302635575
11871.0,225.2252252,0.01636199669121475
11872.0,225.2252252,0.01631366035607375
11873.0,225.2252252,0.016265324020932753
11874.0,225.2252252,0.016216987685791752
11875.0,225.2252252,0.016168651350650754
11876.0,225.2252252,0.016120315015509753
11877.0,225.2252252,0.016071978680368755
11878.0,225.2252252,0.016023642345227754
11879.0,225.2252252,0.015975306010086756
11880.0,225.2252252,0.015926969674945755
11881.0,225.17461279,0.015878633339804757
11882.0,225.12400038,0.01583029700466376
11883.0,225.07338797,0.015781960669522758
11884.0,225.02277556,0.01573362433438176
11885.0,224.97216315,0.01568528799924076
11886.0,224.92155074,0.01563695166409976
11887.0,224.87093833,0.015588615328958761
11888.0,224.82032592,0.015540278993817762
11889.0,224.76971351,0.015491942658676762
11890.0,224.7191011,0.015443606323535763
11891.0,224.7191011,0.015395269988394763
11892.0,224.7191011,0.015346933653253764
11893.0,224.7191011,0.015298597318112766
11894.0,224.7191011,0.015250868116594327
11895.0,224.7191011,0.015205567449566129
11896.0,224.7191011,0.015160266782537929
11897.0,224.7191011,0.01511496611550973
11898.0,224.7191011,0.015069665448481531
11899.0,224.7191011,0.015024364781453333
11900.0,224.7191011,0.014979064114425133
11901.0,224.66871565,0.014933763447396933
11902.0,224.6183302,0.014888462780368735
11903.0,224.56794474999998,0.014843162113340535
11904.0,224.5175593,0.014797861446312337
11905.0,224.46717385,0.014752560779284137
11906.0,224.4167884,0.014707260112255937
11907.0,224.36640295,0.014661959445227739
11908.0,224.3160175,0.014616658778199539
11909.0,224.26563205,0.01457135811117134
11910.0,224.2152466,0.014526057444143141
11911.0,224.2152466,0.014480756777114941
11912.0,224.2152466,0.014435456110086743
11913.0,224.2152466,0.014390155443058543
11914.0,224.2152466,0.014344854776030345
11915.0,224.2152466,0.014299554109002145
11916.0,224.2152466,0.014254253441973945
11917.0,224.2152466,0.014208952774945747
11918.0,224.2152466,0.014163652107917547
11919.0,224.2152466,0.014118351440889349
11920.0,224.2152466,0.014073050773861149
11921.0,224.16508659,0.01402775010683295
11922.0,224.11492658,0.013982449439804751
11923.0,224.06476657000002,0.013937148772776551
11924.0,224.01460656,0.013891848105748353
11925.0,223.96444655,0.013846547438720153
11926.0,223.91428654,0.013801246771691953
11927.0,223.86412653000002,0.013755946104663755
11928.0,223.81396652,0.013710645437635555
11929.0,223.76380651,0.013665344770607357
11930.0,223.7136465,0.013620044103579157
11931.0,223.66371042,0.013574743436550959
11932.0,223.61377434000002,0.013529442769522759
11933.0,223.56383826,0.013484142102494559
11934.0,223.51390218,0.013438841435466361
11935.0,223.4639661,0.013393540768438161
11936.0,223.41403002,0.013348240101409961
11937.0,223.36409394,0.013302939434381763
11938.0,223.31415786,0.013257638767353563
11939.0,223.26422178,0.013212338100325365
11940.0,223.2142857,0.01316733275444684
11941.0,223.16457205,0.013124985298915388
11942.0,223.1148584,0.013082637843383935
11943.0,223.06514475,0.013040290387852482
11944.0,223.0154311,0.01299794293232103
11945.0,222.96571745,0.012955595476789575
11946.0,222.9160038,0.012913248021258122
11947.0,222.86629015,0.01287090056572667
11948.0,222.8165765,0.012828553110195217
11949.0,222.76686285,0.012786205654663764
11950.0,222.7171492,0.01274385819913231
11951.0,222.7171492,0.012701510743600857
11952.0,222.7171492,0.012659163288069404
11953.0,222.7171492,0.012616815832537952
11954.0,222.7171492,0.012574468377006499
11955.0,222.7171492,0.012532120921475045
11956.0,222.7171492,0.012489773465943592
11957.0,222.7171492,0.01244742601041214
11958.0,222.7171492,0.012405078554880686
11959.0,222.7171492,0.012362731099349234
11960.0,222.7171492,0.01232038364381778
11961.0,222.7171492,0.012278036188286327
11962.0,222.7171492,0.012235688732754874
11963.0,222.7171492,0.012193341277223421
11964.0,222.7171492,0.012150993821691967
11965.0,222.7171492,0.012108646366160514
11966.0,222.7171492,0.012066298910629061
11967.0,222.7171492,0.012023951455097609
11968.0,222.7171492,0.011981603999566156
11969.0,222.7171492,0.011939256544034701
11970.0,222.7171492,0.011896909088503249
11971.0,222.6676565,0.011854561632971796
11972.0,222.6181638,0.011812214177440343
11973.0,222.5686711,0.01176986672190889
11974.0,222.5191784,0.011727519266377436
11975.0,222.4696857,0.011685171810845984
11976.0,222.420193,0.01164282435531453
11977.0,222.3707003,0.011600476899783078
11978.0,222.3212076,0.011558129444251625
11979.0,222.2717149,0.011515781988720171
11980.0,222.2222222,0.011473434533188718
11981.0,222.17294898,0.011431087077657266
11982.0,222.12367576,0.011388739622125813
11983.0,222.07440254,0.01134639216659436
11984.0,222.02512932,0.011304044711062906
11985.0,221.9758561,0.011261697255531453
11986.0,221.92658288,0.0112193498
11987.0,221.87730966,0.011179868762039046
11988.0,221.82803644,0.011140387724078092
11989.0,221.77876322,0.011100906686117138
11990.0,221.72949,0.011061425648156183
11991.0,221.72949,0.01102194461019523
11992.0,221.72949,0.010982463572234275
11993.0,221.72949,0.01094298253427332
11994.0,221.72949,0.010903501496312367
11995.0,221.72949,0.010864020458351413
11996.0,221.72949,0.01082453942039046
11997.0,221.72949,0.010785058382429505
11998.0,221.72949,0.01074557734446855
11999.0,221.72949,0.010706096306507597
12000.0,221.72949,0.010666615268546642
12001.0,221.68043481,0.010627134230585688
12002.0,221.63137962,0.010587653192624735
12003.0,221.58232443,0.01054817215466378
12004.0,221.53326924,0.010508691116702825
12005.0,221.48421405,0.010469210078741872
12006.0,221.43515886,0.010429729040780917
12007.0,221.38610367,0.010390248002819964
12008.0,221.33704848000002,0.01035076696485901
12009.0,221.28799329,0.010311285926898055
12010.0,221.2389381,0.010271804888937102
12011.0,221.2389381,0.010232323850976147
12012.0,221.2389381,0.010192842813015192
12013.0,221.2389381,0.01015336177505424
12014.0,221.2389381,0.010113880737093284
12015.0,221.2389381,0.01007439969913233
12016.0,221.2389381,0.010034918661171377
12017.0,221.2389381,0.009995437623210422
12018.0,221.2389381,0.009955956585249469
12019.0,221.2389381,0.009916475547288514
12020.0,221.2389381,0.00987699450932756
12021.0,221.19009948000001,0.009837513471366606
12022.0,221.14126086000002,0.009798032433405652
12023.0,221.09242224000002,0.009758551395444697
12024.0,221.04358362000002,0.009719070357483744
12025.0,220.99474500000002,0.009679589319522789
12026.0,220.94590638,0.009640108281561834
12027.0,220.89706776,0.009600627243600881
12028.0,220.84822914,0.009561146205639926
12029.0,220.79939052,0.009521665167678973
12030.0,220.7505519,0.009482184129718019
12031.0,220.7505519,0.009442703091757064
12032.0,220.7505519,0.00940322205379611
12033.0,220.7505519,0.009366289543492421
12034.0,220.7505519,0.009329640202928431
12035.0,220.7505519,0.00929299086236444
12036.0,220.7505519,0.009256341521800448
12037.0,220.7505519,0.009219692181236458
12038.0,220.7505519,0.009183042840672466
12039.0,220.7505519,0.009146393500108475
12040.0,220.7505519,0.009109744159544485
12041.0,220.70192843,0.009073094818980493
12042.0,220.65330496,0.009036445478416501
12043.0,220.60468149,0.008999796137852512
12044.0,220.55605802,0.00896314679728852
12045.0,220.50743455,0.008926497456724528
12046.0,220.45881108,0.008889848116160538
12047.0,220.41018761,0.008853198775596547
12048.0,220.36156413999998,0.008816549435032555
12049.0,220.31294067,0.008779900094468565
12050.0,220.2643172,0.008743250753904573
12051.0,220.2643172,0.008706601413340584
12052.0,220.2643172,0.008669952072776592
12053.0,220.2643172,0.0086333027322126
12054.0,220.2643172,0.00859665339164861
12055.0,220.2643172,0.008560004051084619
12056.0,220.2643172,0.008523354710520627
12057.0,220.2643172,0.008486705369956637
12058.0,220.2643172,0.008450056029392645
12059.0,220.2643172,0.008413406688828654
12060.0,220.2643172,0.008376757348264664
12061.0,220.21590745999998,0.008340108007700672
12062.0,220.16749772,0.00830345866713668
12063.0,220.11908798,0.00826680932657269
12064.0,220.07067824,0.008230159986008699
12065.0,220.0222685,0.008193510645444707
12066.0,219.97385875999998,0.008156861304880718
12067.0,219.92544902,0.008120211964316726
12068.0,219.87703928,0.008083562623752736
12069.0,219.82862954,0.008046913283188744
12070.0,219.7802198,0.008010263942624753
12071.0,219.7802198,0.007973614602060763
12072.0,219.7802198,0.007936965261496771
12073.0,219.7802198,0.00790031592093278
12074.0,219.7802198,0.00786366658036879
12075.0,219.7802198,0.007827017239804798
12076.0,219.7802198,0.007790367899240806
12077.0,219.7802198,0.0077537185586768155
12078.0,219.7802198,0.007717069218112825
12079.0,219.7802198,0.007682591498373126
12080.0,219.7802198,0.007648656683839502
12081.0,219.73202238,0.007614721869305878
12082.0,219.68382496,0.007580787054772255
12083.0,219.63562754,0.007546852240238631
12084.0,219.58743012,0.007512917425705007
12085.0,219.5392327,0.007478982611171384
12086.0,219.49103528,0.00744504779663776
12087.0,219.44283786,0.007411112982104137
12088.0,219.39464044,0.007377178167570513
12089.0,219.34644302,0.007343243353036889
12090.0,219.2982456,0.007309308538503266
12091.0,219.2982456,0.007275373723969642
12092.0,219.2982456,0.007241438909436018
12093.0,219.2982456,0.007207504094902395
12094.0,219.2982456,0.007173569280368771
12095.0,219.2982456,0.007139634465835147
12096.0,219.2982456,0.007105699651301524
12097.0,219.2982456,0.0070717648367679
12098.0,219.2982456,0.007037830022234276
12099.0,219.2982456,0.007003895207700653
12100.0,219.2982456,0.006969960393167029
12101.0,219.25025911,0.006936025578633405
12102.0,219.20227262,0.006902090764099782
12103.0,219.15428613,0.006868155949566158
12104.0,219.10629964,0.006834221135032535
12105.0,219.05831315,0.006800286320498911
12106.0,219.01032666,0.006766351505965287
12107.0,218.96234017,0.006732416691431663
12108.0,218.91435368,0.00669848187689804
12109.0,218.86636719,0.006664547062364416
12110.0,218.8183807,0.006630612247830793
12111.0,218.77060377,0.006596677433297169
12112.0,218.72282684,0.0065627426187635455
12113.0,218.67504991,0.006528807804229922
12114.0,218.62727298000001,0.0064948729896962985
12115.0,218.57949605,0.0064609381751626754
12116.0,218.53171912,0.0064270033606290515
12117.0,218.48394219,0.006393068546095428
12118.0,218.43616526,0.006359133731561804
12119.0,218.38838833,0.006325198917028181
12120.0,218.3406114,0.006291264102494557
12121.0,218.3406114,0.006257329287960934
12122.0,218.3406114,0.00622339447342731
12123.0,218.3406114,0.006189459658893686
12124.0,218.3406114,0.006155524844360062
12125.0,218.3406114,0.00612340665585681
12126.0,218.3406114,0.006092067021366571
12127.0,218.3406114,0.006060727386876333
12128.0,218.3406114,0.006029387752386095
12129.0,218.3406114,0.005998048117895857
12130.0,218.3406114,0.005966708483405619
12131.0,218.29304263,0.00593536884891538
12132.0,218.24547386,0.005904029214425142
12133.0,218.19790509,0.005872689579934903
12134.0,218.15033632,0.005841349945444664
12135.0,218.10276755,0.005810010310954426
12136.0,218.05519877999998,0.005778670676464188
12137.0,218.00763000999999,0.00574733104197395
12138.0,217.96006124,0.005715991407483712
12139.0,217.91249247,0.005684651772993473
12140.0,217.8649237,0.005653312138503235
12141.0,217.8649237,0.0056219725040129965
12142.0,217.8649237,0.0055906328695227575
12143.0,217.8649237,0.005559293235032519
12144.0,217.8649237,0.005527953600542281
12145.0,217.8649237,0.005496613966052043
12146.0,217.8649237,0.005465274331561805
12147.0,217.8649237,0.005433934697071566
12148.0,217.8649237,0.005402595062581328
12149.0,217.8649237,0.00537125542809109
12150.0,217.8649237,0.005339915793600851
12151.0,217.81756176,0.0053085761591106125
12152.0,217.77019982,0.005277236524620374
12153.0,217.72283788,0.005245896890130136
12154.0,217.67547593999998,0.005214557255639898
12155.0,217.62811399999998,0.005183217621149659
12156.0,217.58075206,0.005151877986659421
12157.0,217.53339012,0.005120538352169183
12158.0,217.48602818,0.005089198717678944
12159.0,217.43866624,0.0050578590831887055
12160.0,217.3913043,0.005026519448698467
12161.0,217.34414784,0.004995179814208229
12162.0,217.29699138,0.004963840179717991
12163.0,217.24983492,0.004932500545227752
12164.0,217.20267846000002,0.004901160910737514
12165.0,217.15552200000002,0.004869821276247276
12166.0,217.10836554,0.004838481641757037
12167.0,217.06120908,0.004807142007266799
12168.0,217.01405262,0.0047758023727765605
12169.0,216.96689616,0.004744462738286322
12170.0,216.9197397,0.004713123103796084
12171.0,216.9197397,0.004683267670824285
12172.0,216.9197397,0.004654401705531443
12173.0,216.9197397,0.004625535740238601
12174.0,216.9197397,0.004596669774945761
12175.0,216.9197397,0.004567803809652919
12176.0,216.9197397,0.004538937844360077
12177.0,216.9197397,0.004510071879067236
12178.0,216.9197397,0.004481205913774395
12179.0,216.9197397,0.004452339948481553
12180.0,216.9197397,0.004423473983188712
12181.0,216.87278738,0.00439460801789587
12182.0,216.82583506,0.004365742052603029
12183.0,216.77888274,0.004336876087310188
12184.0,216.73193042,0.004308010122017346
12185.0,216.68497810000002,0.004279144156724504
12186.0,216.63802578000002,0.004250278191431664
12187.0,216.59107346000002,0.004221412226138822
12188.0,216.54412114000002,0.00419254626084598
12189.0,216.49716882,0.004163680295553139
12190.0,216.4502165,0.004134814330260297
12191.0,216.4502165,0.004105948364967456
12192.0,216.4502165,0.004077082399674615
12193.0,216.4502165,0.004048216434381773
12194.0,216.4502165,0.004019350469088932
12195.0,216.4502165,0.003990484503796091
12196.0,216.4502165,0.003961618538503249
12197.0,216.4502165,0.003932752573210407
12198.0,216.4502165,0.003903886607917566
12199.0,216.4502165,0.003875020642624725
12200.0,216.4502165,0.0038461546773318834
12201.0,216.40346699,0.0038172887120390417
12202.0,216.35671748000001,0.0037884227467462005
12203.0,216.30996797,0.0037595567814533593
12204.0,216.26321846000002,0.0037306908161605177
12205.0,216.21646895,0.003701824850867676
12206.0,216.16971944,0.003672958885574835
12207.0,216.12296993,0.0036440929202819937
12208.0,216.07622042,0.003615226954989152
12209.0,216.02947091000001,0.0035863609896963104
12210.0,215.9827214,0.003557495024403469
12211.0,215.9827214,0.003528629059110628
12212.0,215.9827214,0.0034997630938177864
12213.0,215.9827214,0.0034708971285249447
12214.0,215.9827214,0.0034420311632321035
12215.0,215.9827214,0.0034131651979392623
12216.0,215.9827214,0.0033842992326464207
12217.0,215.9827214,0.0033566342971800434
12218.0,215.9827214,0.0033301703915401305
12219.0,215.9827214,0.003303706485900217
12220.0,215.9827214,0.0032772425802603043
12221.0,215.9361734,0.0032507786746203914
12222.0,215.8896254,0.003224314768980478
12223.0,215.8430774,0.003197850863340565
12224.0,215.7965294,0.0031713869577006523
12225.0,215.7499814,0.0031449230520607394
12226.0,215.7034334,0.003118459146420826
12227.0,215.6568854,0.003091995240780913
12228.0,215.6103374,0.0030655313351410003
12229.0,215.5637894,0.003039067429501087
12230.0,215.5172414,0.003012603523861174
12231.0,215.47089359999998,0.002986139618221261
12232.0,215.4245458,0.0029596757125813482
12233.0,215.378198,0.002933211806941435
12234.0,215.3318502,0.002906747901301522
12235.0,215.28550239999998,0.002880283995661609
12236.0,215.2391546,0.002853820090021696
12237.0,215.1928068,0.002827356184381783
12238.0,215.146459,0.00280089227874187
12239.0,215.10011120000001,0.002774428373101957
12240.0,215.0537634,0.0027479644674620438
12241.0,215.0537634,0.002721500561822131
12242.0,215.0537634,0.002695036656182218
12243.0,215.0537634,0.0026685727505423047
12244.0,215.0537634,0.0026421088449023918
12245.0,215.0537634,0.002615644939262479
12246.0,215.0537634,0.002589181033622566
12247.0,215.0537634,0.0025627171279826526
12248.0,215.0537634,0.0025362532223427397
12249.0,215.0537634,0.0025097893167028264
12250.0,215.0537634,0.0024833254110629135
12251.0,215.00761453,0.0024568615054230006
12252.0,214.96146566000002,0.0024303975997830877
12253.0,214.91531679,0.002403933694143175
12254.0,214.86916792,0.0023774697885032615
12255.0,214.82301905,0.0023510058828633486
12256.0,214.77687018,0.0023245419772234353
12257.0,214.73072131,0.0022980780715835224
12258.0,214.68457243999998,0.0022716141659436095
12259.0,214.63842357,0.0022451502603036966
12260.0,214.5922747,0.0022186863546637837
12261.0,214.54632346,0.0021922224490238704
12262.0,214.50037222,0.0021657585433839575
12263.0,214.45442097999998,0.0021402216125813536
12264.0,214.40846974,0.0021160751440347163
12265.0,214.3625185,0.0020919286754880785
12266.0,214.31656726,0.002067782206941441
12267.0,214.27061602,0.0020436357383948034
12268.0,214.22466477999998,0.0020194892698481657
12269.0,214.17871354,0.0019953428013015284
12270.0,214.1327623,0.0019711963327548906
12271.0,214.1327623,0.0019470498642082533
12272.0,214.1327623,0.0019229033956616158
12273.0,214.1327623,0.0018987569271149782
12274.0,214.1327623,0.0018746104585683405
12275.0,214.1327623,0.001850463990021703
12276.0,214.1327623,0.0018263175214750654
12277.0,214.1327623,0.001802171052928428
12278.0,214.1327623,0.0017780245843817904
12279.0,214.1327623,0.0017538781158351528
12280.0,214.1327623,0.0017297316472885153
12281.0,214.1327623,0.0017055851787418778
12282.0,214.1327623,0.0016814387101952402
12283.0,214.1327623,0.0016572922416486025
12284.0,214.1327623,0.0016331457731019652
12285.0,214.1327623,0.0016089993045553274
12286.0,214.1327623,0.00158485283600869
12287.0,214.1327623,0.0015607063674620524
12288.0,214.1327623,0.0015365598989154148
12289.0,214.1327623,0.0015124134303687773
12290.0,214.1327623,0.0014882669618221398
12291.0,214.08700744,0.0014641204932755022
12292.0,214.04125258,0.0014399740247288647
12293.0,213.99549772,0.0014158275561822272
12294.0,213.94974286,0.0013916810876355894
12295.0,213.903988,0.001367534619088952
12296.0,213.85823314,0.0013433881505423143
12297.0,213.81247828,0.001319241681995677
12298.0,213.76672342,0.0012950952134490393
12299.0,213.72096856,0.0012709487449024017
12300.0,213.6752137,0.0012468022763557642
12301.0,213.62965395,0.0012226558078091267
12302.0,213.5840942,0.0011985093392624891
12303.0,213.53853445,0.0011743628707158514
12304.0,213.4929747,0.001150216402169214
12305.0,213.44741495,0.0011260699336225765
12306.0,213.4018552,0.0011019234650759388
12307.0,213.35629545,0.0010777769965293013
12308.0,213.31073569999998,0.0010536305279826637
12309.0,213.26517594999999,0.0010301591105206231
12310.0,213.2196162,0.0010082628122559804
12311.0,213.2196162,0.0009863665139913376
12312.0,213.2196162,0.0009644702157266948
12313.0,213.2196162,0.000942573917462052
12314.0,213.2196162,0.0009206776191974092
12315.0,213.2196162,0.0008987813209327664
12316.0,213.2196162,0.0008768850226681237
12317.0,213.2196162,0.0008549887244034809
12318.0,213.2196162,0.0008330924261388381
12319.0,213.2196162,0.0008111961278741953
12320.0,213.2196162,0.0007892998296095525
12321.0,213.17425032,0.0007674035313449097
12322.0,213.12888443999998,0.0007455072330802671
12323.0,213.08351856,0.0007236109348156243
12324.0,213.03815268,0.0007017146365509815
12325.0,212.99278679999998,0.0006798183382863387
12326.0,212.94742091999998,0.0006579220400216959
12327.0,212.90205504,0.0006360257417570533
12328.0,212.85668916,0.0006141294434924105
12329.0,212.81132327999998,0.0005922331452277677
12330.0,212.7659574,0.0005703368469631249
12331.0,212.72078417,0.0005484405486984821
12332.0,212.67561093999998,0.0005265442504338393
12333.0,212.63043771,0.0005046479521691966
12334.0,212.58526447999998,0.0004827516539045538
12335.0,212.54009125,0.000460855355639911
12336.0,212.49491802,0.0004389590573752682
12337.0,212.44974478999998,0.00041706275911062543
12338.0,212.40457156,0.00039516646084598265
12339.0,212.35939832999998,0.00037327016258133987
12340.0,212.3142251,0.0003513738643166971
12341.0,212.3142251,0.0003294775660520544
12342.0,212.3142251,0.0003075812677874116
12343.0,212.3142251,0.00028568496952276884
12344.0,212.3142251,0.00026378867125812606
12345.0,212.3142251,0.00024189237299348328
12346.0,212.3142251,0.0002199960747288405
12347.0,212.3142251,0.0001980997764641977
12348.0,212.3142251,0.00017620347819955493
12349.0,212.3142251,0.00015430717993491214
12350.0,212.3142251,0.00013241088167026936
12351.0,212.26924327,0.00011051458340562668
12352.0,212.22426144,8.86182851409839e-05
12353.0,212.17927960999998,6.672198687634112e-05
12354.0,212.13429778,4.4825688611698335e-05
12355.0,212.08931595,2.3351649349226415e-05
12356.0,212.04433412,3.5666460954304756e-06
12357.0,211.99935229,-1.621835715836546e-05
12358.0,211.95437046,-3.6003360412161406e-05
12359.0,211.90938863000002,-5.578836366595735e-05
12360.0,211.8644068,-7.557336691975328e-05
12361.0,211.8644068,-9.535837017354922e-05
12362.0,211.8644068,-0.00011514337342734516
12363.0,211.8644068,-0.0001349283766811411
12364.0,211.8644068,-0.00015471337993493703
12365.0,211.8644068,-0.00017449838318873298
12366.0,211.8644068,-0.0001942833864425289
12367.0,211.8644068,-0.00021406838969632484
12368.0,211.8644068,-0.00023385339295012078
12369.0,211.8644068,-0.0002536383962039168
12370.0,211.8644068,-0.0002734233994577127
12371.0,211.81961517000002,-0.0002932084027115086
12372.0,211.77482354,-0.0003129934059653046
12373.0,211.73003191,-0.0003327784092191005
12374.0,211.68524028000002,-0.00035256341247289646
12375.0,211.64044865,-0.0003723484157266924
12376.0,211.59565702,-0.00039213341898048835
12377.0,211.55086539,-0.00041191842223428426
12378.0,211.50607376000002,-0.0004317034254880802
12379.0,211.46128213,-0.00045148842874187615
12380.0,211.4164905,-0.0004712734319956721
12381.0,211.4164905,-0.000491058435249468
12382.0,211.4164905,-0.000510843438503264
12383.0,211.4164905,-0.0005306284417570599
12384.0,211.4164905,-0.0005504134450108559
12385.0,211.4164905,-0.0005701984482646518
12386.0,211.4164905,-0.0005899834515184477
12387.0,211.4164905,-0.0006097684547722436
12388.0,211.4164905,-0.0006295534580260395
12389.0,211.4164905,-0.0006493384612798356
12390.0,211.4164905,-0.0006691234645336315
12391.0,211.37188786000002,-0.0006889084677874274
12392.0,211.32728522,-0.0007086934710412233
12393.0,211.28268258,-0.0007284784742950193
12394.0,211.23807994,-0.0007482634775488153
12395.0,211.19347729999998,-0.0007680484808026112
12396.0,211.14887466,-0.0007878334840564071
12397.0,211.10427202,-0.000807618487310203
12398.0,211.05966938,-0.000827403490563999
12399.0,211.01506673999998,-0.0008471884938177949
12400.0,210.9704641,-0.0008669734970715909
12401.0,210.92604927,-0.0008865627765726747
12402.0,210.88163444,-0.0009043905422993556
12403.0,210.83721960999998,-0.0009222183080260366
12404.0,210.79280477999998,-0.0009400460737527176
12405.0,210.74838995,-0.0009578738394793986
12406.0,210.70397512,-0.0009757016052060796
12407.0,210.65956029,-0.0009935293709327606
12408.0,210.61514545999998,-0.0010113571366594416
12409.0,210.57073062999999,-0.0010291849023861225
12410.0,210.5263158,-0.0010470126681128035
12411.0,210.5263158,-0.0010648404338394846
12412.0,210.5263158,-0.0010826681995661654
12413.0,210.5263158,-0.0011004959652928465
12414.0,210.5263158,-0.0011183237310195275
12415.0,210.5263158,-0.0011361514967462086
12416.0,210.5263158,-0.0011539792624728894
12417.0,210.5263158,-0.0011718070281995705
12418.0,210.5263158,-0.0011896347939262515
12419.0,210.5263158,-0.0012074625596529324
12420.0,210.5263158,-0.0012252903253796134
12421.0,210.48208757999998,-0.0012431180911062945
12422.0,210.43785936,-0.0012609458568329755
12423.0,210.39363114,-0.0012787736225596564
12424.0,210.34940292,-0.0012966013882863374
12425.0,210.3051747,-0.0013144291540130185
12426.0,210.26094648,-0.0013322569197396993
12427.0,210.21671826,-0.0013500846854663804
12428.0,210.17249003999999,-0.0013679124511930614
12429.0,210.12826182,-0.0013857402169197425
12430.0,210.0840336,-0.0014035679826464233
12431.0,210.0840336,-0.0014213957483731044
12432.0,210.0840336,-0.0014392235140997852
12433.0,210.0840336,-0.0014570512798264663
12434.0,210.0840336,-0.0014748790455531473
12435.0,210.0840336,-0.0014927068112798284
12436.0,210.0840336,-0.0015105345770065094
12437.0,210.0840336,-0.0015283623427331903
12438.0,210.0840336,-0.0015461901084598713
12439.0,210.0840336,-0.0015640178741865522
12440.0,210.0840336,-0.0015818456399132332
12441.0,210.03999083,-0.0015996734056399143
12442.0,209.99594806,-0.0016175011713665953
12443.0,209.95190529,-0.0016353289370932764
12444.0,209.90786252,-0.0016531567028199572
12445.0,209.86381975,-0.001670984468546638
12446.0,209.81977698,-0.001688812234273319
12447.0,209.77573421,-0.0017066400000000002
12448.0,209.73169144000002,-0.0017226320390455532
12449.0,209.68764867000002,-0.001738624078091106
12450.0,209.6436059,-0.0017546161171366592
12451.0,209.6436059,-0.0017706081561822122
12452.0,209.6436059,-0.0017866001952277653
12453.0,209.6436059,-0.0018025922342733182
12454.0,209.6436059,-0.0018185842733188713
12455.0,209.6436059,-0.0018345763123644243
12456.0,209.6436059,-0.0018505683514099774
12457.0,209.6436059,-0.0018665603904555303
12458.0,209.6436059,-0.0018825524295010834
12459.0,209.6436059,-0.0018985444685466364
12460.0,209.6436059,-0.0019145365075921893
12461.0,209.5997474,-0.0019305285466377424
12462.0,209.5558889,-0.0019465205856832955
12463.0,209.51203040000001,-0.0019625126247288485
12464.0,209.46817190000002,-0.0019785046637744016
12465.0,209.42431340000002,-0.0019944967028199543
12466.0,209.3804549,-0.0020104887418655073
12467.0,209.3365964,-0.0020264807809110604
12468.0,209.2927379,-0.0020424728199566135
12469.0,209.2488794,-0.0020584648590021666
12470.0,209.2050209,-0.0020744568980477197
12471.0,209.2050209,-0.0020904489370932727
12472.0,209.2050209,-0.0021064409761388254
12473.0,209.2050209,-0.0021224330151843785
12474.0,209.2050209,-0.0021384250542299315
12475.0,209.2050209,-0.0021544170932754846
12476.0,209.2050209,-0.0021704091323210377
12477.0,209.2050209,-0.0021864011713665908
12478.0,209.2050209,-0.002202393210412144
12479.0,209.2050209,-0.0022183852494576965
12480.0,209.2050209,-0.0022343772885032496
12481.0,209.16134553,-0.0022503693275488026
12482.0,209.11767016,-0.0022663613665943557
12483.0,209.07399479,-0.002282353405639909
12484.0,209.03031941999998,-0.002298345444685462
12485.0,208.98664405,-0.002314337483731015
12486.0,208.94296868,-0.0023303295227765676
12487.0,208.89929331,-0.002346321561822121
12488.0,208.85561794,-0.0023623136008676738
12489.0,208.81194256999999,-0.002378305639913227
12490.0,208.7682672,-0.00239429767895878
12491.0,208.72477381,-0.002410289718004333
12492.0,208.68128042,-0.002426281757049886
12493.0,208.63778703,-0.0024422737960954387
12494.0,208.59429364,-0.002456709391540125
12495.0,208.55080025,-0.002470972048806936
12496.0,208.50730686,-0.0024852347060737474
12497.0,208.46381347,-0.0024994973633405584
12498.0,208.42032007999998,-0.0025137600206073694
12499.0,208.37682669,-0.002528022677874181
12500.0,208.3333333,-0.002542285335140992
12501.0,208.29002076,-0.0025565479924078032
12502.0,208.24670822,-0.002570810649674614
12503.0,208.20339568,-0.0025850733069414256
12504.0,208.16008313999998,-0.0025993359642082366
12505.0,208.1167706,-0.0026135986214750476
12506.0,208.07345806,-0.002627861278741859
12507.0,208.03014552,-0.00264212393600867
12508.0,207.98683298,-0.0026563865932754814
12509.0,207.94352044,-0.0026706492505422924
12510.0,207.9002079,-0.0026849119078091034
12511.0,207.85707508,-0.002699174565075915
12512.0,207.81394226,-0.002713437222342726
12513.0,207.77080944,-0.002727699879609537
12514.0,207.72767662,-0.002741962536876348
12515.0,207.6845438,-0.002756225194143159
12516.0,207.64141098,-0.0027704878514099706
12517.0,207.59827816,-0.0027847505086767816
12518.0,207.55514534,-0.002799013165943593
12519.0,207.51201252,-0.002813275823210404
12520.0,207.4688797,-0.0028275384804772154
12521.0,207.4688797,-0.0028418011377440264
12522.0,207.4688797,-0.0028560637950108374
12523.0,207.4688797,-0.002870326452277649
12524.0,207.4688797,-0.0028845891095444598
12525.0,207.4688797,-0.002898851766811271
12526.0,207.4688797,-0.002913114424078082
12527.0,207.4688797,-0.0029273770813448936
12528.0,207.4688797,-0.0029416397386117046
12529.0,207.4688797,-0.0029559023958785156
12530.0,207.4688797,-0.002970165053145327
12531.0,207.42592548,-0.002984427710412138
12532.0,207.38297126,-0.002998690367678949
12533.0,207.34001704,-0.0030129530249457604
12534.0,207.29706282,-0.003027215682212572
12535.0,207.2541086,-0.0030414783394793828
12536.0,207.21115437999998,-0.0030557409967461938
12537.0,207.16820016,-0.003070003654013005
12538.0,207.12524593999999,-0.003084266311279816
12539.0,207.08229172,-0.003098528968546627
12540.0,207.0393375,-0.0031114931529284077
12541.0,207.0393375,-0.0031241327190889285
12542.0,207.0393375,-0.00313677228524945
12543.0,207.0393375,-0.0031494118514099707
12544.0,207.0393375,-0.0031620514175704916
12545.0,207.0393375,-0.003174690983731013
12546.0,207.0393375,-0.0031873305498915337
12547.0,207.0393375,-0.0031999701160520546
12548.0,207.0393375,-0.003212609682212576
12549.0,207.0393375,-0.0032252492483730967
12550.0,207.0393375,-0.0032378888145336176
12551.0,206.99656076999997,-0.0032505283806941385
12552.0,206.95378404,-0.0032631679468546598
12553.0,206.91100731,-0.0032758075130151806
12554.0,206.86823058,-0.0032884470791757015
12555.0,206.82545384999997,-0.0033010866453362228
12556.0,206.78267712,-0.0033137262114967436
12557.0,206.73990039,-0.0033263657776572645
12558.0,206.69712366,-0.003339005343817786
12559.0,206.65434692999997,-0.0033516449099783067
12560.0,206.6115702,-0.0033642844761388275
12561.0,206.6115702,-0.003376924042299349
12562.0,206.6115702,-0.0033895636084598697
12563.0,206.6115702,-0.0034022031746203905
12564.0,206.6115702,-0.003414842740780912
12565.0,206.6115702,-0.0034274823069414327
12566.0,206.6115702,-0.0034401218731019536
12567.0,206.6115702,-0.003452761439262475
12568.0,206.6115702,-0.0034654010054229957
12569.0,206.6115702,-0.0034780405715835166
12570.0,206.6115702,-0.003490680137744038
12571.0,206.6115702,-0.0035033197039045587
12572.0,206.6115702,-0.0035159592700650796
12573.0,206.6115702,-0.003528598836225601
12574.0,206.6115702,-0.0035412384023861218
12575.0,206.6115702,-0.0035538779685466426
12576.0,206.6115702,-0.003566517534707164
12577.0,206.6115702,-0.0035791571008676848
12578.0,206.6115702,-0.0035917966670282056
12579.0,206.6115702,-0.003604436233188727
12580.0,206.6115702,-0.003617075799349248
12581.0,206.56896988,-0.0036297153655097687
12582.0,206.52636955999998,-0.00364235493167029
12583.0,206.48376924,-0.003654994497830811
12584.0,206.44116892,-0.0036676340639913317
12585.0,206.39856859999998,-0.003680273630151853
12586.0,206.35596827999998,-0.0036918742657266893
12587.0,206.31336796,-0.0037030296453362337
12588.0,206.27076764,-0.003714185024945778
12589.0,206.22816731999998,-0.003725340404555322
12590.0,206.185567,-0.0037364957841648666
12591.0,206.14314199,-0.003747651163774411
12592.0,206.10071698,-0.0037588065433839554
12593.0,206.05829197,-0.0037699619229935
12594.0,206.01586695999998,-0.0037811173026030443
12595.0,205.97344195,-0.0037922726822125887
12596.0,205.93101694,-0.003803428061822133
12597.0,205.88859193,-0.0038145834414316775
12598.0,205.84616692,-0.0038257388210412215
12599.0,205.80374190999999,-0.003836894200650766
12600.0,205.7613169,-0.0038480495802603104
12601.0,205.71906611,-0.003859204959869855
12602.0,205.67681532,-0.0038703603394793992
12603.0,205.63456453,-0.0038815157190889437
12604.0,205.59231374,-0.003892671098698488
12605.0,205.55006294999998,-0.0039038264783080325
12606.0,205.50781216,-0.003914981857917577
12607.0,205.46556137,-0.003926137237527121
12608.0,205.42331058,-0.003937292617136666
12609.0,205.38105979,-0.00394844799674621
12610.0,205.338809,-0.003959603376355755
12611.0,205.338809,-0.003970758755965299
12612.0,205.338809,-0.0039819141355748435
12613.0,205.338809,-0.0039930695151843875
12614.0,205.338809,-0.0040042248947939315
12615.0,205.338809,-0.004015380274403476
12616.0,205.338809,-0.00402653565401302
12617.0,205.338809,-0.004037691033622565
12618.0,205.338809,-0.004048846413232109
12619.0,205.338809,-0.004060001792841654
12620.0,205.338809,-0.004071157172451198
12621.0,205.29673137999998,-0.004082312552060743
12622.0,205.25465376,-0.004093467931670287
12623.0,205.21257614,-0.004104623311279832
12624.0,205.17049852,-0.004115778690889376
12625.0,205.12842089999998,-0.00412693407049892
12626.0,205.08634328,-0.0041380894501084646
12627.0,205.04426566,-0.0041492448297180086
12628.0,205.00218804,-0.004160400209327553
12629.0,204.96011041999998,-0.004171555588937097
12630.0,204.9180328,-0.004182710968546642
12631.0,204.9180328,-0.004193866348156186
12632.0,204.9180328,-0.004204180673535795
12633.0,204.9180328,-0.004213934296095448
12634.0,204.9180328,-0.004223687918655101
12635.0,204.9180328,-0.004233441541214754
12636.0,204.9180328,-0.004243195163774406
12637.0,204.9180328,-0.00425294878633406
12638.0,204.9180328,-0.0042627024088937124
12639.0,204.9180328,-0.004272456031453365
12640.0,204.9180328,-0.004282209654013018
12641.0,204.87612726999998,-0.004291963276572671
12642.0,204.83422174,-0.004301716899132324
12643.0,204.79231621,-0.0043114705216919765
12644.0,204.75041068,-0.00432122414425163
12645.0,204.70850515,-0.004330977766811283
12646.0,204.66659962,-0.004340731389370935
12647.0,204.62469409,-0.004350485011930588
12648.0,204.58278855999998,-0.0043602386344902405
12649.0,204.54088303,-0.004369992257049894
12650.0,204.4989775,-0.004379745879609547
12651.0,204.4989775,-0.004389499502169199
12652.0,204.4989775,-0.004399253124728853
12653.0,204.4989775,-0.004409006747288505
12654.0,204.4989775,-0.004418760369848158
12655.0,204.4989775,-0.004428513992407811
12656.0,204.4989775,-0.004438267614967464
12657.0,204.4989775,-0.004448021237527117
12658.0,204.4989775,-0.0044577748600867695
12659.0,204.4989775,-0.004467528482646422
12660.0,204.4989775,-0.004477282105206076
12661.0,204.45724302,-0.004487035727765728
12662.0,204.41550854,-0.004496789350325381
12663.0,204.37377406,-0.0045065429728850335
12664.0,204.33203958,-0.004516296595444687
12665.0,204.2903051,-0.00452605021800434
12666.0,204.24857062,-0.004535803840563992
12667.0,204.20683614,-0.004545557463123645
12668.0,204.16510166,-0.004555311085683298
12669.0,204.12336718,-0.004565064708242951
12670.0,204.0816327,-0.004574818330802604
12671.0,204.0816327,-0.004584571953362256
12672.0,204.0816327,-0.00459432557592191
12673.0,204.0816327,-0.004604079198481562
12674.0,204.0816327,-0.004613832821041215
12675.0,204.0816327,-0.004623586443600868
12676.0,204.0816327,-0.004633340066160521
12677.0,204.0816327,-0.004643093688720174
12678.0,204.0816327,-0.004652210456616052
12679.0,204.0816327,-0.004660690369848156
12680.0,204.0816327,-0.00466917028308026
12681.0,204.04006821000002,-0.004677650196312364
12682.0,203.99850372,-0.004686130109544468
12683.0,203.95693923,-0.004694610022776572
12684.0,203.91537474,-0.0047030899360086765
12685.0,203.87381025000002,-0.004711569849240781
12686.0,203.83224576,-0.004720049762472885
12687.0,203.79068127,-0.004728529675704989
12688.0,203.74911678,-0.004737009588937092
12689.0,203.70755229000002,-0.004745489502169196
12690.0,203.6659878,-0.0047539694154013
12691.0,203.62459227000002,-0.0047624493286334045
12692.0,203.58319674,-0.004770929241865509
12693.0,203.54180121000002,-0.004779409155097613
12694.0,203.50040568,-0.004787889068329717
12695.0,203.45901015,-0.004796368981561821
12696.0,203.41761462000002,-0.004804848894793925
12697.0,203.37621909,-0.004813328808026028
12698.0,203.33482356000002,-0.0048218087212581326
12699.0,203.29342803,-0.004830288634490237
12700.0,203.2520325,-0.004838768547722341
12701.0,203.2520325,-0.004847248460954445
12702.0,203.2520325,-0.004855728374186549
12703.0,203.2520325,-0.004864208287418653
12704.0,203.2520325,-0.004872688200650757
12705.0,203.2520325,-0.0048811681138828614
12706.0,203.2520325,-0.004889648027114965
12707.0,203.2520325,-0.004898127940347069
12708.0,203.2520325,-0.004906607853579173
12709.0,203.2520325,-0.004915087766811277
12710.0,203.2520325,-0.004923567680043381
12711.0,203.21080491,-0.004932047593275485
12712.0,203.16957732,-0.0049405275065075895
12713.0,203.12834973,-0.004949007419739694
12714.0,203.08712214,-0.004957487332971798
12715.0,203.04589455,-0.004965967246203902
12716.0,203.00466696,-0.004974447159436005
12717.0,202.96343937,-0.004982927072668109
12718.0,202.92221178,-0.004991406985900213
12719.0,202.88098419,-0.0049998868991323175
12720.0,202.8397566,-0.005008366812364422
12721.0,202.8397566,-0.005016846725596526
12722.0,202.8397566,-0.00502532663882863
12723.0,202.8397566,-0.005033806552060734
12724.0,202.8397566,-0.005041836860086764
12725.0,202.8397566,-0.005049192760303684
12726.0,202.8397566,-0.005056548660520604
12727.0,202.8397566,-0.005063904560737523
12728.0,202.8397566,-0.005071260460954443
12729.0,202.8397566,-0.005078616361171363
12730.0,202.8397566,-0.005085972261388283
12731.0,202.79869592,-0.005093328161605203
12732.0,202.75763523999998,-0.005100684061822122
12733.0,202.71657456,-0.005108039962039042
12734.0,202.67551387999998,-0.005115395862255961
12735.0,202.6344532,-0.005122751762472881
12736.0,202.59339252,-0.005130107662689801
12737.0,202.55233184,-0.0051374635629067205
12738.0,202.51127116,-0.00514481946312364
12739.0,202.47021048,-0.00515217536334056
12740.0,202.4291498,-0.00515953126355748
12741.0,202.4291498,-0.0051668871637744
12742.0,202.4291498,-0.005174243063991319
12743.0,202.4291498,-0.005181598964208238
12744.0,202.4291498,-0.005188954864425158
12745.0,202.4291498,-0.005196310764642078
12746.0,202.4291498,-0.005203666664858998
12747.0,202.4291498,-0.0052110225650759175
12748.0,202.4291498,-0.005218378465292837
12749.0,202.4291498,-0.005225734365509757
12750.0,202.4291498,-0.005233090265726677
12751.0,202.38825502,-0.005240446165943597
12752.0,202.34736024,-0.005247802066160516
12753.0,202.30646546,-0.005255157966377435
12754.0,202.26557068,-0.005262513866594355
12755.0,202.22467590000002,-0.005269869766811275
12756.0,202.18378112000002,-0.005277225667028195
12757.0,202.14288634000002,-0.005284581567245115
12758.0,202.10199156000002,-0.005291937467462034
12759.0,202.06109678,-0.005299293367678954
12760.0,202.020202,-0.005306649267895874
12761.0,201.97947212000003,-0.005314005168112793
12762.0,201.93874224,-0.005321361068329713
12763.0,201.89801236,-0.0053287169685466325
12764.0,201.85728248,-0.005336072868763552
12765.0,201.81655260000002,-0.005343428768980472
12766.0,201.77582272,-0.005350784669197392
12767.0,201.73509284,-0.005358140569414312
12768.0,201.69436296,-0.0053654964696312315
12769.0,201.65363308000002,-0.005372852369848151
12770.0,201.6129032,-0.005379898414316698
12771.0,201.6129032,-0.005386221462039042
12772.0,201.6129032,-0.005392544509761384
12773.0,201.6129032,-0.0053988675574837275
12774.0,201.6129032,-0.00540519060520607
12775.0,201.6129032,-0.005411513652928413
12776.0,201.6129032,-0.005417836700650756
12777.0,201.6129032,-0.005424159748373099
12778.0,201.6129032,-0.005430482796095442
12779.0,201.6129032,-0.005436805843817785
12780.0,201.6129032,-0.0054431288915401275
12781.0,201.6129032,-0.005449451939262471
12782.0,201.6129032,-0.005455774986984813
12783.0,201.6129032,-0.005462098034707157
12784.0,201.6129032,-0.005468421082429499
12785.0,201.6129032,-0.005474744130151843
12786.0,201.6129032,-0.005481067177874185
12787.0,201.6129032,-0.005487390225596528
12788.0,201.6129032,-0.005493713273318872
12789.0,201.6129032,-0.005500036321041214
12790.0,201.6129032,-0.005506359368763558
12791.0,201.57233723000002,-0.0055126824164859
12792.0,201.53177126,-0.0055190054642082435
12793.0,201.49120529,-0.005525328511930586
12794.0,201.45063932,-0.005531651559652929
12795.0,201.41007335,-0.005537974607375272
12796.0,201.36950738000002,-0.005544297655097615
12797.0,201.32894141,-0.005550620702819958
12798.0,201.28837544,-0.005556943750542301
12799.0,201.24780947,-0.0055632667982646435
12800.0,201.2072435,-0.005569589845986987
12801.0,201.16684044000002,-0.005575912893709329
12802.0,201.12643738,-0.005582235941431673
12803.0,201.08603432,-0.005588558989154015
12804.0,201.04563126,-0.0055948820368763585
12805.0,201.0052282,-0.005601205084598701
12806.0,200.96482514000002,-0.005607528132321044
12807.0,200.92442208,-0.005613851180043388
12808.0,200.88401902,-0.00562017422776573
12809.0,200.84361596,-0.005626497275488074
12810.0,200.8032129,-0.005632820323210416
12811.0,200.8032129,-0.0056391433709327594
12812.0,200.8032129,-0.005645466418655102
12813.0,200.8032129,-0.005651789466377445
12814.0,200.8032129,-0.005658112514099788
12815.0,200.8032129,-0.005664435561822131
12816.0,200.8032129,-0.005670573299349245
12817.0,200.8032129,-0.0056759697960954494
12818.0,200.8032129,-0.005681366292841653
12819.0,200.8032129,-0.005686762789587857
12820.0,200.8032129,-0.005692159286334061
12821.0,200.76297177,-0.005697555783080265
12822.0,200.72273064,-0.005702952279826468
12823.0,200.68248951,-0.005708348776572672
12824.0,200.64224838,-0.005713745273318876
12825.0,200.60200724999999,-0.00571914177006508
12826.0,200.56176612,-0.0057245382668112835
12827.0,200.52152499,-0.005729934763557488
12828.0,200.48128386,-0.0057353312603036916
12829.0,200.44104273,-0.005740727757049895
12830.0,200.4008016,-0.0057461242537961
12831.0,200.4008016,-0.005751520750542303
12832.0,200.4008016,-0.005756917247288507
12833.0,200.4008016,-0.00576231374403471
12834.0,200.4008016,-0.005767710240780915
12835.0,200.4008016,-0.0057731067375271184
12836.0,200.4008016,-0.005778503234273322
12837.0,200.4008016,-0.0057838997310195265
12838.0,200.4008016,-0.00578929622776573
12839.0,200.4008016,-0.005794692724511934
12840.0,200.4008016,-0.005800089221258138
12841.0,200.36072144,-0.005805485718004342
12842.0,200.32064128,-0.005810882214750545
12843.0,200.28056112,-0.005816278711496749
12844.0,200.24048095999999,-0.005821675208242953
12845.0,200.2004008,-0.005827071704989157
12846.0,200.16032064,-0.0058324682017353606
12847.0,200.12024048,-0.005837864698481565
12848.0,200.08016032,-0.005843261195227769
12849.0,200.04008016,-0.005848657691973972
12850.0,200.0,-0.005854054188720177
12851.0,200.0,-0.00585945068546638
12852.0,200.0,-0.005864847182212584
12853.0,200.0,-0.0058702436789587874
12854.0,200.0,-0.005875640175704992
12855.0,200.0,-0.0058810366724511955
12856.0,200.0,-0.005886433169197399
12857.0,200.0,-0.0058918296659436036
12858.0,200.0,-0.005897226162689807
12859.0,200.0,-0.005902622659436011
12860.0,200.0,-0.005908019156182215
12861.0,199.96007984,-0.005913415652928419
12862.0,199.92015968,-0.005918729477223429
12863.0,199.88023952,-0.005923299249457703
12864.0,199.84031936,-0.005927869021691976
12865.0,199.80039920000002,-0.005932438793926249
12866.0,199.76047904,-0.005937008566160523
12867.0,199.72055888,-0.005941578338394796
12868.0,199.68063872,-0.0059461481106290685
12869.0,199.64071856,-0.005950717882863342
12870.0,199.6007984,-0.005955287655097615
12871.0,199.6007984,-0.0059598574273318885
12872.0,199.6007984,-0.005964427199566162
12873.0,199.6007984,-0.005968996971800435
12874.0,199.6007984,-0.0059735667440347084
12875.0,199.6007984,-0.005978136516268982
12876.0,199.6007984,-0.005982706288503255
12877.0,199.6007984,-0.005987276060737528
12878.0,199.6007984,-0.005991845832971802
12879.0,199.6007984,-0.005996415605206075
12880.0,199.6007984,-0.006000985377440348
12881.0,199.6007984,-0.006005555149674622
12882.0,199.6007984,-0.006010124921908895
12883.0,199.6007984,-0.006014694694143168
12884.0,199.6007984,-0.006019264466377441
12885.0,199.6007984,-0.006023834238611714
12886.0,199.6007984,-0.0060284040108459875
12887.0,199.6007984,-0.006032973783080261
12888.0,199.6007984,-0.006037543555314534
12889.0,199.6007984,-0.0060421133275488075
12890.0,199.6007984,-0.006046683099783081
12891.0,199.56103729,-0.006051252872017354
12892.0,199.52127618,-0.0060558226442516275
12893.0,199.48151507,-0.006060392416485901
12894.0,199.44175396,-0.006064962188720174
12895.0,199.40199285,-0.0060695319609544475
12896.0,199.36223174,-0.006074101733188721
12897.0,199.32247063,-0.006078671505422994
12898.0,199.28270952,-0.0060832412776572675
12899.0,199.24294841,-0.006087811049891541
12900.0,199.2031873,-0.006092380822125813
12901.0,199.16358428,-0.006096950594360087
12902.0,199.12398126,-0.00610152036659436
12903.0,199.08437824,-0.006106090138828633
12904.0,199.04477522,-0.006110659911062907
12905.0,199.0051722,-0.00611522968329718
12906.0,198.96556918000002,-0.006119799455531453
12907.0,198.92596616,-0.006124369227765727
12908.0,198.88636314000001,-0.006128939
12909.0,198.84676012,-0.006132801396963123
12910.0,198.8071571,-0.006136663793926247
12911.0,198.8071571,-0.006140526190889371
12912.0,198.8071571,-0.006144388587852495
12913.0,198.8071571,-0.006148250984815618
12914.0,198.8071571,-0.006152113381778741
12915.0,198.8071571,-0.006155975778741865
12916.0,198.8071571,-0.006159838175704989
12917.0,198.8071571,-0.006163700572668113
12918.0,198.8071571,-0.006167562969631236
12919.0,198.8071571,-0.006171425366594359
12920.0,198.8071571,-0.0061752877635574835
12921.0,198.76771123,-0.006179150160520607
12922.0,198.72826536000002,-0.006183012557483731
12923.0,198.68881949000001,-0.006186874954446854
12924.0,198.64937362,-0.0061907373514099775
12925.0,198.60992775,-0.006194599748373102
12926.0,198.57048188000002,-0.006198462145336225
12927.0,198.53103601,-0.006202324542299348
12928.0,198.49159014,-0.006206186939262472
12929.0,198.45214427000002,-0.006210049336225596
12930.0,198.4126984,-0.00621391173318872
12931.0,198.37340876000002,-0.006217774130151843
12932.0,198.33411912,-0.006221636527114966
12933.0,198.29482948,-0.00622549892407809
12934.0,198.25553984,-0.006229361321041214
12935.0,198.2162502,-0.006233223718004338
12936.0,198.17696056,-0.006237086114967461
12937.0,198.13767092,-0.006240948511930584
12938.0,198.09838128,-0.0062448109088937085
12939.0,198.05909164,-0.006248673305856832
12940.0,198.019802,-0.006252535702819956
12941.0,198.019802,-0.006256398099783079
12942.0,198.019802,-0.0062602604967462025
12943.0,198.019802,-0.006264122893709327
12944.0,198.019802,-0.00626798529067245
12945.0,198.019802,-0.006271847687635574
12946.0,198.019802,-0.006275710084598697
12947.0,198.019802,-0.0062795724815618206
12948.0,198.019802,-0.006283434878524945
12949.0,198.019802,-0.006287297275488068
12950.0,198.019802,-0.006291159672451191
12951.0,197.98066765,-0.006295022069414315
12952.0,197.9415333,-0.006298884466377439
12953.0,197.90239895,-0.006302746863340563
12954.0,197.8632646,-0.006306609260303686
12955.0,197.82413025,-0.006309924843817786
12956.0,197.78499589999998,-0.006313179670281994
12957.0,197.74586155,-0.0063164344967462024
12958.0,197.7067272,-0.0063196893232104106
12959.0,197.66759285,-0.006322944149674619
12960.0,197.6284585,-0.006326198976138827
12961.0,197.58947853,-0.006329453802603036
12962.0,197.55049856,-0.006332708629067244
12963.0,197.51151858999998,-0.006335963455531452
12964.0,197.47253862,-0.00633921828199566
12965.0,197.43355865,-0.006342473108459868
12966.0,197.39457868,-0.006345727934924076
12967.0,197.35559870999998,-0.006348982761388284
12968.0,197.31661874,-0.0063522375878524925
12969.0,197.27763877,-0.0063554924143167015
12970.0,197.2386588,-0.00635874724078091
12971.0,197.2386588,-0.006362002067245118
12972.0,197.2386588,-0.006365256893709326
12973.0,197.2386588,-0.006368511720173534
12974.0,197.2386588,-0.006371766546637742
12975.0,197.2386588,-0.00637502137310195
12976.0,197.2386588,-0.006378276199566158
12977.0,197.2386588,-0.006381531026030367
12978.0,197.2386588,-0.006384785852494575
12979.0,197.2386588,-0.0063880406789587835
12980.0,197.2386588,-0.006391295505422992
12981.0,197.19983229,-0.0063945503318872
12982.0,197.16100578,-0.006397805158351408
12983.0,197.12217927,-0.006401059984815616
12984.0,197.08335276,-0.006404314811279824
12985.0,197.04452625,-0.006407569637744033
12986.0,197.00569974,-0.006410824464208241
12987.0,196.96687323,-0.006414079290672449
12988.0,196.92804672,-0.006417334117136657
12989.0,196.88922021000002,-0.0064205889436008655
12990.0,196.8503937,-0.006423843770065074
12991.0,196.81171975,-0.006427098596529282
12992.0,196.7730458,-0.00643035342299349
12993.0,196.73437185,-0.006433608249457699
12994.0,196.6956979,-0.006436863075921907
12995.0,196.65702395,-0.006440117902386115
12996.0,196.61835000000002,-0.006443372728850323
12997.0,196.57967605000002,-0.006446627555314531
12998.0,196.54100210000001,-0.006449882381778739
12999.0,196.50232815,-0.0064531372082429475
13000.0,196.4636542,-0.006456392034707156
13001.0,196.42513192,-0.006459204206073751
13002.0,196.38660964000002,-0.006461905713665942
13003.0,196.34808736,-0.006464607221258132
13004.0,196.30956508,-0.006467308728850324
13005.0,196.2710428,-0.006470010236442515
13006.0,196.23252052,-0.006472711744034705
13007.0,196.19399824,-0.006475413251626897
13008.0,196.15547596,-0.006478114759219088
13009.0,196.11695368,-0.006480816266811278
13010.0,196.0784314,-0.00648351777440347
13011.0,196.0784314,-0.006486219281995661
13012.0,196.0784314,-0.006488920789587851
13013.0,196.0784314,-0.006491622297180043
13014.0,196.0784314,-0.006494323804772233
13015.0,196.0784314,-0.006497025312364424
13016.0,196.0784314,-0.006499726819956616
13017.0,196.0784314,-0.006502428327548806
13018.0,196.0784314,-0.006505129835140997
13019.0,196.0784314,-0.0065078313427331886
13020.0,196.0784314,-0.006510532850325379
13021.0,196.04005988,-0.00651323435791757
13022.0,196.00168836,-0.006515935865509761
13023.0,195.96331684,-0.006518637373101952
13024.0,195.92494532,-0.006521338880694143
13025.0,195.8865738,-0.006524040388286334
13026.0,195.84820227999998,-0.006526741895878525
13027.0,195.80983075999998,-0.006529443403470716
13028.0,195.77145923999998,-0.006532144911062907
13029.0,195.73308772,-0.006534846418655098
13030.0,195.6947162,-0.006537547926247288
13031.0,195.6947162,-0.00654024943383948
13032.0,195.6947162,-0.006542950941431671
13033.0,195.6947162,-0.006545652449023861
13034.0,195.6947162,-0.006548353956616053
13035.0,195.6947162,-0.006551055464208244
13036.0,195.6947162,-0.006553756971800434
13037.0,195.6947162,-0.006556458479392626
13038.0,195.6947162,-0.006559159986984817
13039.0,195.6947162,-0.006561861494577007
13040.0,195.6947162,-0.006564563002169199
13041.0,195.65649458,-0.006567264509761389
13042.0,195.61827295999998,-0.00656996601735358
13043.0,195.58005133999998,-0.006572667524945772
13044.0,195.54182971999998,-0.006575369032537962
13045.0,195.5036081,-0.006578070540130153
13046.0,195.46538648,-0.006580772047722345
13047.0,195.42716486,-0.006583133311279828
13048.0,195.38894324,-0.006585348755965294
13049.0,195.35072162,-0.0065875642006507605
13050.0,195.3125,-0.006589779645336227
13051.0,195.27442739,-0.006591995090021693
13052.0,195.23635478,-0.006594210534707159
13053.0,195.19828217,-0.0065964259793926255
13054.0,195.16020956,-0.006598641424078093
13055.0,195.12213695,-0.006600856868763559
13056.0,195.08406434,-0.006603072313449025
13057.0,195.04599173,-0.0066052877581344914
13058.0,195.00791912,-0.006607503202819958
13059.0,194.96984651,-0.006609718647505424
13060.0,194.9317739,-0.00661193409219089
13061.0,194.9317739,-0.0066141495368763565
13062.0,194.9317739,-0.006616364981561824
13063.0,194.9317739,-0.00661858042624729
13064.0,194.9317739,-0.006620795870932756
13065.0,194.9317739,-0.006623011315618222
13066.0,194.9317739,-0.006625226760303689
13067.0,194.9317739,-0.006627442204989155
13068.0,194.9317739,-0.006629657649674621
13069.0,194.9317739,-0.006631873094360087
13070.0,194.9317739,-0.0066340885390455545
13071.0,194.89384943,-0.006636303983731021
13072.0,194.85592496,-0.006638519428416487
13073.0,194.81800049,-0.006640734873101953
13074.0,194.78007602,-0.0066429503177874195
13075.0,194.74215155000002,-0.006645165762472886
13076.0,194.70422708,-0.006647381207158352
13077.0,194.66630261,-0.006649596651843819
13078.0,194.62837814,-0.0066518120965292854
13079.0,194.59045367000002,-0.006654027541214752
13080.0,194.5525292,-0.006656242985900218
13081.0,194.5525292,-0.006658458430585684
13082.0,194.5525292,-0.0066606738752711505
13083.0,194.5525292,-0.006662889319956617
13084.0,194.5525292,-0.006665104764642083
13085.0,194.5525292,-0.00666732020932755
13086.0,194.5525292,-0.006669535654013016
13087.0,194.5525292,-0.006671751098698483
13088.0,194.5525292,-0.006673966543383949
13089.0,194.5525292,-0.006676181988069415
13090.0,194.5525292,-0.006678397432754881
13091.0,194.51475201,-0.006680612877440348
13092.0,194.47697482,-0.006682828322125814
13093.0,194.43919763000002,-0.006684793803687636
13094.0,194.40142044,-0.006686592643167029
13095.0,194.36364325,-0.006688391482646421
13096.0,194.32586606,-0.006690190322125814
13097.0,194.28808887000002,-0.006691989161605206
13098.0,194.25031168,-0.006693788001084599
13099.0,194.21253449,-0.006695586840563992
13100.0,194.1747573,-0.006697385680043385
13101.0,194.1747573,-0.006699184519522778
13102.0,194.1747573,-0.00670098335900217
13103.0,194.1747573,-0.006702782198481563
13104.0,194.1747573,-0.006704581037960955
13105.0,194.1747573,-0.006706379877440348
13106.0,194.1747573,-0.00670817871691974
13107.0,194.1747573,-0.006709977556399133
13108.0,194.1747573,-0.006711776395878525
13109.0,194.1747573,-0.006713575235357918
13110.0,194.1747573,-0.0067153740748373105
13111.0,194.13712653000002,-0.0067171729143167035
13112.0,194.09949576,-0.006718971753796096
13113.0,194.06186499,-0.006720770593275489
13114.0,194.02423422,-0.006722569432754881
13115.0,193.98660345000002,-0.006724368272234274
13116.0,193.94897268,-0.006726167111713667
13117.0,193.91134191,-0.006727965951193059
13118.0,193.87371114,-0.006729764790672452
13119.0,193.83608037,-0.006731563630151844
13120.0,193.7984496,-0.006733362469631237
13121.0,193.7984496,-0.006735161309110629
13122.0,193.7984496,-0.006736960148590022
13123.0,193.7984496,-0.0067387589880694146
13124.0,193.7984496,-0.006740557827548808
13125.0,193.7984496,-0.0067423566670282
13126.0,193.7984496,-0.006744155506507593
13127.0,193.7984496,-0.006745954345986985
13128.0,193.7984496,-0.006747753185466378
13129.0,193.7984496,-0.00674955202494577
13130.0,193.7984496,-0.006751350864425163
13131.0,193.76096440999999,-0.006753149703904556
13132.0,193.72347922,-0.006754948543383948
13133.0,193.68599403,-0.006756747382863341
13134.0,193.64850884,-0.0067585462223427335
13135.0,193.61102365,-0.0067603450618221265
13136.0,193.57353845999998,-0.006762143901301519
13137.0,193.53605327,-0.006763942740780912
13138.0,193.49856807999998,-0.006765741580260304
13139.0,193.46108289,-0.006767365739696313
13140.0,193.4235977,-0.006768815219088937
13141.0,193.4235977,-0.006770264698481562
13142.0,193.4235977,-0.006771714177874187
13143.0,193.4235977,-0.006773163657266812
13144.0,193.4235977,-0.006774613136659436
13145.0,193.4235977,-0.006776062616052061
13146.0,193.4235977,-0.0067775120954446854
13147.0,193.4235977,-0.006778961574837311
13148.0,193.4235977,-0.006780411054229935
13149.0,193.4235977,-0.00678186053362256
13150.0,193.4235977,-0.006783310013015184
13151.0,193.38625724,-0.006784759492407809
13152.0,193.34891678,-0.006786208971800434
13153.0,193.31157632,-0.006787658451193059
13154.0,193.27423586,-0.006789107930585683
13155.0,193.23689539999998,-0.006790557409978308
13156.0,193.19955493999998,-0.0067920068893709325
13157.0,193.16221448,-0.006793456368763558
13158.0,193.12487402,-0.006794905848156182
13159.0,193.08753356,-0.006796355327548807
13160.0,193.0501931,-0.006797804806941431
13161.0,193.01299653,-0.0067992542863340565
13162.0,192.97579996,-0.006800703765726681
13163.0,192.93860339,-0.006802153245119306
13164.0,192.90140682,-0.00680360272451193
13165.0,192.86421024999999,-0.006805052203904555
13166.0,192.82701368,-0.00680650168329718
13167.0,192.78981711,-0.006807951162689805
13168.0,192.75262054,-0.006809400642082429
13169.0,192.71542397,-0.006810850121475054
13170.0,192.6782274,-0.0068122996008676785
13171.0,192.6782274,-0.006813749080260304
13172.0,192.6782274,-0.006815198559652928
13173.0,192.6782274,-0.006816648039045553
13174.0,192.6782274,-0.006818097518438177
13175.0,192.6782274,-0.0068195469978308025
13176.0,192.6782274,-0.006820996477223427
13177.0,192.6782274,-0.006822445956616052
13178.0,192.6782274,-0.006823895436008676
13179.0,192.6782274,-0.006825344915401301
13180.0,192.6782274,-0.006826794394793926
13181.0,192.64117389,-0.006828243874186551
13182.0,192.60412038,-0.006829693353579175
13183.0,192.56706687,-0.0068311428329718
13184.0,192.53001336,-0.0068325923123644244
13185.0,192.49295985,-0.006833927223427331
13186.0,192.45590634,-0.0068350902819956615
13187.0,192.41885283000002,-0.0068362533405639915
13188.0,192.38179932,-0.006837416399132321
13189.0,192.34474581,-0.006838579457700651
13190.0,192.3076923,-0.00683974251626898
13191.0,192.3076923,-0.00684090557483731
13192.0,192.3076923,-0.006842068633405639
13193.0,192.3076923,-0.006843231691973969
13194.0,192.3076923,-0.0068443947505422995
13195.0,192.3076923,-0.006845557809110629
13196.0,192.3076923,-0.006846720867678959
13197.0,192.3076923,-0.006847883926247288
13198.0,192.3076923,-0.006849046984815618
13199.0,192.3076923,-0.006850210043383948
13200.0,192.3076923,-0.006851373101952277
13201.0,192.27078104,-0.0068525361605206074
13202.0,192.23386978000002,-0.006853699219088937
13203.0,192.19695852,-0.006854862277657267
13204.0,192.16004726,-0.006856025336225597
13205.0,192.123136,-0.006857188394793926
13206.0,192.08622474,-0.006858351453362256
13207.0,192.04931348,-0.006859514511930585
13208.0,192.01240221999998,-0.006860677570498915
13209.0,191.97549096,-0.006861840629067245
13210.0,191.9385797,-0.006863003687635575
13211.0,191.90180985,-0.006864166746203905
13212.0,191.86504,-0.006865329804772234
13213.0,191.82827014999998,-0.006866492863340564
13214.0,191.7915003,-0.006867655921908893
13215.0,191.75473045,-0.006868818980477223
13216.0,191.7179606,-0.006869982039045553
13217.0,191.68119074999998,-0.006871145097613883
13218.0,191.6444209,-0.006872308156182213
13219.0,191.60765105000002,-0.006873471214750542
13220.0,191.5708812,-0.006874634273318872
13221.0,191.5708812,-0.006875797331887202
13222.0,191.5708812,-0.006876960390455531
13223.0,191.5708812,-0.006878123449023861
13224.0,191.5708812,-0.006879286507592191
13225.0,191.5708812,-0.006880449566160521
13226.0,191.5708812,-0.00688161262472885
13227.0,191.5708812,-0.00688277568329718
13228.0,191.5708812,-0.00688393874186551
13229.0,191.5708812,-0.006885101800433839
13230.0,191.5708812,-0.006886264859002169
13231.0,191.53425197,-0.0068873458958785255
13232.0,191.49762274,-0.006888235548806941
13233.0,191.46099351,-0.006889125201735358
13234.0,191.42436428,-0.0068900148546637745
13235.0,191.38773505,-0.006890904507592191
13236.0,191.35110582000002,-0.006891794160520608
13237.0,191.31447659,-0.006892683813449024
13238.0,191.27784736,-0.00689357346637744
13239.0,191.24121813,-0.006894463119305857
13240.0,191.2045889,-0.0068953527722342735
13241.0,191.16809948,-0.00689624242516269
13242.0,191.13161006,-0.006897132078091107
13243.0,191.09512064,-0.006898021731019523
13244.0,191.05863122,-0.00689891138394794
13245.0,191.02214179999999,-0.006899801036876356
13246.0,190.98565238,-0.0069006906898047725
13247.0,190.94916296,-0.006901580342733189
13248.0,190.91267354,-0.006902469995661606
13249.0,190.87618412,-0.006903359648590022
13250.0,190.8396947,-0.006904249301518439
13251.0,190.8396947,-0.006905138954446855
13252.0,190.8396947,-0.006906028607375271
13253.0,190.8396947,-0.006906918260303688
13254.0,190.8396947,-0.006907807913232105
13255.0,190.8396947,-0.006908697566160521
13256.0,190.8396947,-0.006909587219088938
13257.0,190.8396947,-0.006910476872017354
13258.0,190.8396947,-0.00691136652494577
13259.0,190.8396947,-0.006912256177874187
13260.0,190.8396947,-0.006913145830802604
13261.0,190.80334428,-0.00691403548373102
13262.0,190.76699385999999,-0.006914925136659437
13263.0,190.73064344,-0.006915814789587854
13264.0,190.69429302,-0.006916704442516269
13265.0,190.6579426,-0.006917594095444686
13266.0,190.62159218,-0.006918483748373103
13267.0,190.58524176,-0.006919373401301519
13268.0,190.54889134,-0.006920263054229936
13269.0,190.51254092,-0.006921152707158353
13270.0,190.4761905,-0.006922042360086768
13271.0,190.4761905,-0.006922932013015185
13272.0,190.4761905,-0.006923821665943602
13273.0,190.4761905,-0.006924711318872018
13274.0,190.4761905,-0.006925600971800435
13275.0,190.4761905,-0.0069264906247288515
13276.0,190.4761905,-0.006927380277657267
13277.0,190.4761905,-0.006928225665943602
13278.0,190.4761905,-0.006928893995661606
13279.0,190.4761905,-0.006929562325379611
13280.0,190.4761905,-0.006930230655097615
13281.0,190.43997829,-0.006930898984815619
13282.0,190.40376608,-0.0069315673145336236
13283.0,190.36755387,-0.006932235644251628
13284.0,190.33134166,-0.006932903973969632
13285.0,190.29512945,-0.0069335723036876365
13286.0,190.25891724000002,-0.006934240633405641
13287.0,190.22270503000001,-0.006934908963123645
13288.0,190.18649282,-0.006935577292841649
13289.0,190.15028061,-0.006936245622559654
13290.0,190.1140684,-0.006936913952277658
13291.0,190.1140684,-0.006937582281995662
13292.0,190.1140684,-0.006938250611713667
13293.0,190.1140684,-0.006938918941431671
13294.0,190.1140684,-0.006939587271149675
13295.0,190.1140684,-0.00694025560086768
13296.0,190.1140684,-0.006940923930585684
13297.0,190.1140684,-0.006941592260303688
13298.0,190.1140684,-0.0069422605900216925
13299.0,190.1140684,-0.006942928919739697
13300.0,190.1140684,-0.006943597249457701
13301.0,190.07799363,-0.0069442655791757055
13302.0,190.04191886,-0.00694493390889371
13303.0,190.00584409,-0.006945602238611714
13304.0,189.96976932,-0.006946270568329718
13305.0,189.93369454999998,-0.006946938898047723
13306.0,189.89761977999999,-0.006947607227765727
13307.0,189.86154501,-0.006948275557483731
13308.0,189.82547024,-0.006948943887201736
13309.0,189.78939547,-0.00694961221691974
13310.0,189.7533207,-0.006950280546637744
13311.0,189.7533207,-0.006950948876355749
13312.0,189.7533207,-0.006951617206073753
13313.0,189.7533207,-0.006952285535791758
13314.0,189.7533207,-0.006952953865509762
13315.0,189.7533207,-0.006953622195227767
13316.0,189.7533207,-0.006954290524945771
13317.0,189.7533207,-0.006954958854663775
13318.0,189.7533207,-0.00695562718438178
13319.0,189.7533207,-0.006956295514099784
13320.0,189.7533207,-0.006956963843817788
13321.0,189.71738256999998,-0.0069576321735357926
13322.0,189.68144443999998,-0.006958300503253797
13323.0,189.64550631,-0.006958956463123645
13324.0,189.60956818,-0.006959501094360087
13325.0,189.57363005,-0.00696004572559653
13326.0,189.53769192,-0.006960590356832972
13327.0,189.50175378999998,-0.006961134988069414
13328.0,189.46581566,-0.006961679619305858
13329.0,189.42987753,-0.0069622242505423
13330.0,189.3939394,-0.006962768881778742
13331.0,189.35813714,-0.006963313513015185
13332.0,189.32233488,-0.006963858144251627
13333.0,189.28653262,-0.00696440277548807
13334.0,189.25073036,-0.0069649474067245126
13335.0,189.2149281,-0.006965492037960955
13336.0,189.17912583999998,-0.006966036669197397
13337.0,189.14332358,-0.00696658130043384
13338.0,189.10752132,-0.006967125931670282
13339.0,189.07171906,-0.006967670562906725
13340.0,189.0359168,-0.0069682151941431675
13341.0,189.00024965,-0.00696875982537961
13342.0,188.9645825,-0.006969304456616052
13343.0,188.92891534999998,-0.0069698490878524946
13344.0,188.8932482,-0.006970393719088938
13345.0,188.85758105,-0.00697093835032538
13346.0,188.8219139,-0.0069714829815618225
13347.0,188.78624675,-0.006972027612798265
13348.0,188.75057959999998,-0.006972572244034707
13349.0,188.71491244999999,-0.0069731168752711495
13350.0,188.6792453,-0.006973661506507593
13351.0,188.60831324999998,-0.006974206137744035
13352.0,188.5373812,-0.006974750768980477
13353.0,188.46644915,-0.00697529540021692
13354.0,188.3955171,-0.006975840031453362
13355.0,188.32458505,-0.0069763846626898045
13356.0,188.25365299999999,-0.006976929293926248
13357.0,188.18272095,-0.00697747392516269
13358.0,188.1117889,-0.006978018556399132
13359.0,188.04085685,-0.006978563187635575
13360.0,187.9699248,-0.006979107818872017
13361.0,187.9699248,-0.00697965245010846
13362.0,187.9699248,-0.006980197081344903
13363.0,187.9699248,-0.006980741712581345
13364.0,187.9699248,-0.006981286343817787
13365.0,187.9699248,-0.00698183097505423
13366.0,187.9699248,-0.006982375606290672
13367.0,187.9699248,-0.006982920237527115
13368.0,187.9699248,-0.006983464868763558
13369.0,187.9699248,-0.0069840095
13370.0,187.9699248,-0.006984454326464208
13371.0,187.9346584,-0.006984899152928417
13372.0,187.899392,-0.006985343979392625
13373.0,187.8641256,-0.006985788805856833
13374.0,187.8288592,-0.0069862336323210416
13375.0,187.7935928,-0.006986678458785249
13376.0,187.7583264,-0.006987123285249457
13377.0,187.72306,-0.006987568111713666
13378.0,187.6877936,-0.006988012938177874
13379.0,187.6525272,-0.006988457764642082
13380.0,187.6172608,-0.006988902591106291
13381.0,187.58212648,-0.006989347417570499
13382.0,187.54699216,-0.006989792244034707
13383.0,187.51185784,-0.006990237070498916
13384.0,187.47672352,-0.006990681896963124
13385.0,187.4415892,-0.006991126723427331
13386.0,187.40645487999998,-0.00699157154989154
13387.0,187.37132056,-0.006992016376355748
13388.0,187.33618624,-0.006992461202819956
13389.0,187.30105192,-0.006992906029284165
13390.0,187.2659176,-0.006993350855748373
13391.0,187.23091463,-0.006993795682212581
13392.0,187.19591166,-0.00699424050867679
13393.0,187.16090868999999,-0.006994685335140998
13394.0,187.12590572,-0.006995130161605206
13395.0,187.09090275,-0.006995574988069414
13396.0,187.05589978,-0.006996019814533622
13397.0,187.02089681,-0.00699646464099783
13398.0,186.98589384,-0.006996909467462039
13399.0,186.95089087,-0.006997354293926247
13400.0,186.9158879,-0.006997799120390455
13401.0,186.88101553,-0.006998243946854664
13402.0,186.84614316,-0.006998688773318872
13403.0,186.81127079,-0.00699913359978308
13404.0,186.77639842,-0.0069995784262472886
13405.0,186.74152605,-0.007000023252711496
13406.0,186.70665368000002,-0.007000468079175704
13407.0,186.67178131,-0.007000912905639913
13408.0,186.63690894,-0.007001357732104121
13409.0,186.60203657,-0.007001802558568329
13410.0,186.5671642,-0.007002247385032538
13411.0,186.53242171,-0.007002692211496746
13412.0,186.49767922,-0.007003137037960954
13413.0,186.46293673,-0.007003581864425163
13414.0,186.42819424,-0.007004026690889371
13415.0,186.39345175,-0.007004471517353578
13416.0,186.35870925999998,-0.007004836280911062
13417.0,186.32396677,-0.007005192148590021
13418.0,186.28922427999998,-0.00700554801626898
13419.0,186.25448179,-0.007005903883947939
13420.0,186.2197393,-0.007006259751626898
13421.0,186.18512596,-0.0070066156193058565
13422.0,186.15051262,-0.007006971486984815
13423.0,186.11589927999998,-0.007007327354663774
13424.0,186.08128594,-0.0070076832223427326
13425.0,186.0466726,-0.007008039090021691
13426.0,186.01205926,-0.00700839495770065
13427.0,185.97744592,-0.0070087508253796095
13428.0,185.94283258,-0.007009106693058568
13429.0,185.90821924,-0.007009462560737527
13430.0,185.8736059,-0.007009818428416486
13431.0,185.83912101,-0.007010174296095444
13432.0,185.80463612,-0.007010530163774403
13433.0,185.77015123,-0.007010886031453362
13434.0,185.73566634,-0.00701124189913232
13435.0,185.70118145,-0.00701159776681128
13436.0,185.66669656000002,-0.007011953634490239
13437.0,185.63221167,-0.007012309502169197
13438.0,185.59772678000002,-0.007012665369848156
13439.0,185.56324189,-0.007013021237527115
13440.0,185.528757,-0.007013377105206073
13441.0,185.49439982,-0.007013732972885032
13442.0,185.46004264,-0.007014088840563991
13443.0,185.42568546,-0.007014444708242949
13444.0,185.39132828,-0.007014800575921909
13445.0,185.3569711,-0.007015156443600868
13446.0,185.32261392,-0.007015512311279826
13447.0,185.28825674,-0.007015868178958785
13448.0,185.25389956,-0.007016224046637744
13449.0,185.21954238,-0.007016579914316702
13450.0,185.1851852,-0.007016935781995661
13451.0,185.15095503,-0.00701729164967462
13452.0,185.11672486,-0.0070176475173535785
13453.0,185.08249469,-0.007018003385032538
13454.0,185.04826452,-0.007018359252711497
13455.0,185.01403435,-0.0070187151203904554
13456.0,184.97980418,-0.007019070988069414
13457.0,184.94557401,-0.007019426855748373
13458.0,184.91134384,-0.0070197827234273315
13459.0,184.87711367,-0.00702013859110629
13460.0,184.8428835,-0.007020494458785249
13461.0,184.77480141,-0.007020850326464208
13462.0,184.70671932,-0.007021145430585683
13463.0,184.63863723,-0.007021425343817787
13464.0,184.57055514,-0.007021705257049891
13465.0,184.50247305,-0.007021985170281996
13466.0,184.43439096,-0.0070222650835141
13467.0,184.36630887,-0.007022544996746204
13468.0,184.29822678000002,-0.0070228249099783075
13469.0,184.23014469,-0.007023104823210412
13470.0,184.1620626,-0.007023384736442516
13471.0,184.1620626,-0.00702366464967462
13472.0,184.1620626,-0.0070239445629067246
13473.0,184.1620626,-0.007024224476138829
13474.0,184.1620626,-0.007024504389370933
13475.0,184.1620626,-0.007024784302603037
13476.0,184.1620626,-0.007025064215835141
13477.0,184.1620626,-0.007025344129067245
13478.0,184.1620626,-0.007025624042299349
13479.0,184.1620626,-0.0070259039555314535
13480.0,184.1620626,-0.007026183868763558
13481.0,184.23014469,-0.007026463781995662
13482.0,184.29822678000002,-0.007026743695227766
13483.0,184.36630887,-0.00702702360845987
13484.0,184.43439096,-0.007027303521691974
13485.0,184.50247305,-0.007027583434924078
13486.0,184.57055514,-0.007027863348156182
13487.0,184.63863723,-0.007028143261388287
13488.0,184.70671932,-0.007028423174620391
13489.0,184.77480141,-0.007028703087852495
13490.0,184.8428835,-0.0070289830010845985
13491.0,184.77480141,-0.007029262914316703
13492.0,184.70671932,-0.007029542827548807
13493.0,184.63863723,-0.007029822740780911
13494.0,184.57055514,-0.0070301026540130155
13495.0,184.50247305,-0.00703038256724512
13496.0,184.43439096,-0.007030662480477224
13497.0,184.36630887,-0.007030942393709328
13498.0,184.29822678000002,-0.007031222306941432
13499.0,184.23014469,-0.007031502220173536
13500.0,184.1620626,-0.00703178213340564
13501.0,184.12820928000002,-0.007032062046637744
13502.0,184.09435596,-0.007032341959869849
13503.0,184.06050264,-0.007032621873101953
13504.0,184.02664932000002,-0.007032901786334057
13505.0,183.992796,-0.0070331816995661605
13506.0,183.95894268,-0.007033461612798265
13507.0,183.92508936000002,-0.007033741526030369
13508.0,183.89123604000002,-0.007033968278741866
13509.0,183.85738272,-0.0070341722483731025
13510.0,183.8235294,-0.007034376218004339
13511.0,183.89136096000001,-0.007034580187635575
13512.0,183.95919252000002,-0.007034784157266811
13513.0,184.02702408000002,-0.007034988126898048
13514.0,184.09485564000002,-0.007035192096529285
13515.0,184.1626872,-0.007035396066160521
13516.0,184.23051876,-0.007035600035791757
13517.0,184.29835032,-0.007035804005422993
13518.0,184.36618188,-0.0070360079750542304
13519.0,184.43401344,-0.007036211944685467
13520.0,184.501845,-0.007036415914316703
13521.0,184.40028435,-0.007036619883947939
13522.0,184.2987237,-0.007036823853579175
13523.0,184.19716305,-0.0070370278232104125
13524.0,184.09560240000002,-0.007037231792841649
13525.0,183.99404175,-0.007037435762472885
13526.0,183.8924811,-0.007037639732104121
13527.0,183.79092045000002,-0.0070378437017353575
13528.0,183.6893598,-0.007038047671366595
13529.0,183.58779915000002,-0.007038251640997831
13530.0,183.4862385,-0.007038455610629067
13531.0,183.4191503,-0.007038659580260303
13532.0,183.3520621,-0.00703886354989154
13533.0,183.2849739,-0.007039067519522776
13534.0,183.2178857,-0.007039271489154013
13535.0,183.1507975,-0.007039475458785249
13536.0,183.0837093,-0.0070396794284164855
13537.0,183.0166211,-0.007039883398047722
13538.0,182.9495329,-0.007040087367678958
13539.0,182.8824447,-0.007040291337310195
13540.0,182.8153565,-0.007040495306941431
13541.0,182.7487571,-0.007040699276572668
13542.0,182.6821577,-0.007040903246203904
13543.0,182.6155583,-0.00704110721583514
13544.0,182.5489589,-0.007041311185466377
13545.0,182.4823595,-0.0070415151550976135
13546.0,182.4157601,-0.00704171912472885
13547.0,182.3491607,-0.007041923094360086
13548.0,182.2825613,-0.007042127063991322
13549.0,182.2159619,-0.007042331033622559
13550.0,182.1493625,-0.007042535003253796
13551.0,182.11624443,-0.007042738972885032
13552.0,182.08312636,-0.007042942942516268
13553.0,182.05000829,-0.007043146912147504
13554.0,182.01689022,-0.007043317029284164
13555.0,181.98377215,-0.0070434645780911055
13556.0,181.95065408,-0.007043612126898047
13557.0,181.91753601,-0.007043759675704989
13558.0,181.88441794,-0.00704390722451193
13559.0,181.85129987,-0.007044054773318872
13560.0,181.8181818,-0.007044202322125812
13561.0,181.75230564999998,-0.007044349870932754
13562.0,181.6864295,-0.0070444974197396955
13563.0,181.62055335,-0.007044644968546637
13564.0,181.5546772,-0.007044792517353579
13565.0,181.48880105,-0.00704494006616052
13566.0,181.4229249,-0.007045087614967462
13567.0,181.35704875,-0.007045235163774402
13568.0,181.29117259999998,-0.007045382712581344
13569.0,181.22529645,-0.0070455302613882855
13570.0,181.1594203,-0.007045677810195227
13571.0,181.12666091,-0.007045825359002169
13572.0,181.09390152,-0.00704597290780911
13573.0,181.06114213,-0.007046120456616052
13574.0,181.02838274,-0.007046268005422992
13575.0,180.99562335000002,-0.007046415554229934
13576.0,180.96286396,-0.0070465631030368755
13577.0,180.93010457,-0.007046710651843817
13578.0,180.89734518,-0.007046858200650759
13579.0,180.86458579,-0.0070470057494577
13580.0,180.8318264,-0.007047153298264642
13581.0,180.76666178000002,-0.007047300847071583
13582.0,180.70149716,-0.007047448395878524
13583.0,180.63633254,-0.0070475959446854655
13584.0,180.57116792,-0.007047743493492407
13585.0,180.5060033,-0.007047891042299349
13586.0,180.44083868,-0.00704803859110629
13587.0,180.37567406,-0.007048186139913232
13588.0,180.31050944,-0.007048333688720173
13589.0,180.24534481999999,-0.007048481237527114
13590.0,180.1801802,-0.0070486287863340555
13591.0,180.11548353999999,-0.007048776335140997
13592.0,180.05078688,-0.007048923883947939
13593.0,179.98609022,-0.00704907143275488
13594.0,179.92139356,-0.007049218981561822
13595.0,179.8566969,-0.007049366530368763
13596.0,179.79200024,-0.007049514079175704
13597.0,179.72730358,-0.0070496616279826455
13598.0,179.66260692,-0.007049809176789587
13599.0,179.59791026000002,-0.007049956725596529
13600.0,179.5332136,-0.0070500988514099775
13601.0,179.50103919,-0.007050235554229935
13602.0,179.46886478000002,-0.007050372257049891
13603.0,179.43669037,-0.007050508959869847
13604.0,179.40451596,-0.007050645662689804
13605.0,179.37234155,-0.007050782365509761
13606.0,179.34016714,-0.007050919068329718
13607.0,179.30799273,-0.007051055771149674
13608.0,179.27581831999998,-0.0070511924739696304
13609.0,179.24364391,-0.007051329176789588
13610.0,179.2114695,-0.007051465879609544
13611.0,179.14746541,-0.007051602582429501
13612.0,179.08346132,-0.007051739285249457
13613.0,179.01945723,-0.007051875988069414
13614.0,178.95545314,-0.007052012690889371
13615.0,178.89144905,-0.007052149393709327
13616.0,178.82744495999998,-0.007052286096529283
13617.0,178.76344086999998,-0.0070524227993492405
13618.0,178.69943677999998,-0.007052559502169197
13619.0,178.63543269,-0.007052696204989154
13620.0,178.5714286,-0.00705283290780911
13621.0,178.53959767999999,-0.0070529696106290665
13622.0,178.50776675999998,-0.007053106313449024
13623.0,178.47593584,-0.00705324301626898
13624.0,178.44410492,-0.007053379719088937
13625.0,178.412274,-0.007053516421908893
13626.0,178.38044308,-0.00705365312472885
13627.0,178.34861216,-0.007053789827548807
13628.0,178.31678124,-0.007053926530368763
13629.0,178.28495032,-0.00705406323318872
13630.0,178.2531194,-0.0070541999360086765
13631.0,178.22140177,-0.007054336638828633
13632.0,178.18968414,-0.00705447334164859
13633.0,178.15796651,-0.007054610044468546
13634.0,178.12624888,-0.007054746747288503
13635.0,178.09453125,-0.00705488345010846
13636.0,178.06281362000001,-0.007055020152928416
13637.0,178.03109599,-0.007055156855748373
13638.0,177.99937836,-0.007055293558568329
13639.0,177.96766073,-0.007055430261388287
13640.0,177.9359431,-0.007055566964208243
13641.0,177.90433813,-0.007055703667028199
13642.0,177.87273316,-0.007055840369848156
13643.0,177.84112819,-0.007055977072668113
13644.0,177.80952322,-0.00705611377548807
13645.0,177.77791825,-0.007056250478308026
13646.0,177.74631328,-0.007056398465292842
13647.0,177.71470831,-0.007056563378524946
13648.0,177.68310334,-0.00705672829175705
13649.0,177.65149836999998,-0.007056893204989154
13650.0,177.6198934,-0.007057058118221258
13651.0,177.58840050999999,-0.007057223031453362
13652.0,177.55690762,-0.007057387944685466
13653.0,177.52541473,-0.00705755285791757
13654.0,177.49392184,-0.007057717771149674
13655.0,177.46242895,-0.007057882684381778
13656.0,177.43093606,-0.0070580475976138824
13657.0,177.39944317,-0.007058212510845987
13658.0,177.36795028,-0.0070583774240780914
13659.0,177.33645739000002,-0.0070585423373101955
13660.0,177.3049645,-0.0070587072505423
13661.0,177.27358309000002,-0.007058872163774404
13662.0,177.24220168000002,-0.007059037077006508
13663.0,177.21082027,-0.007059201990238612
13664.0,177.17943886,-0.007059366903470716
13665.0,177.14805745,-0.00705953181670282
13666.0,177.11667604000002,-0.007059696729934924
13667.0,177.08529463000002,-0.007059861643167028
13668.0,177.05391322,-0.007060026556399132
13669.0,177.02253181,-0.007060191469631236
13670.0,176.9911504,-0.00706035638286334
13671.0,176.95987988000002,-0.007060521296095445
13672.0,176.92860936,-0.007060686209327549
13673.0,176.89733884,-0.007060851122559653
13674.0,176.86606832,-0.007061016035791757
13675.0,176.8347978,-0.0070611809490238615
13676.0,176.80352728,-0.0070613458622559655
13677.0,176.77225676,-0.00706151077548807
13678.0,176.74098624,-0.007061675688720174
13679.0,176.70971572,-0.007061840601952278
13680.0,176.6784452,-0.007062005515184382
13681.0,176.64728498,-0.007062170428416486
13682.0,176.61612476,-0.00706233534164859
13683.0,176.58496454,-0.007062500254880694
13684.0,176.55380431999998,-0.007062665168112798
13685.0,176.52264409999998,-0.007062830081344902
13686.0,176.49148388,-0.007062994994577007
13687.0,176.46032366,-0.007063159907809111
13688.0,176.42916344,-0.007063324821041215
13689.0,176.39800322,-0.007063489734273319
13690.0,176.366843,-0.007063654647505423
13691.0,176.3357925,-0.007063819560737527
13692.0,176.304742,-0.007063987727765727
13693.0,176.27369149999998,-0.007064163486984816
13694.0,176.242641,-0.007064339246203905
13695.0,176.2115905,-0.007064515005422994
13696.0,176.18054,-0.0070646907646420825
13697.0,176.14948950000002,-0.007064866523861172
13698.0,176.118439,-0.00706504228308026
13699.0,176.0873885,-0.00706521804229935
13700.0,176.056338,-0.007065393801518438
13701.0,176.02539664,-0.0070655695607375274
13702.0,175.99445528,-0.007065745319956617
13703.0,175.96351392000003,-0.007065921079175705
13704.0,175.93257256,-0.007066096838394795
13705.0,175.9016312,-0.007066272597613883
13706.0,175.87068984,-0.007066448356832972
13707.0,175.83974848000003,-0.007066624116052061
13708.0,175.80880712,-0.00706679987527115
13709.0,175.77786576,-0.007066975634490239
13710.0,175.7469244,-0.007067151393709328
13711.0,175.71609161,-0.0070673271529284164
13712.0,175.68525882,-0.007067502912147506
13713.0,175.65442603,-0.007067678671366595
13714.0,175.62359324,-0.007067854430585684
13715.0,175.59276045000001,-0.007068030189804773
13716.0,175.56192766,-0.007068205949023861
13717.0,175.53109487,-0.007068381708242951
13718.0,175.50026208,-0.007068557467462039
13719.0,175.46942929,-0.0070687332266811285
13720.0,175.4385965,-0.007068908985900217
13721.0,175.4078717,-0.007069084745119306
13722.0,175.37714689999999,-0.007069260504338395
13723.0,175.34642209999998,-0.007069436263557484
13724.0,175.31569729999998,-0.0070696120227765735
13725.0,175.28497249999998,-0.007069787781995662
13726.0,175.2542477,-0.007069963541214751
13727.0,175.2235229,-0.00707013930043384
13728.0,175.1927981,-0.007070315059652929
13729.0,175.1620733,-0.0070704908188720175
13730.0,175.1313485,-0.007070666578091107
13731.0,175.10073113,-0.007070842337310195
13732.0,175.07011376,-0.007071018096529285
13733.0,175.03949639,-0.007071193855748374
13734.0,175.00887902,-0.0070713696149674625
13735.0,174.97826165,-0.007071545374186552
13736.0,174.94764428000002,-0.00707172113340564
13737.0,174.91702691,-0.00707189689262473
13738.0,174.88640954000002,-0.0070720765585683305
13739.0,174.85579217,-0.007072271851409979
13740.0,174.8251748,-0.007072467144251628
13741.0,174.79466430000002,-0.007072662437093276
13742.0,174.7641538,-0.007072857729934924
13743.0,174.7336433,-0.007073053022776573
13744.0,174.7031328,-0.0070732483156182215
13745.0,174.6726223,-0.007073443608459871
13746.0,174.6421118,-0.007073638901301519
13747.0,174.6116013,-0.007073834194143167
13748.0,174.5810908,-0.007074029486984816
13749.0,174.55058029999998,-0.007074224779826464
13750.0,174.5200698,-0.007074420072668113
13751.0,174.48966560999997,-0.007074615365509762
13752.0,174.45926142,-0.007074810658351411
13753.0,174.42885723,-0.007075005951193059
13754.0,174.39845304,-0.007075201244034707
13755.0,174.36804884999998,-0.007075396536876356
13756.0,174.33764466,-0.007075591829718004
13757.0,174.30724047,-0.0070757871225596534
13758.0,174.27683628,-0.007075982415401302
13759.0,174.24643208999998,-0.007076177708242951
13760.0,174.2160279,-0.007076373001084599
13761.0,174.18572946,-0.007076568293926247
13762.0,174.15543102,-0.007076763586767896
13763.0,174.12513257999998,-0.0070769588796095444
13764.0,174.09483414,-0.0070771541724511935
13765.0,174.0645357,-0.007077349465292842
13766.0,174.03423726,-0.007077544758134491
13767.0,174.00393882,-0.007077740050976139
13768.0,173.97364037999998,-0.007077935343817787
13769.0,173.94334193999998,-0.007078130636659436
13770.0,173.9130435,-0.0070783259295010845
13771.0,173.88285026,-0.007078521222342734
13772.0,173.85265701999998,-0.007078716515184382
13773.0,173.82246378,-0.007078911808026031
13774.0,173.79227053999998,-0.007079107100867679
13775.0,173.7620773,-0.007079302393709327
13776.0,173.73188406,-0.007079497686550976
13777.0,173.70169081999998,-0.007079692979392625
13778.0,173.67149758,-0.007079888272234274
13779.0,173.64130433999998,-0.007080083565075922
13780.0,173.6111111,-0.007080278857917571
13781.0,173.58102251999998,-0.007080474150759219
13782.0,173.55093394,-0.007080669443600867
13783.0,173.52084536,-0.007080864736442516
13784.0,173.49075678,-0.007081062198481562
13785.0,173.4606682,-0.00708127918329718
13786.0,173.43057962,-0.0070814961681127985
13787.0,173.40049104000002,-0.007081713152928416
13788.0,173.37040246,-0.007081930137744035
13789.0,173.34031388,-0.007082147122559653
13790.0,173.3102253,-0.007082364107375272
13791.0,173.28024083000003,-0.00708258109219089
13792.0,173.25025636,-0.0070827980770065075
13793.0,173.22027189,-0.007083015061822126
13794.0,173.19028742,-0.007083232046637744
13795.0,173.16030295000002,-0.007083449031453363
13796.0,173.13031848,-0.007083666016268981
13797.0,173.10033400999998,-0.007083883001084599
13798.0,173.07034954,-0.007084099985900217
13799.0,173.04036507,-0.007084316970715835
13800.0,173.0103806,-0.007084533955531454
13801.0,172.98049971,-0.007084750940347072
13802.0,172.95061882,-0.00708496792516269
13803.0,172.92073793,-0.007085184909978308
13804.0,172.89085704,-0.007085401894793926
13805.0,172.86097615,-0.007085618879609545
13806.0,172.83109526,-0.007085835864425163
13807.0,172.80121437,-0.007086052849240782
13808.0,172.77133348,-0.0070862698340563995
13809.0,172.74145259,-0.007086486818872017
13810.0,172.7115717,-0.007086703803687636
13811.0,172.68179384,-0.007086920788503254
13812.0,172.65201598000002,-0.007087137773318873
13813.0,172.62223812,-0.007087354758134491
13814.0,172.59246026,-0.0070875717429501085
13815.0,172.5626824,-0.007087788727765727
13816.0,172.53290454,-0.007088005712581345
13817.0,172.50312668,-0.007088222697396964
13818.0,172.47334881999998,-0.007088439682212582
13819.0,172.44357096,-0.0070886566670282
13820.0,172.4137931,-0.007088873651843818
13821.0,172.38411775,-0.007089090636659436
13822.0,172.35444239999998,-0.007089307621475055
13823.0,172.32476705,-0.007089524606290673
13824.0,172.2950917,-0.007089741591106292
13825.0,172.26541635,-0.0070899585759219095
13826.0,172.235741,-0.007090175560737527
13827.0,172.20606565,-0.007090392545553146
13828.0,172.1763903,-0.007090609530368764
13829.0,172.14671495,-0.007090826515184383
13830.0,172.1170396,-0.007091043500000001
13831.0,172.08746622,-0.007091260495661606
13832.0,172.05789284,-0.007091477491323211
13833.0,172.02831946,-0.007091694486984816
13834.0,171.99874608,-0.007091911482646421
13835.0,171.9691727,-0.0070921284783080265
13836.0,171.93959932,-0.007092345473969632
13837.0,171.91002594,-0.007092562469631237
13838.0,171.88045256,-0.007092779465292842
13839.0,171.85087918,-0.007092996460954447
13840.0,171.8213058,-0.007093213456616052
13841.0,171.76246289,-0.0070934304522776576
13842.0,171.70361998,-0.007093647447939263
13843.0,171.64477707,-0.007093864443600868
13844.0,171.58593416,-0.007094081439262473
13845.0,171.52709125,-0.007094298434924078
13846.0,171.46824834,-0.0070945154305856835
13847.0,171.40940543,-0.007094732426247289
13848.0,171.35056251999998,-0.007094949421908894
13849.0,171.29171961,-0.007095166417570499
13850.0,171.2328767,-0.007095383413232104
13851.0,171.20360612,-0.007095600408893709
13852.0,171.17433554,-0.0070958174045553145
13853.0,171.14506495999998,-0.00709603440021692
13854.0,171.11579437999998,-0.007096251395878525
13855.0,171.0865238,-0.00709646839154013
13856.0,171.05725322,-0.007096685387201735
13857.0,171.02798264,-0.00709690238286334
13858.0,170.99871206,-0.007097119378524946
13859.0,170.96944148,-0.007097336374186552
13860.0,170.9401709,-0.007097553369848157
13861.0,170.9401709,-0.007097770365509762
13862.0,170.9401709,-0.007097987361171367
13863.0,170.9401709,-0.007098204356832972
13864.0,170.9401709,-0.0070984213524945775
13865.0,170.9401709,-0.007098638348156183
13866.0,170.9401709,-0.007098855343817788
13867.0,170.9401709,-0.007099072339479393
13868.0,170.9401709,-0.007099289335140998
13869.0,170.9401709,-0.007099506330802603
13870.0,170.9401709,-0.007099723326464209
13871.0,170.88192894,-0.007099940322125814
13872.0,170.82368698,-0.007100157317787419
13873.0,170.76544502,-0.007100374313449024
13874.0,170.70720305999998,-0.007100591309110629
13875.0,170.6489611,-0.0071008083047722345
13876.0,170.59071914,-0.00710102530043384
13877.0,170.53247718,-0.007101252047722342
13878.0,170.47423522,-0.0071014798785249455
13879.0,170.41599326,-0.007101707709327549
13880.0,170.3577513,-0.007101935540130152
13881.0,170.32877889,-0.007102163370932755
13882.0,170.29980648,-0.007102391201735358
13883.0,170.27083406999998,-0.007102619032537961
13884.0,170.24186165999998,-0.007102846863340564
13885.0,170.21288925,-0.007103074694143167
13886.0,170.18391684,-0.00710330252494577
13887.0,170.15494443,-0.007103530355748373
13888.0,170.12597201999998,-0.007103758186550976
13889.0,170.09699960999998,-0.007103986017353579
13890.0,170.0680272,-0.007104213848156182
13891.0,170.03915317,-0.007104441678958785
13892.0,170.01027914,-0.007104669509761388
13893.0,169.98140511,-0.007104897340563991
13894.0,169.95253108,-0.007105125171366594
13895.0,169.92365704999997,-0.007105353002169197
13896.0,169.89478301999998,-0.0071055808329718
13897.0,169.86590898999998,-0.007105808663774403
13898.0,169.83703495999998,-0.0071060364945770066
13899.0,169.80816092999999,-0.007106264325379609
13900.0,169.7792869,-0.007106492156182212
13901.0,169.75051075,-0.007106719986984815
13902.0,169.7217346,-0.007106947817787418
13903.0,169.69295845,-0.007107175648590021
13904.0,169.6641823,-0.0071074034793926245
13905.0,169.63540615,-0.007107631310195228
13906.0,169.60663,-0.00710785914099783
13907.0,169.57785385,-0.007108086971800433
13908.0,169.5490777,-0.007108314802603036
13909.0,169.52030155,-0.007108542633405639
13910.0,169.4915254,-0.0071087704642082425
13911.0,169.46284663,-0.007108998295010846
13912.0,169.43416786,-0.007109226125813449
13913.0,169.40548909,-0.007109453956616051
13914.0,169.37681032,-0.007109681787418654
13915.0,169.34813155,-0.007109909618221257
13916.0,169.31945278,-0.0071101374490238605
13917.0,169.29077401,-0.007110365279826464
13918.0,169.26209524,-0.007110593110629067
13919.0,169.23341647,-0.00711082094143167
13920.0,169.2047377,-0.007111048772234273
13921.0,169.17615582000002,-0.007111276603036875
13922.0,169.14757394,-0.0071115044338394785
13923.0,169.11899206,-0.007111730537960954
13924.0,169.09041018,-0.007111956210412147
13925.0,169.0618283,-0.00711218188286334
13926.0,169.03324642,-0.007112407555314533
13927.0,169.00466454,-0.007112633227765726
13928.0,168.97608266,-0.007112858900216919
13929.0,168.94750077999998,-0.007113084572668112
13930.0,168.9189189,-0.007113310245119305
13931.0,168.89043342,-0.007113535917570499
13932.0,168.86194794,-0.007113761590021692
13933.0,168.83346246,-0.007113987262472884
13934.0,168.80497698,-0.007114212934924077
13935.0,168.7764915,-0.007114438607375271
13936.0,168.74800602,-0.007114664279826464
13937.0,168.71952054,-0.007114889952277657
13938.0,168.69103506,-0.00711511562472885
13939.0,168.66254958,-0.0071153412971800434
13940.0,168.6340641,-0.007115566969631236
13941.0,168.60567453,-0.007115792642082429
13942.0,168.57728496,-0.007116018314533622
13943.0,168.54889538999998,-0.0071162439869848155
13944.0,168.52050581999998,-0.007116469659436009
13945.0,168.49211624999998,-0.007116695331887202
13946.0,168.46372668,-0.007116921004338394
13947.0,168.43533711,-0.0071171466767895875
13948.0,168.40694754,-0.007117372349240781
13949.0,168.37855797,-0.007117598021691974
13950.0,168.3501684,-0.007117823694143167
13951.0,168.32187425,-0.00711804936659436
13952.0,168.2935801,-0.007118275039045553
13953.0,168.26528595,-0.007118500711496746
13954.0,168.2369918,-0.007118726383947939
13955.0,168.20869765,-0.007118952056399132
13956.0,168.1804035,-0.0071191777288503255
13957.0,168.15210935000002,-0.007119403401301519
13958.0,168.1238152,-0.007119629073752711
13959.0,168.09552105,-0.007119854746203904
13960.0,168.0672269,-0.0071200804186550976
13961.0,168.03902770000002,-0.007120306091106291
13962.0,168.0108285,-0.007120531763557484
13963.0,167.9826293,-0.007120757436008677
13964.0,167.9544301,-0.0071209831084598696
13965.0,167.9262309,-0.007121208780911063
13966.0,167.89803170000002,-0.007121434453362256
13967.0,167.8698325,-0.007121660125813449
13968.0,167.8416333,-0.007121885798264642
13969.0,167.8134341,-0.007122125136659436
13970.0,167.7852349,-0.007122370331887202
13971.0,167.75713017,-0.007122615527114968
13972.0,167.72902544000002,-0.007122860722342733
13973.0,167.70092071,-0.007123105917570499
13974.0,167.67281598,-0.007123351112798265
13975.0,167.64471125,-0.00712359630802603
13976.0,167.61660652,-0.007123841503253796
13977.0,167.58850179,-0.007124086698481562
13978.0,167.56039705999999,-0.007124331893709327
13979.0,167.53229233,-0.007124577088937094
13980.0,167.5041876,-0.0071248222841648595
13981.0,167.5041876,-0.007125067479392625
13982.0,167.5041876,-0.007125312674620391
13983.0,167.5041876,-0.007125557869848156
13984.0,167.5041876,-0.007125803065075922
13985.0,167.5041876,-0.007126048260303688
13986.0,167.5041876,-0.007126293455531453
13987.0,167.5041876,-0.007126538650759219
13988.0,167.5041876,-0.007126783845986985
13989.0,167.5041876,-0.00712702904121475
13990.0,167.5041876,-0.007127274236442516
13991.0,167.47617687,-0.007127519431670282
13992.0,167.44816613999998,-0.007127764626898047
13993.0,167.42015541,-0.007128009822125813
13994.0,167.39214468,-0.0071282550173535795
13995.0,167.36413395,-0.007128500212581345
13996.0,167.33612322,-0.007128745407809111
13997.0,167.30811248999998,-0.0071289906030368765
13998.0,167.28010176,-0.007129235798264642
13999.0,167.25209103,-0.007129480993492408
14000.0,167.2240803,-0.0071297261887201735
14001.0,167.19616309,-0.007129971383947939
14002.0,167.16824588,-0.007130216579175705
14003.0,167.14032867,-0.00713046177440347
14004.0,167.11241146,-0.007130706969631236
14005.0,167.08449424999998,-0.007130952164859002
14006.0,167.05657703999998,-0.007131197360086767
14007.0,167.02865982999998,-0.007131442555314533
14008.0,167.00074261999998,-0.007131687750542299
14009.0,166.97282540999998,-0.007131932945770065
14010.0,166.9449082,-0.007132178140997831
14011.0,166.91708405,-0.0071324233362255966
14012.0,166.88925989999998,-0.007132668531453362
14013.0,166.86143575,-0.007132913726681128
14014.0,166.83361159999998,-0.0071331589219088935
14015.0,166.80578745,-0.0071334353665943595
14016.0,166.7779633,-0.007133732644251626
14017.0,166.75013915,-0.007134029921908893
14018.0,166.722315,-0.007134327199566161
14019.0,166.69449085,-0.0071346244772234274
14020.0,166.6666667,-0.007134921754880694
14021.0,166.63893514,-0.007135219032537961
14022.0,166.61120358,-0.007135516310195228
14023.0,166.58347202000002,-0.0071358135878524945
14024.0,166.55574046,-0.007136110865509761
14025.0,166.5280089,-0.007136408143167028
14026.0,166.50027734,-0.007136705420824295
14027.0,166.47254578,-0.007137002698481562
14028.0,166.44481422,-0.007137299976138828
14029.0,166.41708266,-0.007137597253796095
14030.0,166.3893511,-0.007137894531453362
14031.0,166.36171167,-0.007138191809110629
14032.0,166.33407224,-0.007138489086767895
14033.0,166.30643281,-0.007138786364425162
14034.0,166.27879338,-0.007139083642082429
14035.0,166.25115395,-0.007139380919739697
14036.0,166.22351452,-0.007139678197396963
14037.0,166.19587509000002,-0.00713997547505423
14038.0,166.16823566,-0.007140272752711497
14039.0,166.14059623,-0.007140570030368764
14040.0,166.1129568,-0.00714086730802603
14041.0,166.08540905,-0.007141164585683297
14042.0,166.0578613,-0.007141461863340564
14043.0,166.03031355000002,-0.007141759140997831
14044.0,166.00276580000002,-0.0071420564186550975
14045.0,165.97521805000002,-0.007142353696312364
14046.0,165.9476703,-0.007142650973969631
14047.0,165.92012255,-0.007142948251626898
14048.0,165.8925748,-0.0071432455292841646
14049.0,165.86502705,-0.007143542806941431
14050.0,165.8374793,-0.007143840084598698
14051.0,165.8374793,-0.007144137362255965
14052.0,165.8374793,-0.0071444346399132325
14053.0,165.8374793,-0.007144731917570499
14054.0,165.8374793,-0.007145029195227766
14055.0,165.8374793,-0.007145326472885033
14056.0,165.8374793,-0.0071456237505423
14057.0,165.8374793,-0.007145921028199566
14058.0,165.8374793,-0.007146218305856833
14059.0,165.8374793,-0.0071465155835141
14060.0,165.8374793,-0.007146812861171367
14061.0,165.81002276,-0.007147130746203905
14062.0,165.78256622,-0.007147469238611714
14063.0,165.75510968,-0.007147807731019523
14064.0,165.72765314,-0.0071481462234273315
14065.0,165.70019660000003,-0.007148484715835141
14066.0,165.67274006000002,-0.00714882320824295
14067.0,165.64528352000002,-0.007149161700650759
14068.0,165.61782698000002,-0.007149500193058569
14069.0,165.59037044000002,-0.007149838685466378
14070.0,165.5629139,-0.0071501771778741865
14071.0,165.53554813000002,-0.007150515670281995
14072.0,165.50818236,-0.007150854162689805
14073.0,165.48081659000002,-0.007151192655097614
14074.0,165.45345082,-0.007151531147505423
14075.0,165.42608505,-0.007151869639913233
14076.0,165.39871928000002,-0.0071522081323210415
14077.0,165.37135351,-0.00715254662472885
14078.0,165.34398774000002,-0.007152885117136659
14079.0,165.31662197,-0.007153223609544469
14080.0,165.2892562,-0.007153562101952278
14081.0,165.26198075000002,-0.007153900594360087
14082.0,165.2347053,-0.007154239086767896
14083.0,165.20742985,-0.007154577579175705
14084.0,165.1801544,-0.007154916071583514
14085.0,165.15287895,-0.007155254563991323
14086.0,165.1256035,-0.007155593056399133
14087.0,165.09832805,-0.007155931548806942
14088.0,165.0710526,-0.0071562700412147505
14089.0,165.04377714999998,-0.00715660853362256
14090.0,165.0165017,-0.007156947026030369
14091.0,164.98931611,-0.007157285518438178
14092.0,164.96213052,-0.007157624010845987
14093.0,164.93494493,-0.007157962503253797
14094.0,164.90775933999998,-0.0071583009956616055
14095.0,164.88057375,-0.007158639488069414
14096.0,164.85338816,-0.007158977980477223
14097.0,164.82620257,-0.007159316472885033
14098.0,164.79901698,-0.007159654965292842
14099.0,164.77183139,-0.007159993457700651
14100.0,164.7446458,-0.0071603319501084605
14101.0,164.71754964000002,-0.007160670442516269
14102.0,164.69045348,-0.007161008934924078
14103.0,164.66335732,-0.007161347427331887
14104.0,164.63626116,-0.007161685919739697
14105.0,164.60916500000002,-0.007162024412147506
14106.0,164.58206884,-0.007162362904555315
14107.0,164.55497268,-0.0071627014013015185
14108.0,164.52787652,-0.007163039904555315
14109.0,164.50078036000002,-0.007163378407809111
14110.0,164.4736842,-0.007163716911062907
14111.0,164.4736842,-0.007164055414316703
14112.0,164.4736842,-0.007164393917570499
14113.0,164.4736842,-0.007164732420824296
14114.0,164.4736842,-0.007165070924078091
14115.0,164.4736842,-0.007165409427331887
14116.0,164.4736842,-0.007165747930585683
14117.0,164.4736842,-0.007166086433839479
14118.0,164.4736842,-0.007166424937093276
14119.0,164.4736842,-0.007166763440347072
14120.0,164.4736842,-0.007167101943600868
14121.0,164.44667703000002,-0.007167440446854664
14122.0,164.41966986,-0.00716777895010846
14123.0,164.39266269,-0.007168117453362256
14124.0,164.36565552,-0.007168455956616052
14125.0,164.33864835,-0.007168794459869848
14126.0,164.31164118,-0.007169132963123644
14127.0,164.28463401,-0.00716947146637744
14128.0,164.25762684,-0.0071698099696312365
14129.0,164.23061966999998,-0.007170148472885033
14130.0,164.2036125,-0.007170486976138829
14131.0,164.17669386999998,-0.007170825479392624
14132.0,164.14977524,-0.00717116398264642
14133.0,164.12285660999999,-0.0071715024859002165
14134.0,164.09593798,-0.007171840989154013
14135.0,164.06901935,-0.007172179492407809
14136.0,164.04210071999998,-0.007172517995661605
14137.0,164.01518209,-0.007172856498915401
14138.0,163.98826345999998,-0.007173195002169197
14139.0,163.96134483,-0.0071735335054229936
14140.0,163.9344262,-0.007173872008676789
14141.0,163.90759569,-0.007174210511930585
14142.0,163.88076518,-0.007174549015184381
14143.0,163.85393467,-0.007174887518438177
14144.0,163.82710416,-0.0071752260216919736
14145.0,163.80027365,-0.00717556452494577
14146.0,163.77344313999998,-0.007175903028199566
14147.0,163.74661263,-0.007176241531453362
14148.0,163.71978212,-0.007176580034707158
14149.0,163.69295161,-0.007176918537960954
14150.0,163.6661211,-0.00717725704121475
14151.0,163.63937827,-0.007177595544468546
14152.0,163.61263544,-0.007177934047722342
14153.0,163.58589261,-0.007178265392624728
14154.0,163.55914977999998,-0.007178580034707158
14155.0,163.53240695,-0.007178894676789587
14156.0,163.50566412,-0.007179209318872017
14157.0,163.47892129,-0.007179523960954446
14158.0,163.45217846,-0.007179838603036876
14159.0,163.42543562999998,-0.007180153245119306
14160.0,163.3986928,-0.007180467887201735
14161.0,163.37203721999998,-0.007180782529284164
14162.0,163.34538164,-0.007181097171366594
14163.0,163.31872606,-0.007181411813449024
14164.0,163.29207048,-0.007181726455531453
14165.0,163.2654149,-0.007182041097613882
14166.0,163.23875931999999,-0.0071823557396963125
14167.0,163.21210374,-0.007182670381778742
14168.0,163.18544816,-0.007182985023861171
14169.0,163.15879258,-0.0071832996659436
14170.0,163.132137,-0.0071836143080260305
14171.0,163.10556825,-0.00718392895010846
14172.0,163.0789995,-0.007184243592190889
14173.0,163.05243074999998,-0.007184558234273318
14174.0,163.025862,-0.0071848728763557485
14175.0,162.99929325,-0.007185187518438178
14176.0,162.9727245,-0.007185502160520607
14177.0,162.94615575,-0.007185816802603037
14178.0,162.91958699999998,-0.0071861314446854665
14179.0,162.89301824999998,-0.007186446086767896
14180.0,162.8664495,-0.007186760728850325
14181.0,162.83996714999998,-0.007187075370932755
14182.0,162.8134848,-0.0071873900130151845
14183.0,162.78700245,-0.007187704655097614
14184.0,162.7605201,-0.007188019297180044
14185.0,162.73403775,-0.007188333939262473
14186.0,162.7075554,-0.0071886485813449025
14187.0,162.68107305,-0.007188963223427332
14188.0,162.6545907,-0.007189277865509762
14189.0,162.62810835000002,-0.007189592507592191
14190.0,162.601626,-0.0071899071496746205
14191.0,162.57522963000002,-0.00719022179175705
14192.0,162.54883326,-0.00719053643383948
14193.0,162.52243689,-0.007190851075921909
14194.0,162.49604052,-0.0071911657180043385
14195.0,162.46964415000002,-0.007191480360086769
14196.0,162.44324778,-0.007191795002169198
14197.0,162.41685141,-0.007192109644251627
14198.0,162.39045504,-0.0071924242863340565
14199.0,162.36405867000002,-0.007192742396963124
14200.0,162.3376623,-0.007193074381778742
14201.0,162.3376623,-0.00719340636659436
14202.0,162.3376623,-0.007193738351409979
14203.0,162.3376623,-0.007194070336225597
14204.0,162.3376623,-0.007194402321041215
14205.0,162.3376623,-0.007194734305856833
14206.0,162.3376623,-0.007195066290672451
14207.0,162.3376623,-0.007195398275488069
14208.0,162.3376623,-0.007195730260303688
14209.0,162.3376623,-0.007196062245119306
14210.0,162.3376623,-0.0071963942299349245
14211.0,162.3113515,-0.0071967262147505425
14212.0,162.2850407,-0.007197058199566161
14213.0,162.2587299,-0.0071973901843817795
14214.0,162.2324191,-0.0071977221691973976
14215.0,162.20610829999998,-0.007198054154013016
14216.0,162.1797975,-0.007198386138828634
14217.0,162.1534867,-0.007198718123644252
14218.0,162.1271759,-0.00719905010845987
14219.0,162.1008651,-0.007199382093275489
14220.0,162.0745543,-0.007199714078091107
14221.0,162.04832864,-0.007200046062906725
14222.0,162.02210298,-0.007200378047722343
14223.0,161.99587731999998,-0.007200710032537961
14224.0,161.96965165999998,-0.007201042017353579
14225.0,161.943426,-0.007201374002169198
14226.0,161.91720034,-0.007201705986984816
14227.0,161.89097468,-0.007202037971800434
14228.0,161.86474901999998,-0.007202369956616052
14229.0,161.83852335999998,-0.00720270194143167
14230.0,161.8122977,-0.007203033926247288
14231.0,161.8122977,-0.007203365911062907
14232.0,161.8122977,-0.007203697895878525
14233.0,161.8122977,-0.007204029880694143
14234.0,161.8122977,-0.007204361865509761
14235.0,161.8122977,-0.007204693850325379
14236.0,161.8122977,-0.007205025835140998
14237.0,161.8122977,-0.007205357819956616
14238.0,161.8122977,-0.0072056898047722345
14239.0,161.8122977,-0.0072060217895878525
14240.0,161.8122977,-0.007206353774403471
14241.0,161.78615678,-0.007206685759219089
14242.0,161.76001585999998,-0.007207017744034708
14243.0,161.73387494,-0.007207349728850326
14244.0,161.70773402,-0.007207681713665944
14245.0,161.6815931,-0.007208040606290673
14246.0,161.65545218,-0.007208641669197397
14247.0,161.62931126,-0.0072092427321041215
14248.0,161.60317034000002,-0.007209843795010846
14249.0,161.57702942,-0.00721044485791757
14250.0,161.5508885,-0.007211045920824295
14251.0,161.52483191000002,-0.00721164698373102
14252.0,161.49877532000002,-0.007212248046637744
14253.0,161.47271873,-0.0072128491095444685
14254.0,161.44666214,-0.007213450172451193
14255.0,161.42060555,-0.007214051235357917
14256.0,161.39454896,-0.007214652298264642
14257.0,161.36849237,-0.007215253361171367
14258.0,161.34243578,-0.007215854424078091
14259.0,161.31637919,-0.007216455486984815
14260.0,161.2903226,-0.00721705654989154
14261.0,161.2903226,-0.007217657612798265
14262.0,161.2903226,-0.007218258675704989
14263.0,161.2903226,-0.007218859738611714
14264.0,161.2903226,-0.007219460801518438
14265.0,161.2903226,-0.007220061864425162
14266.0,161.2903226,-0.007220662927331887
14267.0,161.2903226,-0.007221263990238612
14268.0,161.2903226,-0.007221865053145336
14269.0,161.2903226,-0.007222466116052061
14270.0,161.2903226,-0.007223067178958785
14271.0,161.26434992,-0.007223668241865509
14272.0,161.23837724,-0.0072242693047722345
14273.0,161.21240455999998,-0.007224870367678959
14274.0,161.18643188,-0.007225471430585683
14275.0,161.1604592,-0.007226072493492408
14276.0,161.13448652,-0.007226673556399132
14277.0,161.10851384,-0.007227274619305856
14278.0,161.08254115999998,-0.0072278756822125815
14279.0,161.05656847999998,-0.007228476745119306
14280.0,161.0305958,-0.00722907780802603
14281.0,161.00470664,-0.0072296788709327545
14282.0,160.97881747999998,-0.007230279933839479
14283.0,160.95292831999998,-0.007230880996746204
14284.0,160.92703916,-0.0072314820596529284
14285.0,160.90114999999997,-0.007232083122559653
14286.0,160.87526083999998,-0.007232684185466377
14287.0,160.84937168,-0.0072332852483731015
14288.0,160.82348252,-0.007233886311279826
14289.0,160.79759335999998,-0.007234487374186551
14290.0,160.7717042,-0.007235088437093275
14291.0,160.74589815,-0.0072356895
14292.0,160.7200921,-0.0072363079164859
14293.0,160.69428605,-0.007236926332971801
14294.0,160.66848,-0.0072375447494577
14295.0,160.64267395,-0.007238163165943601
14296.0,160.6168679,-0.007238781582429501
14297.0,160.59106185,-0.0072393999989154014
14298.0,160.5652558,-0.007240018415401301
14299.0,160.53944975,-0.007240636831887201
14300.0,160.5136437,-0.007241255248373102
14301.0,160.5136437,-0.007241873664859002
14302.0,160.5136437,-0.007242492081344902
14303.0,160.5136437,-0.007243110497830802
14304.0,160.5136437,-0.007243728914316703
14305.0,160.5136437,-0.007244347330802603
14306.0,160.5136437,-0.007244965747288503
14307.0,160.5136437,-0.007245584163774403
14308.0,160.5136437,-0.0072462025802603035
14309.0,160.5136437,-0.007246820996746204
14310.0,160.5136437,-0.0072474394132321035
14311.0,160.48792035999998,-0.007248057829718004
14312.0,160.46219702,-0.007248676246203904
14313.0,160.43647368,-0.007249294662689805
14314.0,160.41075034,-0.007249913079175704
14315.0,160.38502699999998,-0.007250531495661605
14316.0,160.35930366,-0.007251149912147505
14317.0,160.33358032,-0.007251768328633406
14318.0,160.30785698,-0.007252386745119306
14319.0,160.28213363999998,-0.007253005161605206
14320.0,160.2564103,-0.007253623578091106
14321.0,160.23076927,-0.0072542419945770065
14322.0,160.20512824,-0.007254860411062907
14323.0,160.17948721,-0.0072554788275488065
14324.0,160.15384618,-0.007256097244034707
14325.0,160.12820514999999,-0.007256715660520607
14326.0,160.10256412,-0.007257334077006508
14327.0,160.07692309,-0.007257952493492407
14328.0,160.05128206,-0.007258570909978308
14329.0,160.02564103,-0.007259189326464208
14330.0,160.0,-0.007259807742950109
14331.0,159.97444089,-0.007260426159436008
14332.0,159.94888178,-0.007261044575921909
14333.0,159.92332267,-0.007261662992407809
14334.0,159.89776356,-0.0072622814088937095
14335.0,159.87220445,-0.007262899825379609
14336.0,159.84664534,-0.0072635182418655094
14337.0,159.82108623,-0.00726413665835141
14338.0,159.79552712,-0.007264464087852494
14339.0,159.76996800999999,-0.0072647591854663775
14340.0,159.7444089,-0.007265054283080261
14341.0,159.71893133,-0.007265349380694143
14342.0,159.69345375999998,-0.007265644478308026
14343.0,159.66797619,-0.007265939575921909
14344.0,159.64249862,-0.007266234673535792
14345.0,159.61702105,-0.007266529771149674
14346.0,159.59154347999998,-0.0072668248687635575
14347.0,159.56606591,-0.007267119966377441
14348.0,159.54058834,-0.007267415063991324
14349.0,159.51511076999998,-0.007267710161605206
14350.0,159.4896332,-0.007268005259219089
14351.0,159.4896332,-0.007268300356832972
14352.0,159.4896332,-0.007268595454446854
14353.0,159.4896332,-0.0072688905520607375
14354.0,159.4896332,-0.007269185649674621
14355.0,159.4896332,-0.007269480747288504
14356.0,159.4896332,-0.007269775844902386
14357.0,159.4896332,-0.007270070942516269
14358.0,159.4896332,-0.007270366040130152
14359.0,159.4896332,-0.007270661137744035
14360.0,159.4896332,-0.0072709562353579175
14361.0,159.46423675999998,-0.007271251332971801
14362.0,159.43884032,-0.007271546430585684
14363.0,159.41344388,-0.007271841528199566
14364.0,159.38804744,-0.007272136625813449
14365.0,159.362651,-0.007272431723427332
14366.0,159.33725456,-0.007272726821041215
14367.0,159.31185812,-0.0072730219186550975
14368.0,159.28646168,-0.007273317016268981
14369.0,159.26106524000002,-0.007273612113882864
14370.0,159.2356688,-0.007273907211496747
14371.0,159.21035311,-0.007274202309110629
14372.0,159.18503742000001,-0.007274497406724512
14373.0,159.15972173,-0.007274792504338395
14374.0,159.13440604000002,-0.0072750876019522775
14375.0,159.10909035,-0.007275382699566161
14376.0,159.08377466,-0.007275677797180044
14377.0,159.05845897,-0.007275972894793927
14378.0,159.03314328,-0.007276267992407809
14379.0,159.00782759,-0.007276563090021692
14380.0,158.9825119,-0.007276858187635575
14381.0,158.95727657999998,-0.007277153285249458
14382.0,158.93204126,-0.007277448382863341
14383.0,158.90680594,-0.007277743480477224
14384.0,158.88157062,-0.007277946586767896
14385.0,158.8563353,-0.007278126695227766
14386.0,158.83109998,-0.0072783068036876356
14387.0,158.80586466,-0.007278486912147506
14388.0,158.78062934,-0.007278667020607376
14389.0,158.75539402,-0.007278847129067245
14390.0,158.7301587,-0.007279027237527116
14391.0,158.70500337000001,-0.007279207345986985
14392.0,158.67984804,-0.007279387454446855
14393.0,158.65469271,-0.0072795675629067245
14394.0,158.62953738,-0.007279747671366595
14395.0,158.60438205,-0.007279927779826464
14396.0,158.57922672,-0.007280107888286334
14397.0,158.55407139,-0.0072802879967462045
14398.0,158.52891606,-0.007280468105206074
14399.0,158.50376072999998,-0.007280648213665944
14400.0,158.4786054,-0.0072808283221258135
14401.0,158.4786054,-0.007281008430585684
14402.0,158.4786054,-0.007281188539045553
14403.0,158.4786054,-0.007281368647505423
14404.0,158.4786054,-0.007281548755965293
14405.0,158.4786054,-0.007281728864425163
14406.0,158.4786054,-0.007281908972885033
14407.0,158.4786054,-0.0072820890813449024
14408.0,158.4786054,-0.007282269189804773
14409.0,158.4786054,-0.007282449298264642
14410.0,158.4786054,-0.007282629406724512
14411.0,158.4786054,-0.007282809515184382
14412.0,158.4786054,-0.007282989623644252
14413.0,158.4786054,-0.007283169732104122
14414.0,158.4786054,-0.007283349840563991
14415.0,158.4786054,-0.007283529949023862
14416.0,158.4786054,-0.007283710057483731
14417.0,158.4786054,-0.007283890165943601
14418.0,158.4786054,-0.0072840702744034706
14419.0,158.4786054,-0.007284250382863341
14420.0,158.4786054,-0.00728443049132321
14421.0,158.4786054,-0.00728461059978308
14422.0,158.4786054,-0.007284790708242951
14423.0,158.4786054,-0.00728497081670282
14424.0,158.4786054,-0.00728515092516269
14425.0,158.4786054,-0.0072853310336225595
14426.0,158.4786054,-0.00728551114208243
14427.0,158.4786054,-0.007285691250542299
14428.0,158.4786054,-0.007285871359002169
14429.0,158.4786054,-0.007286051467462039
14430.0,158.4786054,-0.00728621485791757
14431.0,158.42853316999998,-0.0072863710835141
14432.0,158.37846094,-0.007286527309110629
14433.0,158.32838871,-0.007286683534707158
14434.0,158.27831648,-0.007286839760303688
14435.0,158.22824425,-0.007286995985900217
14436.0,158.17817202,-0.007287152211496746
14437.0,158.12809979000002,-0.007287308437093276
14438.0,158.07802756,-0.0072874646626898045
14439.0,158.02795533,-0.007287620888286334
14440.0,157.9778831,-0.007287777113882864
14441.0,157.95296545000002,-0.007287933339479392
14442.0,157.9280478,-0.007288089565075922
14443.0,157.90313015,-0.007288245790672452
14444.0,157.87821250000002,-0.00728840201626898
14445.0,157.85329485,-0.00728855824186551
14446.0,157.8283772,-0.0072887144674620395
14447.0,157.80345955,-0.007288870693058568
14448.0,157.77854190000002,-0.007289026918655098
14449.0,157.75362425,-0.007289183144251627
14450.0,157.7287066,-0.007289339369848156
14451.0,157.70386744,-0.007289495595444686
14452.0,157.67902828,-0.007289651821041215
14453.0,157.65418912,-0.007289808046637744
14454.0,157.62934996,-0.007289964272234274
14455.0,157.6045108,-0.007290120497830803
14456.0,157.57967164,-0.007290276723427332
14457.0,157.55483248,-0.007290432949023862
14458.0,157.52999332,-0.00729058917462039
14459.0,157.50515416,-0.00729074540021692
14460.0,157.480315,-0.0072909016258134495
14461.0,157.45555394,-0.007291057851409978
14462.0,157.43079287999998,-0.007291214077006508
14463.0,157.40603181999998,-0.007291370302603037
14464.0,157.38127075999998,-0.007291526528199566
14465.0,157.3565097,-0.007291682753796096
14466.0,157.33174864,-0.007291838979392625
14467.0,157.30698758,-0.007291995204989154
14468.0,157.28222652,-0.007292151430585684
14469.0,157.25746546,-0.007292307656182213
14470.0,157.2327044,-0.007292463881778742
14471.0,157.18341515,-0.0072926201073752715
14472.0,157.1341259,-0.007292776332971801
14473.0,157.08483665,-0.00729293255856833
14474.0,157.03554739999998,-0.0072930887841648594
14475.0,156.98625815,-0.007293245009761389
14476.0,156.9369689,-0.007293396035791757
14477.0,156.88767965,-0.007293543595444686
14478.0,156.8383904,-0.007293691155097614
14479.0,156.78910115,-0.007293838714750543
14480.0,156.7398119,-0.007293986274403471
14481.0,156.7398119,-0.007294133834056399
14482.0,156.7398119,-0.007294281393709328
14483.0,156.7398119,-0.007294428953362256
14484.0,156.7398119,-0.007294576513015185
14485.0,156.7398119,-0.007294724072668113
14486.0,156.7398119,-0.0072948716323210415
14487.0,156.7398119,-0.0072950191919739695
14488.0,156.7398119,-0.007295166751626898
14489.0,156.7398119,-0.007295314311279826
14490.0,156.7398119,-0.007295461870932755
14491.0,156.71528298,-0.007295609430585683
14492.0,156.69075406000002,-0.007295756990238612
14493.0,156.66622514,-0.00729590454989154
14494.0,156.64169622,-0.007296052109544469
14495.0,156.6171673,-0.007296199669197397
14496.0,156.59263838,-0.007296347228850326
14497.0,156.56810946000002,-0.007296494788503254
14498.0,156.54358054,-0.007296642348156182
14499.0,156.51905162,-0.007296789907809111
14500.0,156.4945227,-0.0072969374674620386
14501.0,156.4945227,-0.007297085027114967
14502.0,156.4945227,-0.007297232586767895
14503.0,156.4945227,-0.007297380146420824
14504.0,156.4945227,-0.007297527706073752
14505.0,156.4945227,-0.007297675265726681
14506.0,156.4945227,-0.007297822825379609
14507.0,156.4945227,-0.007297970385032538
14508.0,156.4945227,-0.007298117944685466
14509.0,156.4945227,-0.007298265504338395
14510.0,156.4945227,-0.007298413063991323
14511.0,156.51905162,-0.007298560623644252
14512.0,156.54358054,-0.00729870818329718
14513.0,156.56810946000002,-0.0072988557429501085
14514.0,156.59263838,-0.0072990033026030365
14515.0,156.6171673,-0.0072991508622559645
14516.0,156.64169622,-0.007299298421908893
14517.0,156.66622514,-0.007299445981561821
14518.0,156.69075406000002,-0.00729959354121475
14519.0,156.71528298,-0.007299741100867678
14520.0,156.7398119,-0.007299888660520607
14521.0,156.71528298,-0.007300036220173535
14522.0,156.69075406000002,-0.0073001750921908885
14523.0,156.66622514,-0.0073003052765726675
14524.0,156.64169622,-0.007300435460954447
14525.0,156.6171673,-0.007300565645336225
14526.0,156.59263838,-0.007300695829718004
14527.0,156.56810946000002,-0.007300826014099783
14528.0,156.54358054,-0.007300956198481561
14529.0,156.51905162,-0.00730108638286334
14530.0,156.4945227,-0.007301216567245119
14531.0,156.47007043,-0.007301346751626897
14532.0,156.44561816,-0.007301476936008676
14533.0,156.42116589,-0.007301607120390455
14534.0,156.39671362,-0.0073017373047722335
14535.0,156.37226135,-0.0073018674891540125
14536.0,156.34780908,-0.0073019976735357916
14537.0,156.32335681,-0.007302127857917571
14538.0,156.29890454,-0.007302258042299349
14539.0,156.27445227,-0.007302388226681128
14540.0,156.25,-0.007302518411062907
14541.0,156.25,-0.007302648595444685
14542.0,156.25,-0.007302778779826464
14543.0,156.25,-0.007302908964208243
14544.0,156.25,-0.007303039148590021
14545.0,156.25,-0.0073031693329718
14546.0,156.25,-0.007303299517353579
14547.0,156.25,-0.0073034297017353575
14548.0,156.25,-0.0073035598861171365
14549.0,156.25,-0.007303690070498916
14550.0,156.25,-0.007303820254880694
14551.0,156.17709953,-0.007303950439262473
14552.0,156.10419906,-0.007304080623644252
14553.0,156.03129859,-0.00730421080802603
14554.0,155.95839812,-0.007304340992407809
14555.0,155.88549765,-0.007304471176789588
14556.0,155.81259718,-0.007304601361171366
14557.0,155.73969671,-0.007304731545553145
14558.0,155.66679624,-0.007304861729934924
14559.0,155.59389577000002,-0.0073049919143167025
14560.0,155.5209953,-0.0073051220986984815
14561.0,155.54521976,-0.0073052522830802605
14562.0,155.56944422,-0.00730538246746204
14563.0,155.59366868,-0.007305512651843818
14564.0,155.61789314,-0.007305642836225597
14565.0,155.6421176,-0.007305773020607376
14566.0,155.66634206,-0.007305903204989154
14567.0,155.69056652,-0.007306033389370933
14568.0,155.71479098,-0.007306156636659436
14569.0,155.73901544,-0.007306269478308027
14570.0,155.7632399,-0.007306382319956616
14571.0,155.7632399,-0.007306495161605206
14572.0,155.7632399,-0.0073066080032537966
14573.0,155.7632399,-0.007306720844902386
14574.0,155.7632399,-0.007306833686550976
14575.0,155.7632399,-0.0073069465281995665
14576.0,155.7632399,-0.007307059369848156
14577.0,155.7632399,-0.007307172211496746
14578.0,155.7632399,-0.007307285053145336
14579.0,155.7632399,-0.007307397894793927
14580.0,155.7632399,-0.007307510736442516
14581.0,155.71486622,-0.007307623578091106
14582.0,155.66649254,-0.0073077364197396966
14583.0,155.61811886,-0.007307849261388286
14584.0,155.56974518,-0.007307962103036876
14585.0,155.5213715,-0.0073080749446854665
14586.0,155.47299782,-0.007308187786334057
14587.0,155.42462414,-0.007308300627982646
14588.0,155.37625046,-0.007308413469631236
14589.0,155.32787678,-0.007308526311279827
14590.0,155.2795031,-0.007308639152928416
14591.0,155.25542876,-0.007308751994577006
14592.0,155.23135442,-0.0073088648362255966
14593.0,155.20728008,-0.007308977677874186
14594.0,155.18320574,-0.007309090519522776
14595.0,155.1591314,-0.0073092033611713665
14596.0,155.13505706,-0.007309316202819957
14597.0,155.11098272,-0.007309429044468546
14598.0,155.08690838,-0.007309541886117136
14599.0,155.06283404,-0.007309654727765727
14600.0,155.0387597,-0.007309767569414316
14601.0,155.01475989000002,-0.007309880411062906
14602.0,154.99076008,-0.007309993252711497
14603.0,154.96676027,-0.007310106094360087
14604.0,154.94276046000002,-0.007310218936008676
14605.0,154.91876065000002,-0.0073103317776572665
14606.0,154.89476084,-0.007310444619305857
14607.0,154.87076103,-0.007310557460954446
14608.0,154.84676122000002,-0.007310670302603036
14609.0,154.82276141,-0.007310783144251627
14610.0,154.7987616,-0.007310895985900216
14611.0,154.77483598,-0.007311008827548806
14612.0,154.75091036,-0.007311121669197397
14613.0,154.72698474,-0.007311234510845987
14614.0,154.70305912,-0.007311344746203904
14615.0,154.6791335,-0.007311448900216919
14616.0,154.65520788,-0.007311553054229934
14617.0,154.63128226,-0.00731165720824295
14618.0,154.60735664,-0.007311761362255965
14619.0,154.58343102,-0.00731186551626898
14620.0,154.5595054,-0.0073119696702819955
14621.0,154.5595054,-0.00731207382429501
14622.0,154.5595054,-0.007312177978308025
14623.0,154.5595054,-0.007312282132321041
14624.0,154.5595054,-0.007312386286334056
14625.0,154.5595054,-0.007312490440347071
14626.0,154.5595054,-0.007312594594360087
14627.0,154.5595054,-0.007312698748373102
14628.0,154.5595054,-0.0073128029023861165
14629.0,154.5595054,-0.007312907056399132
14630.0,154.5595054,-0.007313011210412147
14631.0,154.5595054,-0.007313115364425162
14632.0,154.5595054,-0.007313219518438177
14633.0,154.5595054,-0.007313323672451193
14634.0,154.5595054,-0.007313427826464208
14635.0,154.5595054,-0.007313531980477223
14636.0,154.5595054,-0.0073136361344902385
14637.0,154.5595054,-0.007313740288503253
14638.0,154.5595054,-0.007313844442516268
14639.0,154.5595054,-0.007313948596529284
14640.0,154.5595054,-0.007314052750542299
14641.0,154.5595054,-0.007314156904555314
14642.0,154.5595054,-0.00731426105856833
14643.0,154.5595054,-0.007314365212581345
14644.0,154.5595054,-0.0073144693665943596
14645.0,154.5595054,-0.007314573520607375
14646.0,154.5595054,-0.00731467767462039
14647.0,154.5595054,-0.007314781828633405
14648.0,154.5595054,-0.007314885982646421
14649.0,154.5595054,-0.007314990136659436
14650.0,154.5595054,-0.007315094290672451
14651.0,154.53565363,-0.007315198444685467
14652.0,154.51180186,-0.0073153025986984815
14653.0,154.48795009,-0.007315406752711496
14654.0,154.46409832,-0.007315510906724511
14655.0,154.44024654999998,-0.007315615060737527
14656.0,154.41639478,-0.007315719214750542
14657.0,154.39254301,-0.007315823368763557
14658.0,154.36869124,-0.007315927522776573
14659.0,154.34483946999998,-0.007316031676789588
14660.0,154.3209877,-0.007316130188720174
14661.0,154.3209877,-0.007316206132321041
14662.0,154.3209877,-0.007316282075921909
14663.0,154.3209877,-0.007316358019522776
14664.0,154.3209877,-0.007316433963123644
14665.0,154.3209877,-0.007316509906724512
14666.0,154.3209877,-0.007316585850325379
14667.0,154.3209877,-0.007316661793926247
14668.0,154.3209877,-0.007316737737527115
14669.0,154.3209877,-0.007316813681127982
14670.0,154.3209877,-0.00731688962472885
14671.0,154.34483946999998,-0.007316965568329718
14672.0,154.36869124,-0.007317041511930585
14673.0,154.39254301,-0.007317117455531453
14674.0,154.41639478,-0.0073171933991323206
14675.0,154.44024654999998,-0.0073172693427331886
14676.0,154.46409832,-0.0073173452863340566
14677.0,154.48795009,-0.007317421229934924
14678.0,154.51180186,-0.007317497173535792
14679.0,154.53565363,-0.00731757311713666
14680.0,154.5595054,-0.007317649060737527
14681.0,154.5595054,-0.007317725004338395
14682.0,154.5595054,-0.007317800947939263
14683.0,154.5595054,-0.00731787689154013
14684.0,154.5595054,-0.007317952835140998
14685.0,154.5595054,-0.007318028778741865
14686.0,154.5595054,-0.007318104722342733
14687.0,154.5595054,-0.007318180665943601
14688.0,154.5595054,-0.007318256609544468
14689.0,154.5595054,-0.007318332553145336
14690.0,154.5595054,-0.007318408496746204
14691.0,154.53565363,-0.007318484440347071
14692.0,154.51180186,-0.007318560383947939
14693.0,154.48795009,-0.007318636327548807
14694.0,154.46409832,-0.0073187122711496745
14695.0,154.44024654999998,-0.0073187882147505426
14696.0,154.41639478,-0.00731886415835141
14697.0,154.39254301,-0.007318940101952278
14698.0,154.36869124,-0.007319016045553146
14699.0,154.34483946999998,-0.007319091989154013
14700.0,154.3209877,-0.007319167932754881
14701.0,154.3209877,-0.007319243876355749
14702.0,154.3209877,-0.007319319819956616
14703.0,154.3209877,-0.007319395763557484
14704.0,154.3209877,-0.007319471707158352
14705.0,154.3209877,-0.007319547650759219
14706.0,154.3209877,-0.007319618604121475
14707.0,154.3209877,-0.007319644645336226
14708.0,154.3209877,-0.007319670686550976
14709.0,154.3209877,-0.007319696727765727
14710.0,154.3209877,-0.007319722768980477
14711.0,154.29720942,-0.007319748810195228
14712.0,154.27343113999999,-0.007319774851409978
14713.0,154.24965286,-0.007319800892624729
14714.0,154.22587457999998,-0.0073198269338394795
14715.0,154.2020963,-0.00731985297505423
14716.0,154.17831802,-0.007319879016268981
14717.0,154.15453974,-0.007319905057483731
14718.0,154.13076146,-0.007319931098698482
14719.0,154.10698318,-0.007319957139913232
14720.0,154.0832049,-0.007319983181127983
14721.0,154.0832049,-0.007320009222342733
14722.0,154.0832049,-0.007320035263557484
14723.0,154.0832049,-0.0073200613047722345
14724.0,154.0832049,-0.007320087345986985
14725.0,154.0832049,-0.007320113387201736
14726.0,154.0832049,-0.007320139428416486
14727.0,154.0832049,-0.007320165469631237
14728.0,154.0832049,-0.007320191510845987
14729.0,154.0832049,-0.007320217552060738
14730.0,154.0832049,-0.007320243593275488
14731.0,154.05949979,-0.007320269634490239
14732.0,154.03579468,-0.0073202956757049895
14733.0,154.01208957,-0.00732032171691974
14734.0,153.98838446,-0.007320347758134491
14735.0,153.96467934999998,-0.007320373799349241
14736.0,153.94097424,-0.007320399840563992
14737.0,153.91726913,-0.007320425881778742
14738.0,153.89356401999999,-0.007320451922993493
14739.0,153.86985891,-0.007320477964208243
14740.0,153.8461538,-0.007320504005422994
14741.0,154.18480886,-0.0073205300466377445
14742.0,154.52346391999998,-0.007320556087852495
14743.0,154.86211898,-0.0073205821290672456
14744.0,155.20077404,-0.007320608170281996
14745.0,155.5394291,-0.007320634211496747
14746.0,155.87808416,-0.007320660252711497
14747.0,156.21673922,-0.007320686293926248
14748.0,156.55539428,-0.007320712335140998
14749.0,156.89404933999998,-0.007320738376355749
14750.0,157.2327044,-0.0073207644175704994
14751.0,157.13443396,-0.00732079045878525
14752.0,157.03616352,-0.0073208165000000006
14753.0,156.93789307999998,-0.007320792627982647
14754.0,156.83962264,-0.007320768755965293
14755.0,156.7413522,-0.00732074488394794
14756.0,156.64308176,-0.007320721011930586
14757.0,156.54481132,-0.007320697139913232
14758.0,156.44654088,-0.007320673267895879
14759.0,156.34827044,-0.0073206493958785255
14760.0,156.25,-0.007320625523861171
14761.0,156.22562402,-0.007320601651843818
14762.0,156.20124804,-0.007320577779826465
14763.0,156.17687206,-0.007320553907809111
14764.0,156.15249608,-0.007320530035791757
14765.0,156.1281201,-0.007320506163774404
14766.0,156.10374412000002,-0.0073204822917570505
14767.0,156.07936814,-0.007320458419739696
14768.0,156.05499216,-0.007320434547722343
14769.0,156.03061618,-0.00732041067570499
14770.0,156.0062402,-0.0073203868036876354
14771.0,155.95771571,-0.007320362931670282
14772.0,155.90919122,-0.007320339059652929
14773.0,155.86066673000002,-0.007320315187635575
14774.0,155.81214224000001,-0.007320291315618221
14775.0,155.76361775,-0.007320267443600868
14776.0,155.71509326,-0.007320243571583514
14777.0,155.66656877,-0.00732021969956616
14778.0,155.61804428000002,-0.007320195827548807
14779.0,155.56951979000002,-0.007320171955531454
14780.0,155.5209953,-0.0073201480835140996
14781.0,155.47277174,-0.007320124211496746
14782.0,155.42454818000002,-0.007320100339479393
14783.0,155.37632462000002,-0.007320076467462039
14784.0,155.32810106000002,-0.007320052595444685
14785.0,155.2798775,-0.007320028723427332
14786.0,155.23165394,-0.007320004851409978
14787.0,155.18343038,-0.0073199809793926245
14788.0,155.13520682,-0.007319957107375271
14789.0,155.08698326,-0.007319933235357917
14790.0,155.0387597,-0.007319909363340564
14791.0,155.0387597,-0.00731988549132321
14792.0,155.0387597,-0.007319861619305856
14793.0,155.0387597,-0.007319837747288503
14794.0,155.0387597,-0.0073198138752711495
14795.0,155.0387597,-0.007319790003253795
14796.0,155.0387597,-0.007319766131236442
14797.0,155.0387597,-0.007319742259219089
14798.0,155.0387597,-0.007319718387201735
14799.0,155.0387597,-0.0073196261659436
14800.0,155.0387597,-0.00731952635032538
14801.0,154.99083427000002,-0.007319426534707158
14802.0,154.94290884,-0.007319326719088937
14803.0,154.89498341,-0.007319226903470716
14804.0,154.84705798000002,-0.007319127087852494
14805.0,154.79913255000002,-0.007319027272234273
14806.0,154.75120712,-0.007318927456616052
14807.0,154.70328169,-0.00731882764099783
14808.0,154.65535626000002,-0.007318727825379609
14809.0,154.60743083,-0.007318628009761388
14810.0,154.5595054,-0.007318528194143166
14811.0,154.53565363,-0.007318428378524946
14812.0,154.51180186,-0.0073183285629067245
14813.0,154.48795009,-0.007318228747288503
14814.0,154.46409832,-0.007318128931670282
14815.0,154.44024654999998,-0.0073180291160520605
14816.0,154.41639478,-0.007317929300433839
14817.0,154.39254301,-0.007317829484815618
14818.0,154.36869124,-0.0073177296691973965
14819.0,154.34483946999998,-0.007317629853579175
14820.0,154.3209877,-0.007317530037960954
14821.0,154.3209877,-0.0073174302223427325
14822.0,154.3209877,-0.007317330406724512
14823.0,154.3209877,-0.007317230591106291
14824.0,154.3209877,-0.007317130775488069
14825.0,154.3209877,-0.007317030959869848
14826.0,154.3209877,-0.007316931144251627
14827.0,154.3209877,-0.007316831328633405
14828.0,154.3209877,-0.007316731513015184
14829.0,154.3209877,-0.007316631697396963
14830.0,154.3209877,-0.007316531881778741
14831.0,154.27350431,-0.00731643206616052
14832.0,154.22602092,-0.0073163322505423
14833.0,154.17853753,-0.007316232434924078
14834.0,154.13105414,-0.007316132619305857
14835.0,154.08357074999998,-0.007316032803687636
14836.0,154.03608735999998,-0.007315932988069414
14837.0,153.98860396999999,-0.007315833172451193
14838.0,153.94112058,-0.007315733356832972
14839.0,153.89363719,-0.00731563354121475
14840.0,153.8461538,-0.007315533725596529
14841.0,153.82252152,-0.007315433909978308
14842.0,153.79888924,-0.007315334094360086
14843.0,153.77525696,-0.007315234278741866
14844.0,153.75162468,-0.0073151344631236445
14845.0,153.7279924,-0.007314980834056399
14846.0,153.70436012000002,-0.007314813751626898
14847.0,153.68072784,-0.007314646669197397
14848.0,153.65709556000002,-0.007314479586767896
14849.0,153.63346328,-0.007314312504338395
14850.0,153.609831,-0.0073141454219088934
14851.0,153.56278358,-0.007313978339479393
14852.0,153.51573616000002,-0.007313811257049892
14853.0,153.46868874,-0.00731364417462039
14854.0,153.42164132000002,-0.007313477092190889
14855.0,153.3745939,-0.007313310009761389
14856.0,153.32754648,-0.007313142927331887
14857.0,153.28049906,-0.007312975844902386
14858.0,153.23345164,-0.007312808762472885
14859.0,153.18640422000001,-0.007312641680043384
14860.0,153.1393568,-0.007312474597613883
14861.0,153.115941,-0.007312307515184382
14862.0,153.0925252,-0.0073121404327548805
14863.0,153.0691094,-0.007311973350325379
14864.0,153.0456936,-0.007311806267895879
14865.0,153.02227779999998,-0.0073116391854663775
14866.0,152.998862,-0.007311472103036876
14867.0,152.9754462,-0.007311305020607375
14868.0,152.95203039999998,-0.0073111379381778745
14869.0,152.9286146,-0.007310970855748373
14870.0,152.9051988,-0.007310803773318872
14871.0,152.85858136,-0.007310636690889371
14872.0,152.81196391999998,-0.00731046960845987
14873.0,152.76534648,-0.007310302526030369
14874.0,152.71872904,-0.007310135443600868
14875.0,152.6721116,-0.007309968361171366
14876.0,152.62549416,-0.007309801278741866
14877.0,152.57887671999998,-0.0073096341963123646
14878.0,152.53225928,-0.007309467113882863
14879.0,152.48564184,-0.007309300031453362
14880.0,152.4390244,-0.0073091329490238615
14881.0,152.4390244,-0.00730896586659436
14882.0,152.4390244,-0.007308798784164859
14883.0,152.4390244,-0.007308631701735358
14884.0,152.4390244,-0.007308464619305857
14885.0,152.4390244,-0.007308297536876356
14886.0,152.4390244,-0.007308130454446855
14887.0,152.4390244,-0.007307963372017353
14888.0,152.4390244,-0.007307796289587853
14889.0,152.4390244,-0.007307629207158352
14890.0,152.4390244,-0.00730746212472885
14891.0,152.41582211,-0.007307255555314533
14892.0,152.39261982,-0.007307032062906725
14893.0,152.36941753,-0.007306808570498915
14894.0,152.34621524,-0.0073065850780911065
14895.0,152.32301295,-0.007306361585683297
14896.0,152.29981066,-0.007306138093275488
14897.0,152.27660837,-0.007305914600867679
14898.0,152.25340608,-0.00730569110845987
14899.0,152.23020379,-0.0073054676160520604
14900.0,152.2070015,-0.007305244123644252
14901.0,152.18386973999998,-0.007305020631236442
14902.0,152.16073798,-0.0073047971388286335
14903.0,152.13760622,-0.007304573646420824
14904.0,152.11447446,-0.007304350154013015
14905.0,152.09134269999998,-0.007304126661605206
14906.0,152.06821094,-0.007303903169197397
14907.0,152.04507918000002,-0.007303679676789588
14908.0,152.02194742,-0.007303456184381779
14909.0,151.99881566,-0.00730323269197397
14910.0,151.9756839,-0.0073030091995661605
14911.0,151.95262234,-0.007302785707158352
14912.0,151.92956078,-0.007302562214750542
14913.0,151.90649922,-0.007302338722342734
14914.0,151.88343766,-0.007302115229934924
14915.0,151.8603761,-0.007301891737527115
14916.0,151.83731454000002,-0.007301668245119306
14917.0,151.81425298000002,-0.007301444752711497
14918.0,151.79119142000002,-0.0073012212603036876
14919.0,151.76812986000002,-0.007300997767895879
14920.0,151.7450683,-0.007300774275488069
14921.0,151.7450683,-0.007300550783080261
14922.0,151.7450683,-0.007300327290672451
14923.0,151.7450683,-0.007300103798264642
14924.0,151.7450683,-0.007299880305856833
14925.0,151.7450683,-0.007299656813449024
14926.0,151.7450683,-0.007299433321041215
14927.0,151.7450683,-0.007299209828633406
14928.0,151.7450683,-0.007298986336225597
14929.0,151.7450683,-0.007298762843817788
14930.0,151.7450683,-0.007298539351409979
14931.0,151.72207662000002,-0.007298315859002169
14932.0,151.69908494,-0.007298092366594361
14933.0,151.67609326000002,-0.007297868874186551
14934.0,151.65310158,-0.0072976453817787425
14935.0,151.6301099,-0.007297421889370933
14936.0,151.60711822000002,-0.007297198396963124
14937.0,151.58412654,-0.007296939744034708
14938.0,151.56113486,-0.00729665765075922
14939.0,151.53814318,-0.007296375557483731
14940.0,151.5151515,-0.007296093464208243
14941.0,151.5151515,-0.007295811370932755
14942.0,151.5151515,-0.007295529277657267
14943.0,151.5151515,-0.007295247184381779
14944.0,151.5151515,-0.007294965091106291
14945.0,151.5151515,-0.007294682997830803
14946.0,151.5151515,-0.007294400904555315
14947.0,151.5151515,-0.007294118811279827
14948.0,151.5151515,-0.007293836718004339
14949.0,151.5151515,-0.007293554624728851
14950.0,151.5151515,-0.007293272531453362
14951.0,151.49222939,-0.007292990438177874
14952.0,151.46930728,-0.007292708344902386
14953.0,151.44638517,-0.007292426251626898
14954.0,151.42346306000002,-0.0072921441583514105
14955.0,151.40054095,-0.007291862065075922
14956.0,151.37761884,-0.007291579971800434
14957.0,151.35469673,-0.007291297878524946
14958.0,151.33177462,-0.007291015785249458
14959.0,151.30885251,-0.00729073369197397
14960.0,151.2859304,-0.007290451598698482
14961.0,151.26307754,-0.007290169505422993
14962.0,151.24022468,-0.0072898874121475055
14963.0,151.21737182,-0.0072896053188720175
14964.0,151.19451896,-0.00728932322559653
14965.0,151.1716661,-0.007289041132321042
14966.0,151.14881324,-0.007288759039045554
14967.0,151.12596038,-0.007288476945770065
14968.0,151.10310752,-0.007288194852494577
14969.0,151.08025466,-0.007287912759219089
14970.0,151.0574018,-0.007287630665943601
14971.0,151.03461788,-0.007287348572668113
14972.0,151.01183396000002,-0.007287066479392625
14973.0,150.98905004,-0.007286784386117137
14974.0,150.96626612,-0.007286502292841649
14975.0,150.9434822,-0.007286220199566161
14976.0,150.92069828,-0.007285938106290673
14977.0,150.89791436000002,-0.007285656013015184
14978.0,150.87513044,-0.007285373919739696
14979.0,150.85234652,-0.007285091826464208
14980.0,150.8295626,-0.00728480973318872
14981.0,150.8295626,-0.0072845276399132325
14982.0,150.8295626,-0.007284245546637745
14983.0,150.8295626,-0.00728393959219089
14984.0,150.8295626,-0.007283609776572668
14985.0,150.8295626,-0.007283279960954447
14986.0,150.8295626,-0.0072829501453362255
14987.0,150.8295626,-0.007282620329718005
14988.0,150.8295626,-0.007282290514099783
14989.0,150.8295626,-0.007281960698481562
14990.0,150.8295626,-0.0072816308828633405
14991.0,150.80684730000002,-0.00728130106724512
14992.0,150.784132,-0.007280971251626898
14993.0,150.76141669999998,-0.007280641436008677
14994.0,150.7387014,-0.007280311620390455
14995.0,150.7159861,-0.007279981804772235
14996.0,150.6932708,-0.007279651989154013
14997.0,150.67055549999998,-0.007279322173535792
14998.0,150.6478402,-0.00727899235791757
14999.0,150.6251249,-0.0072786625422993495
15000.0,150.6024096,-0.007278332726681128
15001.0,150.57976262,-0.007278002911062907
15002.0,150.55711563999998,-0.007277673095444685
15003.0,150.53446866,-0.0072773432798264644
15004.0,150.51182168,-0.007277013464208243
15005.0,150.48917469999998,-0.007276683648590022
15006.0,150.46652772,-0.0072763538329718
15007.0,150.44388074,-0.007276024017353579
15008.0,150.42123376,-0.007275694201735358
15009.0,150.39858678,-0.007275364386117137
15010.0,150.3759398,-0.007275034570498915
15011.0,150.35336084,-0.007274704754880694
15012.0,150.33078188,-0.007274374939262473
15013.0,150.30820292,-0.007274045123644252
15014.0,150.28562396,-0.007273715308026031
15015.0,150.263045,-0.007273385492407809
15016.0,150.24046604,-0.007273055676789588
15017.0,150.21788708,-0.007272725861171367
15018.0,150.19530812000002,-0.007272396045553146
15019.0,150.17272916000002,-0.007272066229934924
15020.0,150.1501502,-0.007271736414316703
15021.0,150.1501502,-0.007271406598698482
15022.0,150.1501502,-0.007271076783080261
15023.0,150.1501502,-0.007270746967462039
15024.0,150.1501502,-0.007270417151843818
15025.0,150.1501502,-0.007270087336225597
15026.0,150.1501502,-0.007269757520607376
15027.0,150.1501502,-0.007269427704989154
15028.0,150.1501502,-0.007269097889370933
15029.0,150.1501502,-0.00726874810845987
15030.0,150.1501502,-0.007268368379609544
15031.0,150.12763893000002,-0.0072679886507592195
15032.0,150.10512766000002,-0.007267608921908894
15033.0,150.08261639,-0.007267229193058568
15034.0,150.06010512,-0.007266849464208243
15035.0,150.03759385,-0.007266469735357918
15036.0,150.01508258,-0.007266090006507592
15037.0,149.99257131000002,-0.007265710277657267
15038.0,149.97006004,-0.007265330548806941
15039.0,149.94754877,-0.0072649508199566165
15040.0,149.9250375,-0.007264571091106291
15041.0,149.9250375,-0.007264191362255965
15042.0,149.9250375,-0.00726381163340564
15043.0,149.9250375,-0.007263431904555315
15044.0,149.9250375,-0.0072630521757049895
15045.0,149.9250375,-0.007262672446854664
15046.0,149.9250375,-0.007262292718004338
15047.0,149.9250375,-0.007261912989154014
15048.0,149.9250375,-0.007261533260303688
15049.0,149.9250375,-0.0072611535314533624
15050.0,149.9250375,-0.007260773802603037
15051.0,149.90259363,-0.007260394073752712
15052.0,149.88014976,-0.0072600143449023866
15053.0,149.85770589,-0.007259634616052061
15054.0,149.83526202,-0.007259254887201735
15055.0,149.81281815,-0.007258875158351411
15056.0,149.79037428,-0.007258495429501085
15057.0,149.76793041,-0.0072581157006507595
15058.0,149.74548654,-0.007257735971800434
15059.0,149.72304266999998,-0.007257356242950109
15060.0,149.7005988,-0.007256976514099784
15061.0,149.67822203,-0.007256596785249458
15062.0,149.65584526,-0.0072562170563991325
15063.0,149.63346848999998,-0.007255837327548807
15064.0,149.61109172,-0.007255457598698482
15065.0,149.58871495,-0.007255077869848157
15066.0,149.56633818,-0.007254698140997831
15067.0,149.54396141,-0.007254318412147505
15068.0,149.52158464,-0.007253938683297181
15069.0,149.49920787,-0.007253558954446855
15070.0,149.4768311,-0.0072531792255965295
15071.0,149.4768311,-0.007252799496746204
15072.0,149.4768311,-0.007252419767895879
15073.0,149.4768311,-0.007252040039045554
15074.0,149.4768311,-0.007251660310195228
15075.0,149.4768311,-0.0072512662581344905
15076.0,149.4768311,-0.007250838785249458
15077.0,149.4768311,-0.007250411312364425
15078.0,149.4768311,-0.007249983839479393
15079.0,149.4768311,-0.007249556366594361
15080.0,149.4768311,-0.0072491288937093275
15081.0,149.45452112,-0.007248701420824295
15082.0,149.43221114,-0.007248273947939263
15083.0,149.40990116,-0.00724784647505423
15084.0,149.38759118,-0.007247419002169198
15085.0,149.3652812,-0.007246991529284165
15086.0,149.34297122,-0.007246564056399132
15087.0,149.32066124,-0.0072461365835141
15088.0,149.29835126,-0.007245709110629067
15089.0,149.27604128,-0.007245281637744035
15090.0,149.2537313,-0.007244854164859002
15091.0,149.2537313,-0.0072444266919739694
15092.0,149.2537313,-0.007243999219088937
15093.0,149.2537313,-0.007243571746203904
15094.0,149.2537313,-0.007243144273318872
15095.0,149.2537313,-0.00724271680043384
15096.0,149.2537313,-0.0072422893275488065
15097.0,149.2537313,-0.007241861854663774
15098.0,149.2537313,-0.007241434381778741
15099.0,149.2537313,-0.007241006908893709
15100.0,149.2537313,-0.007240579436008677
15101.0,149.23148783,-0.0072401519631236436
15102.0,149.20924435999999,-0.007239724490238611
15103.0,149.18700089,-0.007239297017353578
15104.0,149.16475742,-0.007238869544468546
15105.0,149.14251395,-0.007238442071583514
15106.0,149.12027048,-0.007238014598698481
15107.0,149.09802700999998,-0.007237587125813448
15108.0,149.07578354,-0.007237159652928416
15109.0,149.05354007,-0.007236732180043383
15110.0,149.0312966,-0.007236304707158351
15111.0,149.00911932,-0.007235877234273318
15112.0,148.98694204,-0.0072354497613882855
15113.0,148.96476475999998,-0.007235022288503253
15114.0,148.94258748,-0.00723459481561822
15115.0,148.9204102,-0.007234167342733188
15116.0,148.89823292,-0.007233739869848155
15117.0,148.87605564,-0.0072333123969631225
15118.0,148.85387835999998,-0.00723288492407809
15119.0,148.83170108,-0.007232457451193057
15120.0,148.8095238,-0.007232029978308025
15121.0,148.8095238,-0.007231595130151843
15122.0,148.8095238,-0.007231130780911062
15123.0,148.8095238,-0.00723066643167028
15124.0,148.8095238,-0.0072302020824295
15125.0,148.8095238,-0.007229737733188719
15126.0,148.8095238,-0.007229273383947938
15127.0,148.8095238,-0.007228809034707157
15128.0,148.8095238,-0.007228344685466377
15129.0,148.8095238,-0.007227880336225595
15130.0,148.8095238,-0.007227415986984814
15131.0,148.78741243,-0.0072269516377440335
15132.0,148.76530105999998,-0.007226487288503253
15133.0,148.74318969,-0.007226022939262472
15134.0,148.72107832,-0.007225558590021691
15135.0,148.69896695,-0.0072250942407809104
15136.0,148.67685558,-0.007224629891540129
15137.0,148.65474421,-0.007224165542299348
15138.0,148.63263284,-0.007223701193058567
15139.0,148.61052147,-0.0072232368438177865
15140.0,148.5884101,-0.007222772494577006
15141.0,148.5443839,-0.007222308145336225
15142.0,148.5003577,-0.007221843796095443
15143.0,148.4563315,-0.007221379446854663
15144.0,148.41230529999999,-0.007220915097613882
15145.0,148.3682791,-0.007220450748373101
15146.0,148.3242529,-0.00721998639913232
15147.0,148.2802267,-0.00721952204989154
15148.0,148.2362005,-0.007219057700650758
15149.0,148.19217429999998,-0.007218593351409977
15150.0,148.1481481,-0.0072181290021691965
15151.0,148.1262327,-0.007217664652928416
15152.0,148.1043173,-0.007217200303687635
15153.0,148.08240189999998,-0.007216735954446854
15154.0,148.0604865,-0.0072162716052060726
15155.0,148.0385711,-0.007215807255965292
15156.0,148.0166557,-0.007215342906724511
15157.0,147.9947403,-0.00721487855748373
15158.0,147.9728249,-0.0072144142082429495
15159.0,147.95090950000002,-0.007213949859002169
15160.0,147.9289941,-0.007213485509761388
15161.0,147.9289941,-0.007213021160520606
15162.0,147.9289941,-0.007212556811279826
15163.0,147.9289941,-0.007212092462039045
15164.0,147.9289941,-0.007211628112798264
15165.0,147.9289941,-0.007211163763557483
15166.0,147.9289941,-0.007210699414316703
15167.0,147.9289941,-0.007210228771149674
15168.0,147.9289941,-0.00720970148264642
15169.0,147.9289941,-0.0072091741941431664
15170.0,147.9289941,-0.007208646905639913
15171.0,147.90714343000002,-0.007208119617136659
15172.0,147.88529276,-0.007207592328633405
15173.0,147.86344209,-0.007207065040130151
15174.0,147.84159142000001,-0.007206537751626898
15175.0,147.81974075,-0.007206010463123644
15176.0,147.79789008,-0.00720548317462039
15177.0,147.77603941,-0.007204955886117136
15178.0,147.75418874000002,-0.0072044285976138826
15179.0,147.73233807,-0.007203901309110629
15180.0,147.7104874,-0.007203374020607375
15181.0,147.7104874,-0.007202846732104121
15182.0,147.7104874,-0.007202319443600867
15183.0,147.7104874,-0.007201792155097614
15184.0,147.7104874,-0.00720126486659436
15185.0,147.7104874,-0.007200737578091106
15186.0,147.7104874,-0.007200210289587852
15187.0,147.7104874,-0.007199683001084599
15188.0,147.7104874,-0.007199155712581345
15189.0,147.7104874,-0.007198628424078091
15190.0,147.7104874,-0.007198101135574837
15191.0,147.6887012,-0.0071975738470715835
15192.0,147.66691500000002,-0.00719704655856833
15193.0,147.6451288,-0.007196519270065076
15194.0,147.6233426,-0.007195991981561822
15195.0,147.6015564,-0.007195464693058568
15196.0,147.5797702,-0.007194937404555315
15197.0,147.557984,-0.007194410116052061
15198.0,147.5361978,-0.007193882827548807
15199.0,147.51441160000002,-0.007193355539045553
15200.0,147.4926254,-0.0071928282505423
15201.0,147.4926254,-0.007192300962039046
15202.0,147.4926254,-0.007191773673535792
15203.0,147.4926254,-0.007191246385032538
15204.0,147.4926254,-0.0071907190965292845
15205.0,147.4926254,-0.007190191808026031
15206.0,147.4926254,-0.007189664519522777
15207.0,147.4926254,-0.007189137231019523
15208.0,147.4926254,-0.007188609942516269
15209.0,147.4926254,-0.007188082654013016
15210.0,147.4926254,-0.007187555365509762
15211.0,147.47090336000002,-0.007187028077006508
15212.0,147.44918132,-0.007186500788503254
15213.0,147.42745928,-0.007185973500000001
15214.0,147.40573724,-0.007185337729934925
15215.0,147.38401520000002,-0.0071847019598698485
15216.0,147.36229316,-0.007184066189804773
15217.0,147.34057112,-0.007183430419739697
15218.0,147.31884908,-0.007182794649674621
15219.0,147.29712704000002,-0.007182158879609545
15220.0,147.275405,-0.007181523109544469
15221.0,147.275405,-0.007180887339479393
15222.0,147.275405,-0.007180251569414317
15223.0,147.275405,-0.007179615799349242
15224.0,147.275405,-0.007178980029284165
15225.0,147.275405,-0.0071783442592190895
15226.0,147.275405,-0.007177708489154014
15227.0,147.275405,-0.007177072719088937
15228.0,147.275405,-0.007176436949023862
15229.0,147.275405,-0.007175801178958786
15230.0,147.275405,-0.0071751654088937095
15231.0,147.275405,-0.007174529638828634
15232.0,147.275405,-0.007173893868763558
15233.0,147.275405,-0.007173258098698482
15234.0,147.275405,-0.007172622328633406
15235.0,147.275405,-0.0071719865585683305
15236.0,147.275405,-0.007171350788503254
15237.0,147.275405,-0.007170715018438178
15238.0,147.275405,-0.007170079248373103
15239.0,147.275405,-0.007169443478308026
15240.0,147.275405,-0.0071688077082429505
15241.0,147.25374685,-0.007168171938177875
15242.0,147.2320887,-0.007167536168112798
15243.0,147.21043055,-0.007166900398047723
15244.0,147.1887724,-0.007166264627982646
15245.0,147.16711425,-0.007165628857917571
15246.0,147.1454561,-0.007164993087852495
15247.0,147.12379794999998,-0.0071643573177874184
15248.0,147.1021398,-0.007163721547722343
15249.0,147.08048165,-0.007163085777657267
15250.0,147.0588235,-0.007162450007592191
15251.0,147.03722896,-0.007161814237527115
15252.0,147.01563442,-0.007161178467462039
15253.0,146.99403988,-0.007160542697396963
15254.0,146.97244534,-0.007159906927331887
15255.0,146.9508508,-0.007159271157266812
15256.0,146.92925626,-0.007158635387201735
15257.0,146.90766172,-0.0071579996171366594
15258.0,146.88606718,-0.007157363847071584
15259.0,146.86447264,-0.007156728077006507
15260.0,146.8428781,-0.007155988797180044
15261.0,146.8428781,-0.0071552380162689805
15262.0,146.8428781,-0.007154487235357917
15263.0,146.8428781,-0.007153736454446855
15264.0,146.8428781,-0.007152985673535792
15265.0,146.8428781,-0.007152234892624729
15266.0,146.8428781,-0.007151484111713666
15267.0,146.8428781,-0.0071507333308026035
15268.0,146.8428781,-0.00714998254989154
15269.0,146.8428781,-0.007149231768980477
15270.0,146.8428781,-0.007148480988069414
15271.0,146.82134689,-0.007147730207158352
15272.0,146.79981568,-0.007146979426247289
15273.0,146.77828447000002,-0.0071462286453362256
15274.0,146.75675326,-0.007145477864425162
15275.0,146.73522205,-0.0071447270835141
15276.0,146.71369084,-0.007143976302603037
15277.0,146.69215963,-0.007143225521691974
15278.0,146.67062842,-0.007142474740780911
15279.0,146.64909721,-0.0071417239598698485
15280.0,146.627566,-0.007140973178958785
15281.0,146.627566,-0.007140222398047722
15282.0,146.627566,-0.007139471617136659
15283.0,146.627566,-0.007138720836225597
15284.0,146.627566,-0.007137970055314534
15285.0,146.627566,-0.007137219274403471
15286.0,146.627566,-0.0071364684934924075
15287.0,146.627566,-0.007135717712581345
15288.0,146.627566,-0.007134966931670282
15289.0,146.627566,-0.007134216150759219
15290.0,146.627566,-0.007133465369848156
15291.0,146.60609783,-0.007132714588937094
15292.0,146.58462966,-0.0071319638080260305
15293.0,146.56316149,-0.007131213027114967
15294.0,146.54169332,-0.007130462246203904
15295.0,146.52022515,-0.007129711465292842
15296.0,146.49875698,-0.007128960684381779
15297.0,146.47728881,-0.007128209903470716
15298.0,146.45582064,-0.007127459122559653
15299.0,146.43435247,-0.00712670834164859
15300.0,146.4128843,-0.007125957560737527
15301.0,146.39147891,-0.007125206779826464
15302.0,146.37007352,-0.007124455998915401
15303.0,146.34866813,-0.007123705218004339
15304.0,146.32726274,-0.0071229544370932756
15305.0,146.30585735,-0.007122203656182212
15306.0,146.28445195999998,-0.007121345248373102
15307.0,146.26304657,-0.00712045993383948
15308.0,146.24164118,-0.007119574619305857
15309.0,146.22023579,-0.0071186893047722345
15310.0,146.1988304,-0.007117803990238611
15311.0,146.1988304,-0.007116918675704989
15312.0,146.1988304,-0.007116033361171366
15313.0,146.1988304,-0.007115148046637744
15314.0,146.1988304,-0.007114262732104122
15315.0,146.1988304,-0.007113377417570499
15316.0,146.1988304,-0.0071124921030368765
15317.0,146.1988304,-0.0071116067885032535
15318.0,146.1988304,-0.007110721473969631
15319.0,146.1988304,-0.007109836159436008
15320.0,146.1988304,-0.007108950844902386
15321.0,146.17748751,-0.007108065530368763
15322.0,146.15614462,-0.007107180215835141
15323.0,146.13480173,-0.007106294901301518
15324.0,146.11345884,-0.007105409586767896
15325.0,146.09211595,-0.0071045242722342725
15326.0,146.07077306,-0.00710363895770065
15327.0,146.04943017,-0.007102753643167028
15328.0,146.02808728,-0.007101868328633405
15329.0,146.00674439,-0.007100983014099783
15330.0,145.9854015,-0.00710009769956616
15331.0,145.9854015,-0.007099212385032538
15332.0,145.9854015,-0.007098327070498915
15333.0,145.9854015,-0.0070974417559652924
15334.0,145.9854015,-0.007096556441431669
15335.0,145.9854015,-0.007095671126898047
15336.0,145.9854015,-0.007094785812364424
15337.0,145.9854015,-0.007093900497830802
15338.0,145.9854015,-0.00709301518329718
15339.0,145.9854015,-0.007092129868763557
15340.0,145.9854015,-0.0070912445542299345
15341.0,145.96412082999998,-0.0070903592396963115
15342.0,145.94284016,-0.007089473925162689
15343.0,145.92155949,-0.007088588610629066
15344.0,145.90027882,-0.007087703296095444
15345.0,145.87899815,-0.007086817981561821
15346.0,145.85771748,-0.007085932667028199
15347.0,145.83643681,-0.007085047352494576
15348.0,145.81515614,-0.007084162037960954
15349.0,145.79387547000002,-0.007083276723427331
15350.0,145.7725948,-0.007082391408893708
15351.0,145.7725948,-0.007081506094360086
15352.0,145.7725948,-0.0070805099034707145
15353.0,145.7725948,-0.007079466194143166
15354.0,145.7725948,-0.007078422484815617
15355.0,145.7725948,-0.007077378775488068
15356.0,145.7725948,-0.007076335066160519
15357.0,145.7725948,-0.007075291356832971
15358.0,145.7725948,-0.007074247647505422
15359.0,145.7725948,-0.007073203938177873
15360.0,145.7725948,-0.007072160228850324
15361.0,145.7725948,-0.007071116519522776
15362.0,145.7725948,-0.007070072810195227
15363.0,145.7725948,-0.007069029100867678
15364.0,145.7725948,-0.007067985391540129
15365.0,145.7725948,-0.007066941682212581
15366.0,145.7725948,-0.007065897972885032
15367.0,145.7725948,-0.007064854263557483
15368.0,145.7725948,-0.007063810554229934
15369.0,145.7725948,-0.007062766844902386
15370.0,145.7725948,-0.007061723135574837
15371.0,145.75137608,-0.007060679426247288
15372.0,145.73015736,-0.007059635716919739
15373.0,145.70893864,-0.007058592007592191
15374.0,145.68771992,-0.007057548298264642
15375.0,145.6665012,-0.007056504588937093
15376.0,145.64528248,-0.0070554608796095436
15377.0,145.62406375999998,-0.007054417170281995
15378.0,145.60284504,-0.007053373460954446
15379.0,145.58162632,-0.007052329751626897
15380.0,145.5604076,-0.007051286042299348
15381.0,145.5604076,-0.007050242332971799
15382.0,145.5604076,-0.007049198623644251
15383.0,145.5604076,-0.007048154914316702
15384.0,145.5604076,-0.007047111204989153
15385.0,145.5604076,-0.007046067495661604
15386.0,145.5604076,-0.007045023786334056
15387.0,145.5604076,-0.007043980077006507
15388.0,145.5604076,-0.007042936367678958
15389.0,145.5604076,-0.007041892658351409
15390.0,145.5604076,-0.007040848949023861
15391.0,145.53925056,-0.007039805239696312
15392.0,145.51809351999998,-0.007038761530368763
15393.0,145.49693648,-0.007037717821041214
15394.0,145.47577944,-0.007036674111713666
15395.0,145.4546224,-0.007035630402386117
15396.0,145.43346535999999,-0.007034586693058568
15397.0,145.41230832,-0.007033542983731019
15398.0,145.39115128,-0.0070323638709327545
15399.0,145.36999423999998,-0.007031094489154012
15400.0,145.3488372,-0.007029825107375271
15401.0,145.3488372,-0.007028555725596529
15402.0,145.3488372,-0.007027286343817787
15403.0,145.3488372,-0.007026016962039045
15404.0,145.3488372,-0.007024747580260304
15405.0,145.3488372,-0.007023478198481562
15406.0,145.3488372,-0.007022208816702819
15407.0,145.3488372,-0.007020939434924078
15408.0,145.3488372,-0.007019670053145336
15409.0,145.3488372,-0.007018400671366594
15410.0,145.3488372,-0.007017131289587852
15411.0,145.3488372,-0.007015861907809111
15412.0,145.3488372,-0.007014592526030369
15413.0,145.3488372,-0.007013323144251627
15414.0,145.3488372,-0.007012053762472885
15415.0,145.3488372,-0.007010784380694143
15416.0,145.3488372,-0.0070095149989154015
15417.0,145.3488372,-0.007008245617136659
15418.0,145.3488372,-0.007006976235357918
15419.0,145.3488372,-0.007005706853579176
15420.0,145.3488372,-0.007004437471800434
15421.0,145.32774157999998,-0.007003168090021692
15422.0,145.30664596,-0.007001898708242951
15423.0,145.28555034,-0.0070006293264642085
15424.0,145.26445472,-0.006999359944685466
15425.0,145.2433591,-0.006998090562906725
15426.0,145.22226347999998,-0.006996821181127983
15427.0,145.20116786,-0.006995551799349241
15428.0,145.18007224,-0.006994282417570499
15429.0,145.15897662,-0.006993013035791758
15430.0,145.137881,-0.0069917436540130155
15431.0,145.11684652,-0.006990474272234273
15432.0,145.09581204,-0.006989204890455532
15433.0,145.07477756,-0.00698793550867679
15434.0,145.05374308,-0.006986666126898048
15435.0,145.03270859999998,-0.006985396745119306
15436.0,145.01167411999998,-0.006984127363340565
15437.0,144.99063963999998,-0.006982857981561823
15438.0,144.96960516,-0.006981588599783081
15439.0,144.94857068,-0.006980319218004339
15440.0,144.9275362,-0.006979049836225597
15441.0,144.90656260999998,-0.006977780454446855
15442.0,144.88558902,-0.006976511072668113
15443.0,144.86461543,-0.006975241690889372
15444.0,144.84364184,-0.006973818247288504
15445.0,144.82266825,-0.00697224074186551
15446.0,144.80169465999998,-0.006970663236442517
15447.0,144.78072107,-0.006969085731019523
15448.0,144.75974748,-0.00696750822559653
15449.0,144.73877389,-0.006965930720173537
15450.0,144.7178003,-0.006964353214750543
15451.0,144.7178003,-0.00696277570932755
15452.0,144.7178003,-0.0069611982039045565
15453.0,144.7178003,-0.006959620698481562
15454.0,144.7178003,-0.006958043193058569
15455.0,144.7178003,-0.0069564656876355754
15456.0,144.7178003,-0.006954888182212582
15457.0,144.7178003,-0.006953310676789589
15458.0,144.7178003,-0.006951733171366595
15459.0,144.7178003,-0.006950155665943602
15460.0,144.7178003,-0.0069485781605206085
15461.0,144.69688732,-0.006947000655097615
15462.0,144.67597433999998,-0.006945423149674621
15463.0,144.65506136,-0.0069438456442516274
15464.0,144.63414838,-0.006942268138828634
15465.0,144.6132354,-0.006940690633405641
15466.0,144.59232242,-0.006939113127982647
15467.0,144.57140944,-0.006937535622559654
15468.0,144.55049646,-0.0069359581171366605
15469.0,144.52958347999999,-0.006934380611713667
15470.0,144.5086705,-0.006932803106290674
15471.0,144.5086705,-0.0069312256008676795
15472.0,144.5086705,-0.006929648095444686
15473.0,144.5086705,-0.006928070590021693
15474.0,144.5086705,-0.006926493084598699
15475.0,144.5086705,-0.006924915579175706
15476.0,144.5086705,-0.0069233380737527125
15477.0,144.5086705,-0.006921760568329719
15478.0,144.5086705,-0.006920183062906726
15479.0,144.5086705,-0.006918605557483732
15480.0,144.5086705,-0.006917028052060739
15481.0,144.48781788,-0.006915450546637745
15482.0,144.46696526,-0.006913873041214751
15483.0,144.44611264,-0.006912295535791758
15484.0,144.42526002,-0.0069107180303687645
15485.0,144.4044074,-0.006909140524945771
15486.0,144.38355478,-0.006907563019522778
15487.0,144.36270216,-0.006905985514099784
15488.0,144.34184954,-0.006904408008676791
15489.0,144.32099692,-0.0069028305032537976
15490.0,144.3001443,-0.006901146238611715
15491.0,144.3001443,-0.006899301835140999
15492.0,144.3001443,-0.006897457431670283
15493.0,144.3001443,-0.006895613028199567
15494.0,144.3001443,-0.006893768624728852
15495.0,144.3001443,-0.006891924221258136
15496.0,144.3001443,-0.00689007981778742
15497.0,144.3001443,-0.006888235414316704
15498.0,144.3001443,-0.006886391010845988
15499.0,144.3001443,-0.0068845466073752725
15500.0,144.3001443,-0.0068827022039045565
15501.0,144.27935177,-0.0068808578004338405
15502.0,144.25855924,-0.0068790133969631245
15503.0,144.23776671,-0.0068771689934924085
15504.0,144.21697418,-0.006875324590021693
15505.0,144.19618165,-0.006873480186550977
15506.0,144.17538912,-0.006871635783080261
15507.0,144.15459659,-0.006869791379609545
15508.0,144.13380406,-0.006867946976138829
15509.0,144.11301153,-0.006866102572668113
15510.0,144.092219,-0.006864258169197398
15511.0,144.092219,-0.006862413765726682
15512.0,144.092219,-0.006860569362255966
15513.0,144.092219,-0.00685872495878525
15514.0,144.092219,-0.006856880555314534
15515.0,144.092219,-0.006855036151843819
15516.0,144.092219,-0.006853191748373103
15517.0,144.092219,-0.006851347344902387
15518.0,144.092219,-0.006849502941431671
15519.0,144.092219,-0.006847658537960955
15520.0,144.092219,-0.00684581413449024
15521.0,144.07148631,-0.006843969731019524
15522.0,144.05075362,-0.006842125327548808
15523.0,144.03002093,-0.006840280924078092
15524.0,144.00928824,-0.006838436520607376
15525.0,143.98855555,-0.0068365921171366605
15526.0,143.96782286,-0.0068347477136659444
15527.0,143.94709017,-0.006832903310195228
15528.0,143.92635748,-0.006831058906724512
15529.0,143.90562479,-0.006829214503253796
15530.0,143.8848921,-0.00682737009978308
15531.0,143.8848921,-0.006825525696312365
15532.0,143.8848921,-0.006823681292841649
15533.0,143.8848921,-0.006821836889370933
15534.0,143.8848921,-0.006819992485900217
15535.0,143.8848921,-0.006818148082429501
15536.0,143.8848921,-0.0068162509511930595
15537.0,143.8848921,-0.006814230788503254
15538.0,143.8848921,-0.00681221062581345
15539.0,143.8848921,-0.006810190463123644
15540.0,143.8848921,-0.00680817030043384
15541.0,143.86421898,-0.006806150137744035
15542.0,143.84354586,-0.00680412997505423
15543.0,143.82287274,-0.0068021098123644255
15544.0,143.80219962,-0.00680008964967462
15545.0,143.78152649999998,-0.006798069486984816
15546.0,143.76085338,-0.006796049324295011
15547.0,143.74018026,-0.006794029161605206
15548.0,143.71950714,-0.006792008998915401
15549.0,143.69883402,-0.006789988836225596
15550.0,143.6781609,-0.0067879686735357915
15551.0,143.65754711,-0.006785948510845987
15552.0,143.63693332,-0.006783928348156182
15553.0,143.61631953,-0.006781908185466377
15554.0,143.59570574,-0.006779888022776572
15555.0,143.57509195,-0.006777867860086767
15556.0,143.55447816,-0.006775847697396963
15557.0,143.53386437,-0.0067738275347071575
15558.0,143.51325058,-0.006771807372017353
15559.0,143.49263679,-0.006769787209327548
15560.0,143.472023,-0.006767767046637743
15561.0,143.472023,-0.006765746883947939
15562.0,143.472023,-0.006763726721258133
15563.0,143.472023,-0.006761706558568329
15564.0,143.472023,-0.0067596863958785235
15565.0,143.472023,-0.006757666233188719
15566.0,143.472023,-0.0067556460704989146
15567.0,143.472023,-0.006753625907809109
15568.0,143.472023,-0.006751605745119305
15569.0,143.472023,-0.006749585582429499
15570.0,143.472023,-0.006747565419739695
15571.0,143.45146826,-0.00674554525704989
15572.0,143.43091352000002,-0.006743525094360085
15573.0,143.41035878,-0.006741504931670281
15574.0,143.38980404,-0.006739484768980475
15575.0,143.3692493,-0.006737464606290671
15576.0,143.34869456,-0.006735444443600866
15577.0,143.32813982000002,-0.006733424280911061
15578.0,143.30758508,-0.006731404118221256
15579.0,143.28703034,-0.006729383955531451
15580.0,143.2664756,-0.006727363792841647
15581.0,143.2664756,-0.006725343630151842
15582.0,143.2664756,-0.00672330523969631
15583.0,143.2664756,-0.0067211939381778725
15584.0,143.2664756,-0.006719082636659434
15585.0,143.2664756,-0.006716971335140996
15586.0,143.2664756,-0.0067148600336225574
15587.0,143.2664756,-0.00671274873210412
15588.0,143.2664756,-0.006710637430585681
15589.0,143.2664756,-0.006708526129067243
15590.0,143.2664756,-0.0067064148275488055
15591.0,143.2664756,-0.006704303526030367
15592.0,143.2664756,-0.006702192224511929
15593.0,143.2664756,-0.00670008092299349
15594.0,143.2664756,-0.006697969621475053
15595.0,143.2664756,-0.006695858319956614
15596.0,143.2664756,-0.006693747018438176
15597.0,143.2664756,-0.0066916357169197384
15598.0,143.2664756,-0.0066895244154013
15599.0,143.2664756,-0.006687413113882862
15600.0,143.2664756,-0.006685301812364423
15601.0,143.24597969,-0.006683190510845986
15602.0,143.22548378000002,-0.006681079209327547
15603.0,143.20498787,-0.006678967907809109
15604.0,143.18449196,-0.006676856606290671
15605.0,143.16399605,-0.006674745304772233
15606.0,143.14350014000001,-0.006672634003253795
15607.0,143.12300423000002,-0.006670522701735356
15608.0,143.10250832,-0.006668411400216919
15609.0,143.08201241,-0.006666300098698481
15610.0,143.0615165,-0.006664188797180042
15611.0,143.04107914000002,-0.006662077495661604
15612.0,143.02064178,-0.006659966194143166
15613.0,143.00020442000002,-0.006657854892624728
15614.0,142.97976706,-0.006655743591106289
15615.0,142.9593297,-0.0066536322895878516
15616.0,142.93889234000002,-0.006651520988069414
15617.0,142.91845498,-0.006649409686550975
15618.0,142.89801762000002,-0.006647298385032537
15619.0,142.87758026,-0.006645187083514099
15620.0,142.8571429,-0.006643075781995661
15621.0,142.8571429,-0.006640964480477222
15622.0,142.8571429,-0.0066388531789587845
15623.0,142.8571429,-0.006636741877440347
15624.0,142.8571429,-0.006634630575921908
15625.0,142.8571429,-0.00663251927440347
15626.0,142.8571429,-0.006630407972885032
15627.0,142.8571429,-0.006628296671366594
15628.0,142.8571429,-0.00662618254989154
15629.0,142.8571429,-0.006624043048806941
15630.0,142.8571429,-0.0066219035477223425
15631.0,142.83676385,-0.006619764046637743
15632.0,142.8163848,-0.006617624545553145
15633.0,142.79600575,-0.006615485044468546
15634.0,142.7756267,-0.006613345543383948
15635.0,142.75524765,-0.006611206042299349
15636.0,142.7348686,-0.00660906654121475
15637.0,142.71448955,-0.006606927040130151
15638.0,142.6941105,-0.006604787539045553
15639.0,142.67373145,-0.006602648037960954
15640.0,142.6533524,-0.006600508536876356
15641.0,142.63303141,-0.0065983690357917565
15642.0,142.61271041999998,-0.006596229534707158
15643.0,142.59238943,-0.006594090033622559
15644.0,142.57206843999998,-0.006591950532537961
15645.0,142.55174745,-0.006589811031453362
15646.0,142.53142646,-0.0065876715303687635
15647.0,142.51110547,-0.006585532029284164
15648.0,142.49078448,-0.006583392528199566
15649.0,142.47046349,-0.006581253027114967
15650.0,142.4501425,-0.006579113526030369
15651.0,142.4501425,-0.00657697402494577
15652.0,142.4501425,-0.006574834523861171
15653.0,142.4501425,-0.006572695022776572
15654.0,142.4501425,-0.006570555521691974
15655.0,142.4501425,-0.006568416020607375
15656.0,142.4501425,-0.006566276519522777
15657.0,142.4501425,-0.0065641370184381775
15658.0,142.4501425,-0.006561997517353579
15659.0,142.4501425,-0.00655985801626898
15660.0,142.4501425,-0.006557718515184382
15661.0,142.42987932,-0.006555579014099783
15662.0,142.40961614,-0.0065534395130151845
15663.0,142.38935296,-0.006551300011930585
15664.0,142.36908978,-0.006549160510845987
15665.0,142.3488266,-0.006547021009761388
15666.0,142.32856342,-0.00654488150867679
15667.0,142.30830024,-0.006542742007592191
15668.0,142.28803706,-0.006540602506507592
15669.0,142.26777388,-0.006538463005422993
15670.0,142.2475107,-0.006536323504338395
15671.0,142.2475107,-0.006534184003253796
15672.0,142.2475107,-0.006532044502169198
15673.0,142.2475107,-0.0065299050010845985
15674.0,142.2475107,-0.0065277655
15675.0,142.2475107,-0.006525608634490239
15676.0,142.2475107,-0.006523451768980478
15677.0,142.2475107,-0.006521294903470716
15678.0,142.2475107,-0.0065191380379609545
15679.0,142.2475107,-0.006516981172451193
15680.0,142.2475107,-0.006514824306941432
15681.0,142.2475107,-0.0065126674414316705
15682.0,142.2475107,-0.006510510575921909
15683.0,142.2475107,-0.006508353710412148
15684.0,142.2475107,-0.0065061968449023865
15685.0,142.2475107,-0.006504039979392625
15686.0,142.2475107,-0.006501883113882864
15687.0,142.2475107,-0.006499726248373102
15688.0,142.2475107,-0.006497569382863341
15689.0,142.2475107,-0.006495412517353579
15690.0,142.2475107,-0.006493255651843818
15691.0,142.22730508,-0.006491098786334057
15692.0,142.20709946,-0.006488941920824295
15693.0,142.18689383999998,-0.006486785055314534
15694.0,142.16668822,-0.006484628189804773
15695.0,142.1464826,-0.006482471324295011
15696.0,142.12627698,-0.00648031445878525
15697.0,142.10607136,-0.006478157593275489
15698.0,142.08586574,-0.006476000727765727
15699.0,142.06566012000002,-0.006473843862255965
15700.0,142.0454545,-0.006471686996746205
15701.0,142.02530621,-0.006469530131236443
15702.0,142.00515792000002,-0.006467373265726681
15703.0,141.98500963,-0.0064652164002169206
15704.0,141.96486134,-0.006463059534707159
15705.0,141.94471305000002,-0.006460902669197397
15706.0,141.92456476,-0.0064587458036876365
15707.0,141.90441647,-0.006456588938177875
15708.0,141.88426818,-0.006454432072668113
15709.0,141.86411989,-0.006452275207158352
15710.0,141.8439716,-0.006450118341648591
15711.0,141.82388039,-0.006447961476138829
15712.0,141.80378918,-0.0064458046106290676
15713.0,141.78369797,-0.006443647745119307
15714.0,141.76360676,-0.006441490879609545
15715.0,141.74351554999998,-0.0064393340140997835
15716.0,141.72342434,-0.006437177148590023
15717.0,141.70333313,-0.006435020283080261
15718.0,141.68324192,-0.0064328634175704995
15719.0,141.66315071,-0.006430706552060738
15720.0,141.6430595,-0.006428549686550977
15721.0,141.6430595,-0.006426390868763558
15722.0,141.6430595,-0.0064242318340564
15723.0,141.6430595,-0.006422072799349241
15724.0,141.6430595,-0.006419913764642083
15725.0,141.6430595,-0.006417754729934925
15726.0,141.6430595,-0.0064155956952277665
15727.0,141.6430595,-0.0064134366605206085
15728.0,141.6430595,-0.00641127762581345
15729.0,141.6430595,-0.006409118591106292
15730.0,141.6430595,-0.006406959556399134
15731.0,141.62302512,-0.006404800521691975
15732.0,141.60299074,-0.006402641486984817
15733.0,141.58295636,-0.006400482452277658
15734.0,141.56292198,-0.0063983234175705
15735.0,141.5428876,-0.006396164382863342
15736.0,141.52285322,-0.006394005348156183
15737.0,141.50281884,-0.006391846313449025
15738.0,141.48278446,-0.006389687278741867
15739.0,141.46275008,-0.006387528244034708
15740.0,141.4427157,-0.00638536920932755
15741.0,141.4427157,-0.006383210174620391
15742.0,141.4427157,-0.006381051139913233
15743.0,141.4427157,-0.006378892105206075
15744.0,141.4427157,-0.0063767330704989165
15745.0,141.4427157,-0.0063745740357917585
15746.0,141.4427157,-0.0063724150010846005
15747.0,141.4427157,-0.006370255966377442
15748.0,141.4427157,-0.006368096931670284
15749.0,141.4427157,-0.006365937896963125
15750.0,141.4427157,-0.006363778862255967
15751.0,141.42273792,-0.006361619827548809
15752.0,141.40276014,-0.00635946079284165
15753.0,141.38278236,-0.006357301758134492
15754.0,141.36280458,-0.006355142723427333
15755.0,141.3428268,-0.006352983688720175
15756.0,141.32284902,-0.006350824654013017
15757.0,141.30287124,-0.006348665619305858
15758.0,141.28289346,-0.0063465065845987
15759.0,141.26291568,-0.006344347549891542
15760.0,141.2429379,-0.006342188515184383
15761.0,141.2429379,-0.006340029480477225
15762.0,141.2429379,-0.0063378704457700665
15763.0,141.2429379,-0.0063357114110629085
15764.0,141.2429379,-0.0063335523763557505
15765.0,141.2429379,-0.006331393341648592
15766.0,141.2429379,-0.006329234306941434
15767.0,141.2429379,-0.006327077007592193
15768.0,141.2429379,-0.006324920142082431
15769.0,141.2429379,-0.00632276327657267
15770.0,141.2429379,-0.006320606411062908
15771.0,141.22301646999998,-0.006318449545553147
15772.0,141.20309504,-0.006316292680043386
15773.0,141.18317360999998,-0.006314135814533624
15774.0,141.16325218,-0.006311978949023862
15775.0,141.14333075,-0.006309822083514101
15776.0,141.12340931999998,-0.00630766521800434
15777.0,141.10348789,-0.006305508352494578
15778.0,141.08356646,-0.006303351486984817
15779.0,141.06364503,-0.006301194621475055
15780.0,141.0437236,-0.006299037755965293
15781.0,141.02385827999998,-0.006296880890455533
15782.0,141.00399296,-0.006294724024945771
15783.0,140.98412764,-0.006292567159436009
15784.0,140.96426232,-0.006290410293926248
15785.0,140.94439699999998,-0.006288253428416486
15786.0,140.92453168,-0.006286096562906725
15787.0,140.90466636,-0.006283939697396964
15788.0,140.88480103999999,-0.006281782831887202
15789.0,140.86493572,-0.00627962596637744
15790.0,140.8450704,-0.006277469100867679
15791.0,140.82526097,-0.006275312235357918
15792.0,140.80545154,-0.006273155369848156
15793.0,140.78564211,-0.006270998504338395
15794.0,140.76583268,-0.006268841638828633
15795.0,140.74602325,-0.006266684773318871
15796.0,140.72621382,-0.006264527907809111
15797.0,140.70640439,-0.006262371042299349
15798.0,140.68659495999998,-0.006260214176789587
15799.0,140.66678553,-0.006258057311279826
15800.0,140.6469761,-0.006255900445770064
15801.0,140.6469761,-0.006253743580260303
15802.0,140.6469761,-0.006251586714750542
15803.0,140.6469761,-0.00624942984924078
15804.0,140.6469761,-0.006247272983731018
15805.0,140.6469761,-0.006245116118221257
15806.0,140.6469761,-0.006242959252711496
15807.0,140.6469761,-0.006240802387201734
15808.0,140.6469761,-0.006238645521691973
15809.0,140.6469761,-0.006236488656182211
15810.0,140.6469761,-0.0062343317906724495
15811.0,140.62722230999998,-0.006232174925162689
15812.0,140.60746852,-0.006230018059652927
15813.0,140.58771473,-0.006227855120390454
15814.0,140.56796094,-0.006225689578091105
15815.0,140.54820715,-0.006223524035791755
15816.0,140.52845336,-0.006221358493492406
15817.0,140.50869957,-0.006219192951193057
15818.0,140.48894578,-0.006217027408893708
15819.0,140.46919199,-0.006214861866594358
15820.0,140.4494382,-0.0062126963242950094
15821.0,140.4494382,-0.00621053078199566
15822.0,140.4494382,-0.006208365239696311
15823.0,140.4494382,-0.006206199697396961
15824.0,140.4494382,-0.0062040341550976125
15825.0,140.4494382,-0.006201868612798263
15826.0,140.4494382,-0.006199703070498914
15827.0,140.4494382,-0.006197537528199564
15828.0,140.4494382,-0.0061953719859002155
15829.0,140.4494382,-0.006193206443600866
15830.0,140.4494382,-0.006191040901301517
15831.0,140.42973982,-0.006188875359002168
15832.0,140.41004144000001,-0.0061867098167028185
15833.0,140.39034306,-0.00618454427440347
15834.0,140.37064468,-0.00618237873210412
15835.0,140.3509463,-0.006180213189804771
15836.0,140.33124792,-0.0061780476475054216
15837.0,140.31154954000002,-0.006175882105206073
15838.0,140.29185116,-0.006173716562906723
15839.0,140.27215278,-0.006171551020607374
15840.0,140.2524544,-0.006169385478308025
15841.0,140.2524544,-0.006167219936008676
15842.0,140.2524544,-0.006165054393709326
15843.0,140.2524544,-0.006162888851409977
15844.0,140.2524544,-0.006160723309110628
15845.0,140.2524544,-0.006158557766811279
15846.0,140.2524544,-0.006156392224511929
15847.0,140.2524544,-0.00615422668221258
15848.0,140.2524544,-0.006152061139913231
15849.0,140.2524544,-0.006149895597613882
15850.0,140.2524544,-0.006147730055314532
15851.0,140.2524544,-0.006145564513015183
15852.0,140.2524544,-0.006143398970715834
15853.0,140.2524544,-0.006141233428416485
15854.0,140.2524544,-0.006139067886117135
15855.0,140.2524544,-0.006136902343817786
15856.0,140.2524544,-0.006134736801518437
15857.0,140.2524544,-0.006132571259219088
15858.0,140.2524544,-0.006130405716919738
15859.0,140.2524544,-0.006128232359002168
15860.0,140.2524544,-0.00612605379067245
15861.0,140.2524544,-0.006123875222342732
15862.0,140.2524544,-0.006121696654013014
15863.0,140.2524544,-0.006119518085683296
15864.0,140.2524544,-0.006117339517353578
15865.0,140.2524544,-0.00611516094902386
15866.0,140.2524544,-0.006112982380694142
15867.0,140.2524544,-0.006110803812364425
15868.0,140.2524544,-0.006108625244034706
15869.0,140.2524544,-0.006106446675704988
15870.0,140.2524544,-0.0061042681073752705
15871.0,140.2524544,-0.006102089539045553
15872.0,140.2524544,-0.006099910970715834
15873.0,140.2524544,-0.006097732402386116
15874.0,140.2524544,-0.006095553834056399
15875.0,140.2524544,-0.00609337526572668
15876.0,140.2524544,-0.006091196697396962
15877.0,140.2524544,-0.006089018129067245
15878.0,140.2524544,-0.006086839560737527
15879.0,140.2524544,-0.006084660992407808
15880.0,140.2524544,-0.0060824824240780905
15881.0,140.2524544,-0.006080303855748373
15882.0,140.2524544,-0.006078125287418655
15883.0,140.2524544,-0.0060759467190889364
15884.0,140.2524544,-0.006073768150759219
15885.0,140.2524544,-0.006071589582429501
15886.0,140.2524544,-0.006069411014099782
15887.0,140.2524544,-0.006067232445770065
15888.0,140.2524544,-0.006065053877440347
15889.0,140.2524544,-0.006062875309110629
15890.0,140.2524544,-0.0060606967407809105
15891.0,140.23281120000001,-0.006058518172451193
15892.0,140.213168,-0.006056339604121475
15893.0,140.1935248,-0.006054161035791757
15894.0,140.1738816,-0.006051982467462039
15895.0,140.1542384,-0.006049803899132321
15896.0,140.1345952,-0.006047625330802603
15897.0,140.114952,-0.0060454467624728855
15898.0,140.0953088,-0.006043268194143167
15899.0,140.07566559999998,-0.006041089625813449
15900.0,140.0560224,-0.006038911057483731
15901.0,140.0560224,-0.006036732489154013
15902.0,140.0560224,-0.006034553920824295
15903.0,140.0560224,-0.006032375352494577
15904.0,140.0560224,-0.00603019678416486
15905.0,140.0560224,-0.006028019305856834
15906.0,140.0560224,-0.0060258429175705
15907.0,140.0560224,-0.0060236665292841655
15908.0,140.0560224,-0.0060214901409978315
15909.0,140.0560224,-0.006019313752711497
15910.0,140.0560224,-0.006017137364425163
15911.0,140.03643415,-0.006014960976138829
15912.0,140.0168459,-0.006012784587852495
15913.0,139.99725765,-0.006010608199566161
15914.0,139.9776694,-0.006008431811279827
15915.0,139.95808115,-0.006006255422993493
15916.0,139.9384929,-0.006004079034707159
15917.0,139.91890465,-0.006001902646420825
15918.0,139.8993164,-0.005999726258134491
15919.0,139.87972815,-0.005997549869848157
15920.0,139.8601399,-0.0059953734815618226
15921.0,139.84060636,-0.0059931970932754885
15922.0,139.82107282,-0.005991020704989154
15923.0,139.80153928000001,-0.00598884431670282
15924.0,139.78200574000002,-0.005986667928416486
15925.0,139.7624722,-0.005984491540130152
15926.0,139.74293866,-0.005982315151843818
15927.0,139.72340512,-0.005980138763557484
15928.0,139.70387158,-0.00597796237527115
15929.0,139.68433804,-0.005975785986984816
15930.0,139.6648045,-0.005973609598698483
15931.0,139.6648045,-0.005971433210412149
15932.0,139.6648045,-0.0059692568221258145
15933.0,139.6648045,-0.0059670804338394804
15934.0,139.6648045,-0.005964904045553146
15935.0,139.6648045,-0.005962727657266812
15936.0,139.6648045,-0.005960551268980478
15937.0,139.6648045,-0.005958374880694144
15938.0,139.6648045,-0.00595619849240781
15939.0,139.6648045,-0.005954022104121476
15940.0,139.6648045,-0.005951845715835142
15941.0,139.64532544,-0.005949669327548808
15942.0,139.62584638,-0.005947492939262474
15943.0,139.60636732,-0.00594531655097614
15944.0,139.58688826,-0.005943140162689806
15945.0,139.5674092,-0.0059409637744034715
15946.0,139.54793014,-0.0059387873861171375
15947.0,139.52845108,-0.005936610997830803
15948.0,139.50897202,-0.005934434609544469
15949.0,139.48949296,-0.005932258221258135
15950.0,139.4700139,-0.005930081832971801
15951.0,139.45058911,-0.005927905440347073
15952.0,139.43116432,-0.0059257290412147515
15953.0,139.41173953,-0.005923552642082431
15954.0,139.39231474,-0.00592137624295011
15955.0,139.37288995,-0.005919199843817788
15956.0,139.35346516,-0.005917023444685468
15957.0,139.33404037,-0.005914847045553146
15958.0,139.31461558,-0.005912670646420826
15959.0,139.29519079,-0.005910494247288504
15960.0,139.275766,-0.005908317848156183
15961.0,139.37343484000002,-0.0059061414490238625
15962.0,139.47110368,-0.005903965049891541
15963.0,139.56877252,-0.005901788650759221
15964.0,139.66644136,-0.005899612251626899
15965.0,139.7641102,-0.005897435852494578
15966.0,139.86177904000002,-0.005895259453362257
15967.0,139.95944788,-0.005893083054229936
15968.0,140.05711672,-0.0058909066550976155
15969.0,140.15478556,-0.005888730255965294
15970.0,140.2524544,-0.005886553856832974
15971.0,140.29190657,-0.005884377457700652
15972.0,140.33135874,-0.005882201058568331
15973.0,140.37081091,-0.00588002465943601
15974.0,140.41026308,-0.005877848260303689
15975.0,140.44971525,-0.0058756718611713684
15976.0,140.48916742,-0.005873495462039047
15977.0,140.52861959,-0.005871319062906726
15978.0,140.56807175999998,-0.005869142663774405
15979.0,140.60752392999999,-0.005866966264642084
15980.0,140.6469761,-0.005864789865509763
15981.0,140.62722230999998,-0.005862613466377442
15982.0,140.60746852,-0.0058604370672451205
15983.0,140.58771473,-0.0058582606681128
15984.0,140.56796094,-0.005856084268980479
15985.0,140.54820715,-0.005853907869848158
15986.0,140.52845336,-0.005851731470715837
15987.0,140.50869957,-0.005849555071583516
15988.0,140.48894578,-0.005847378672451195
15989.0,140.46919199,-0.0058452022733188735
15990.0,140.4494382,-0.005843025874186553
15991.0,140.42973982,-0.005840849475054232
15992.0,140.41004144000001,-0.005838673075921911
15993.0,140.39034306,-0.00583649667678959
15994.0,140.37064468,-0.005834320277657268
15995.0,140.3509463,-0.005832143878524948
15996.0,140.33124792,-0.005829967479392626
15997.0,140.31154954000002,-0.0058277878264642105
15998.0,140.29185116,-0.005825600581344904
15999.0,140.27215278,-0.005823413336225598
16000.0,140.2524544,-0.005821226091106292
16001.0,140.23281120000001,-0.0058190388459869865
16002.0,140.213168,-0.005816851600867681
16003.0,140.1935248,-0.005814664355748375
16004.0,140.1738816,-0.005812477110629068
16005.0,140.1542384,-0.0058102898655097625
16006.0,140.1345952,-0.005808102620390457
16007.0,140.114952,-0.005805915375271151
16008.0,140.0953088,-0.005803728130151845
16009.0,140.07566559999998,-0.005801540885032539
16010.0,140.0560224,-0.005799353639913233
16011.0,140.03643415,-0.005797166394793927
16012.0,140.0168459,-0.005794979149674621
16013.0,139.99725765,-0.0057927919045553155
16014.0,139.9776694,-0.00579060465943601
16015.0,139.95808115,-0.005788417414316703
16016.0,139.9384929,-0.005786230169197397
16017.0,139.91890465,-0.0057840429240780915
16018.0,139.8993164,-0.005781855678958786
16019.0,139.87972815,-0.00577966843383948
16020.0,139.8601399,-0.005777481188720173
16021.0,139.84060636,-0.0057752939436008675
16022.0,139.82107282,-0.005773106698481562
16023.0,139.80153928000001,-0.005770919453362256
16024.0,139.78200574000002,-0.00576873220824295
16025.0,139.7624722,-0.005766544963123644
16026.0,139.74293866,-0.005764357718004338
16027.0,139.72340512,-0.005762170472885032
16028.0,139.70387158,-0.005759983227765726
16029.0,139.68433804,-0.00575779598264642
16030.0,139.6648045,-0.005755608737527115
16031.0,139.64532544,-0.005753421492407808
16032.0,139.62584638,-0.005751234247288502
16033.0,139.60636732,-0.005749047002169196
16034.0,139.58688826,-0.005746859757049891
16035.0,139.5674092,-0.005744672511930585
16036.0,139.54793014,-0.005742485266811279
16037.0,139.52845108,-0.0057402980216919725
16038.0,139.50897202,-0.005738110776572667
16039.0,139.48949296,-0.005735923531453361
16040.0,139.4700139,-0.005733736286334055
16041.0,139.4700139,-0.005731549041214749
16042.0,139.4700139,-0.0057293617960954436
16043.0,139.4700139,-0.005727176288503252
16044.0,139.4700139,-0.005724997731019521
16045.0,139.4700139,-0.00572281917353579
16046.0,139.4700139,-0.005720640616052059
16047.0,139.4700139,-0.005718462058568328
16048.0,139.4700139,-0.005716283501084597
16049.0,139.4700139,-0.005714104943600866
16050.0,139.4700139,-0.005711926386117135
16051.0,139.45058911,-0.005709747828633404
16052.0,139.43116432,-0.005707569271149673
16053.0,139.41173953,-0.005705390713665942
16054.0,139.39231474,-0.005703212156182211
16055.0,139.37288995,-0.00570103359869848
16056.0,139.35346516,-0.005698855041214749
16057.0,139.33404037,-0.005696676483731018
16058.0,139.31461558,-0.005694497926247287
16059.0,139.29519079,-0.005692319368763556
16060.0,139.275766,-0.005690140811279825
16061.0,139.25639524000002,-0.005687962253796094
16062.0,139.23702448,-0.005685783696312363
16063.0,139.21765372,-0.005683605138828632
16064.0,139.19828296,-0.005681426581344901
16065.0,139.1789122,-0.00567924802386117
16066.0,139.15954144,-0.005677069466377439
16067.0,139.14017067999998,-0.005674890908893708
16068.0,139.12079992,-0.0056727123514099765
16069.0,139.10142916,-0.005670533793926246
16070.0,139.0820584,-0.005668355236442515
16071.0,139.0820584,-0.0056661766789587835
16072.0,139.0820584,-0.005663998121475053
16073.0,139.0820584,-0.005661819563991322
16074.0,139.0820584,-0.0056596410065075905
16075.0,139.0820584,-0.00565746244902386
16076.0,139.0820584,-0.005655283891540129
16077.0,139.0820584,-0.005653105334056397
16078.0,139.0820584,-0.005650926776572667
16079.0,139.0820584,-0.005648748219088936
16080.0,139.0820584,-0.005646569661605204
16081.0,139.04347808,-0.005644391104121474
16082.0,139.00489776,-0.005642212546637743
16083.0,138.96631743999998,-0.005640033989154011
16084.0,138.92773712,-0.005637855431670281
16085.0,138.8891568,-0.00563567687418655
16086.0,138.85057648,-0.005633498316702819
16087.0,138.81199616,-0.005631319759219088
16088.0,138.77341583999998,-0.0056291412017353566
16089.0,138.73483552,-0.005626963511930584
16090.0,138.6962552,-0.005624793631236441
16091.0,138.67704519,-0.005622623750542299
16092.0,138.65783518,-0.005620453869848155
16093.0,138.63862516999998,-0.005618283989154012
16094.0,138.61941516,-0.005616114108459869
16095.0,138.60020515,-0.005613944227765726
16096.0,138.58099514,-0.005611774347071582
16097.0,138.56178513,-0.005609604466377439
16098.0,138.54257511999998,-0.005607434585683297
16099.0,138.52336511,-0.005605264704989153
16100.0,138.5041551,-0.00560309482429501
16101.0,138.5041551,-0.005600924943600867
16102.0,138.5041551,-0.005598755062906724
16103.0,138.5041551,-0.00559658518221258
16104.0,138.5041551,-0.005594415301518437
16105.0,138.5041551,-0.005592245420824295
16106.0,138.5041551,-0.0055900755401301514
16107.0,138.5041551,-0.005587905659436008
16108.0,138.5041551,-0.005585735778741865
16109.0,138.5041551,-0.005583565898047722
16110.0,138.5041551,-0.005581396017353578
16111.0,138.48499823,-0.005579226136659435
16112.0,138.46584135999998,-0.005577056255965293
16113.0,138.44668449,-0.0055748863752711495
16114.0,138.42752761999998,-0.005572716494577006
16115.0,138.40837075,-0.005570546613882863
16116.0,138.38921388,-0.00556837673318872
16117.0,138.37005700999998,-0.005566206852494576
16118.0,138.35090014,-0.005564036971800433
16119.0,138.33174326999998,-0.005561867091106291
16120.0,138.3125864,-0.0055596972104121475
16121.0,138.29348245999998,-0.005557527329718004
16122.0,138.27437852,-0.005555357449023861
16123.0,138.25527458,-0.005553187568329718
16124.0,138.23617063999998,-0.0055510176876355745
16125.0,138.21706669999998,-0.005548847806941432
16126.0,138.19796276,-0.005546677926247289
16127.0,138.17885882,-0.0055445080455531455
16128.0,138.15975487999998,-0.005542338164859002
16129.0,138.14065094,-0.005540168284164859
16130.0,138.121547,-0.005537998403470716
16131.0,138.121547,-0.0055358285227765725
16132.0,138.121547,-0.00553365864208243
16133.0,138.121547,-0.005531488761388287
16134.0,138.121547,-0.0055293188806941436
16135.0,138.121547,-0.005527149
16136.0,138.121547,-0.005524987796095445
16137.0,138.121547,-0.00552282659219089
16138.0,138.121547,-0.005520665388286335
16139.0,138.121547,-0.005518504184381779
16140.0,138.121547,-0.005516342980477223
16141.0,138.10249575,-0.005514181776572668
16142.0,138.08344449999998,-0.005512020572668113
16143.0,138.06439325,-0.005509859368763558
16144.0,138.045342,-0.005507698164859002
16145.0,138.02629075,-0.005505536960954447
16146.0,138.0072395,-0.005503375757049892
16147.0,137.98818825,-0.005501214553145337
16148.0,137.96913700000002,-0.0054990533492407815
16149.0,137.95008575,-0.005496892145336226
16150.0,137.9310345,-0.00549473094143167
16151.0,137.91203573,-0.005492569737527115
16152.0,137.89303696000002,-0.00549040853362256
16153.0,137.87403819,-0.0054882473297180046
16154.0,137.85503942,-0.005486086125813449
16155.0,137.83604065,-0.005483924921908894
16156.0,137.81704188,-0.005481763718004339
16157.0,137.79804311,-0.005479602514099784
16158.0,137.77904433999998,-0.0054774413101952284
16159.0,137.76004557,-0.005475280106290672
16160.0,137.7410468,-0.005473118902386117
16161.0,137.7410468,-0.005470957698481562
16162.0,137.7410468,-0.005468796494577007
16163.0,137.7410468,-0.0054666352906724515
16164.0,137.7410468,-0.005464474086767896
16165.0,137.7410468,-0.005462312882863341
16166.0,137.7410468,-0.005460151678958786
16167.0,137.7410468,-0.0054579904750542306
16168.0,137.7410468,-0.0054558292711496745
16169.0,137.7410468,-0.005453668067245119
16170.0,137.7410468,-0.005451506863340564
16171.0,137.7221003,-0.005449345659436009
16172.0,137.7031538,-0.005447184455531454
16173.0,137.6842073,-0.005445023251626898
16174.0,137.6652608,-0.005442862047722343
16175.0,137.6463143,-0.005440700843817788
16176.0,137.6273678,-0.005438539639913233
16177.0,137.6084213,-0.0054363784360086775
16178.0,137.5894748,-0.005434217232104121
16179.0,137.5705283,-0.005432056028199566
16180.0,137.5515818,-0.005429894824295011
16181.0,137.58952707,-0.005427733620390456
16182.0,137.62747234,-0.005425584130151844
16183.0,137.66541761000002,-0.00542343594143167
16184.0,137.70336288000001,-0.005421287752711497
16185.0,137.74130815,-0.005419139563991324
16186.0,137.77925342,-0.00541699137527115
16187.0,137.81719869,-0.005414843186550977
16188.0,137.85514396000002,-0.005412694997830803
16189.0,137.89308923000002,-0.00541054680911063
16190.0,137.9310345,-0.005408398620390456
16191.0,137.91203573,-0.0054062504316702824
16192.0,137.89303696000002,-0.005404102242950109
16193.0,137.87403819,-0.005401954054229935
16194.0,137.85503942,-0.0053998058655097625
16195.0,137.83604065,-0.005397657676789589
16196.0,137.81704188,-0.005395509488069415
16197.0,137.79804311,-0.005393361299349242
16198.0,137.77904433999998,-0.005391213110629068
16199.0,137.76004557,-0.0053890649219088945
16200.0,137.7410468,-0.005386916733188721
16201.0,137.7410468,-0.005384768544468547
16202.0,137.7410468,-0.005382620355748374
16203.0,137.7410468,-0.005380472167028201
16204.0,137.7410468,-0.005378323978308027
16205.0,137.7410468,-0.005376175789587854
16206.0,137.7410468,-0.00537402760086768
16207.0,137.7410468,-0.005371879412147507
16208.0,137.7410468,-0.005369731223427333
16209.0,137.7410468,-0.0053675830347071594
16210.0,137.7410468,-0.005365434845986986
16211.0,137.7221003,-0.005363286657266812
16212.0,137.7031538,-0.0053611384685466395
16213.0,137.6842073,-0.005358990279826466
16214.0,137.6652608,-0.005356842091106292
16215.0,137.6463143,-0.005354693902386119
16216.0,137.6273678,-0.005352545713665945
16217.0,137.6084213,-0.0053503975249457715
16218.0,137.5894748,-0.005348249336225598
16219.0,137.5705283,-0.005346101147505424
16220.0,137.5515818,-0.005343952958785251
16221.0,137.53268736,-0.005341804770065078
16222.0,137.51379292000001,-0.005339656581344904
16223.0,137.49489848000002,-0.005337508392624731
16224.0,137.47600404000002,-0.005335360203904557
16225.0,137.45710960000002,-0.005333212015184384
16226.0,137.43821516,-0.00533106382646421
16227.0,137.41932072,-0.0053289156377440364
16228.0,137.40042628,-0.005326788281995664
16229.0,137.38153184,-0.005324666134490241
16230.0,137.3626374,-0.0053225439869848176
16231.0,137.3626374,-0.0053204218394793945
16232.0,137.3626374,-0.0053182996919739715
16233.0,137.3626374,-0.005316177544468548
16234.0,137.3626374,-0.005314055396963125
16235.0,137.3626374,-0.005311933249457702
16236.0,137.3626374,-0.0053098111019522784
16237.0,137.3626374,-0.005307688954446855
16238.0,137.3626374,-0.005305566806941432
16239.0,137.3626374,-0.005303444659436009
16240.0,137.3626374,-0.005301322511930586
16241.0,137.34379478,-0.005299200364425163
16242.0,137.32495216,-0.00529707821691974
16243.0,137.30610954000002,-0.005294956069414317
16244.0,137.28726692,-0.005292833921908894
16245.0,137.2684243,-0.005290711774403471
16246.0,137.24958168,-0.005288589626898048
16247.0,137.23073906000002,-0.005286467479392625
16248.0,137.21189644,-0.005284345331887202
16249.0,137.19305382,-0.005282223184381779
16250.0,137.1742112,-0.005280101036876356
16251.0,137.1742112,-0.005277978889370933
16252.0,137.1742112,-0.00527585674186551
16253.0,137.1742112,-0.005273734594360087
16254.0,137.1742112,-0.005271612446854664
16255.0,137.1742112,-0.005269490299349241
16256.0,137.1742112,-0.005267368151843818
16257.0,137.1742112,-0.0052652460043383946
16258.0,137.1742112,-0.0052631238568329715
16259.0,137.1742112,-0.0052610017093275485
16260.0,137.1742112,-0.0052588795618221254
16261.0,137.15542022,-0.005256757414316702
16262.0,137.13662924,-0.005254635266811279
16263.0,137.11783826,-0.005252513119305856
16264.0,137.09904728,-0.005250390971800433
16265.0,137.0802563,-0.005248268824295009
16266.0,137.06146532,-0.005246146676789586
16267.0,137.04267434,-0.005244024529284163
16268.0,137.02388336,-0.00524190238177874
16269.0,137.00509238,-0.005239780234273317
16270.0,136.9863014,-0.005237658086767894
16271.0,136.9863014,-0.005235535939262471
16272.0,136.9863014,-0.005233413791757048
16273.0,136.9863014,-0.005231291644251625
16274.0,136.9863014,-0.005229181651843816
16275.0,136.9863014,-0.005227076868763556
16276.0,136.9863014,-0.005224972085683296
16277.0,136.9863014,-0.0052228673026030355
16278.0,136.9863014,-0.005220762519522775
16279.0,136.9863014,-0.005218657736442514
16280.0,136.9863014,-0.005216552953362255
16281.0,136.9863014,-0.005214448170281994
16282.0,136.9863014,-0.005212343387201734
16283.0,136.9863014,-0.005210238604121474
16284.0,136.9863014,-0.0052081338210412135
16285.0,136.9863014,-0.005206029037960953
16286.0,136.9863014,-0.0052039242548806925
16287.0,136.9863014,-0.005201819471800433
16288.0,136.9863014,-0.005199714688720172
16289.0,136.9863014,-0.005197609905639912
16290.0,136.9863014,-0.005195505122559652
16291.0,136.96756182000001,-0.005193400339479392
16292.0,136.94882224,-0.005191295556399131
16293.0,136.93008266,-0.0051891907733188705
16294.0,136.91134308,-0.005187085990238611
16295.0,136.8926035,-0.00518498120715835
16296.0,136.87386392000002,-0.00518287642407809
16297.0,136.85512434,-0.00518077164099783
16298.0,136.83638476000002,-0.00517866685791757
16299.0,136.81764518,-0.005176562074837309
16300.0,136.7989056,-0.005174457291757049
16301.0,136.7989056,-0.005172352508676789
16302.0,136.7989056,-0.005170247725596528
16303.0,136.7989056,-0.005168142942516268
16304.0,136.7989056,-0.005166038159436008
16305.0,136.7989056,-0.005163933376355748
16306.0,136.7989056,-0.005161828593275487
16307.0,136.7989056,-0.0051597238101952275
16308.0,136.7989056,-0.005157619027114967
16309.0,136.7989056,-0.0051555142440347064
16310.0,136.7989056,-0.005153409460954446
16311.0,136.78021723,-0.005151304677874186
16312.0,136.76152886,-0.005149199894793926
16313.0,136.74284049000002,-0.005147095111713665
16314.0,136.72415212,-0.0051449903286334055
16315.0,136.70546375,-0.005142885545553145
16316.0,136.68677538,-0.0051407807624728845
16317.0,136.66808701,-0.005138675979392624
16318.0,136.64939864000002,-0.005136571196312364
16319.0,136.63071027,-0.005134466413232104
16320.0,136.6120219,-0.005132366829718004
16321.0,136.6120219,-0.005130270712581345
16322.0,136.6120219,-0.005128174595444685
16323.0,136.6120219,-0.005126078478308026
16324.0,136.6120219,-0.005123982361171366
16325.0,136.6120219,-0.0051218862440347065
16326.0,136.6120219,-0.0051197901268980476
16327.0,136.6120219,-0.005117694009761388
16328.0,136.6120219,-0.005115597892624729
16329.0,136.6120219,-0.005113501775488069
16330.0,136.6120219,-0.005111405658351409
16331.0,136.6120219,-0.00510930954121475
16332.0,136.6120219,-0.0051072134240780906
16333.0,136.6120219,-0.005105117306941432
16334.0,136.6120219,-0.005103021189804772
16335.0,136.6120219,-0.005100925072668113
16336.0,136.6120219,-0.005098828955531453
16337.0,136.6120219,-0.005096732838394793
16338.0,136.6120219,-0.005094636721258134
16339.0,136.6120219,-0.005092540604121475
16340.0,136.6120219,-0.005090444486984816
16341.0,136.59338451,-0.005088348369848156
16342.0,136.57474712,-0.005086252252711496
16343.0,136.55610973,-0.005084156135574837
16344.0,136.53747234,-0.005082060018438177
16345.0,136.51883494999998,-0.0050799639013015185
16346.0,136.50019756,-0.005077867784164859
16347.0,136.48156017,-0.005075771667028199
16348.0,136.46292277999999,-0.00507367554989154
16349.0,136.44428539,-0.00507157943275488
16350.0,136.425648,-0.005069483315618221
16351.0,136.4070614,-0.0050673871984815615
16352.0,136.38847479999998,-0.005065291081344902
16353.0,136.3698882,-0.005063194964208243
16354.0,136.3513016,-0.005061098847071583
16355.0,136.332715,-0.005059002729934924
16356.0,136.3141284,-0.005056906612798264
16357.0,136.2955418,-0.005054810495661605
16358.0,136.2769552,-0.005052714378524946
16359.0,136.25836859999998,-0.005050618261388286
16360.0,136.239782,-0.005048522144251627
16361.0,136.22124598,-0.005046426027114967
16362.0,136.20270996,-0.005044329909978308
16363.0,136.18417394,-0.005042233792841648
16364.0,136.16563792,-0.005040137675704989
16365.0,136.1471019,-0.00503804155856833
16366.0,136.12856588,-0.0050359454468546635
16367.0,136.11002986,-0.005033849340563991
16368.0,136.09149384,-0.0050317532342733185
16369.0,136.07295782,-0.005029657127982646
16370.0,136.0544218,-0.005027561021691974
16371.0,136.0544218,-0.005025464915401301
16372.0,136.0544218,-0.005023368809110629
16373.0,136.0544218,-0.005021272702819956
16374.0,136.0544218,-0.005019176596529284
16375.0,136.0544218,-0.005017080490238611
16376.0,136.0544218,-0.005014984383947939
16377.0,136.0544218,-0.005012888277657266
16378.0,136.0544218,-0.005010792171366594
16379.0,136.0544218,-0.00500869606507592
16380.0,136.0544218,-0.005006599958785248
16381.0,136.24208307,-0.005004503852494575
16382.0,136.42974434,-0.005002407746203903
16383.0,136.61740561,-0.00500031163991323
16384.0,136.80506688,-0.004998215533622558
16385.0,136.99272815,-0.004996119427331885
16386.0,137.18038942,-0.004994023321041213
16387.0,137.36805069000002,-0.0049919272147505404
16388.0,137.55571196,-0.004989831108459868
16389.0,137.74337323,-0.0049877350021691955
16390.0,137.9310345,-0.004985638895878523
16391.0,138.06550765,-0.0049835427895878505
16392.0,138.19998080000002,-0.004981446683297178
16393.0,138.33445395,-0.0049793505770065055
16394.0,138.4689271,-0.004977254470715833
16395.0,138.60340025,-0.0049751583644251605
16396.0,138.7378734,-0.004973062258134488
16397.0,138.87234655,-0.004970966151843816
16398.0,139.0068197,-0.004968870045553143
16399.0,139.14129285,-0.004966773939262471
16400.0,139.275766,-0.004964677832971798
16401.0,139.25639524000002,-0.004962581726681126
16402.0,139.23702448,-0.004960485620390453
16403.0,139.21765372,-0.004958389514099781
16404.0,139.19828296,-0.004956293407809108
16405.0,139.1789122,-0.004954197301518436
16406.0,139.15954144,-0.004952101195227763
16407.0,139.14017067999998,-0.00495000508893709
16408.0,139.12079992,-0.004947908982646417
16409.0,139.10142916,-0.004945812876355745
16410.0,139.0820584,-0.004943716770065072
16411.0,139.04347808,-0.0049416206637744
16412.0,139.00489776,-0.0049395184837310166
16413.0,138.96631743999998,-0.004937407193058565
16414.0,138.92773712,-0.004935295902386114
16415.0,138.8891568,-0.0049331846117136625
16416.0,138.85057648,-0.004931073321041212
16417.0,138.81199616,-0.004928962030368761
16418.0,138.77341583999998,-0.004926850739696309
16419.0,138.73483552,-0.004924739449023859
16420.0,138.6962552,-0.004922628158351408
16421.0,138.67704519,-0.004920516867678956
16422.0,138.65783518,-0.004918405577006506
16423.0,138.63862516999998,-0.004916294286334054
16424.0,138.61941516,-0.004914182995661603
16425.0,138.60020515,-0.004912071704989152
16426.0,138.58099514,-0.004909960414316701
16427.0,138.56178513,-0.00490784912364425
16428.0,138.54257511999998,-0.004905737832971799
16429.0,138.52336511,-0.004903626542299348
16430.0,138.5041551,-0.004901515251626897
16431.0,138.48499823,-0.0048994039609544454
16432.0,138.46584135999998,-0.004897292670281995
16433.0,138.44668449,-0.004895181379609544
16434.0,138.42752761999998,-0.004893070088937092
16435.0,138.40837075,-0.004890958798264641
16436.0,138.38921388,-0.0048888475075921905
16437.0,138.37005700999998,-0.004886736216919739
16438.0,138.35090014,-0.004884624926247288
16439.0,138.33174326999998,-0.004882513635574837
16440.0,138.3125864,-0.004880402344902386
16441.0,138.29348245999998,-0.004878291054229935
16442.0,138.27437852,-0.004876179763557484
16443.0,138.25527458,-0.004874068472885033
16444.0,138.23617063999998,-0.0048719571822125815
16445.0,138.21706669999998,-0.00486984589154013
16446.0,138.19796276,-0.00486773460086768
16447.0,138.17885882,-0.004865623310195228
16448.0,138.15975487999998,-0.004863512019522777
16449.0,138.14065094,-0.0048614007288503265
16450.0,138.121547,-0.004859289438177875
16451.0,138.10249575,-0.004857178147505424
16452.0,138.08344449999998,-0.004855066856832973
16453.0,138.06439325,-0.004852955566160522
16454.0,138.045342,-0.004850844275488071
16455.0,138.02629075,-0.004848732984815619
16456.0,138.0072395,-0.004846621694143169
16457.0,137.98818825,-0.0048445104034707176
16458.0,137.96913700000002,-0.004842400411062909
16459.0,137.95008575,-0.0048402934479392645
16460.0,137.9310345,-0.00483818648481562
16461.0,137.91203573,-0.004836079521691975
16462.0,137.89303696000002,-0.004833972558568331
16463.0,137.87403819,-0.004831865595444687
16464.0,137.85503942,-0.004829758632321043
16465.0,137.83604065,-0.0048276516691973985
16466.0,137.81704188,-0.004825544706073754
16467.0,137.79804311,-0.004823437742950109
16468.0,137.77904433999998,-0.004821330779826465
16469.0,137.76004557,-0.004819223816702821
16470.0,137.7410468,-0.004817116853579177
16471.0,137.7221003,-0.0048150098904555325
16472.0,137.7031538,-0.004812902927331888
16473.0,137.6842073,-0.004810795964208243
16474.0,137.6652608,-0.004808689001084599
16475.0,137.6463143,-0.004806582037960955
16476.0,137.6273678,-0.004804475074837311
16477.0,137.6084213,-0.0048023681117136665
16478.0,137.5894748,-0.004800261148590022
16479.0,137.5705283,-0.004798154185466378
16480.0,137.5515818,-0.004796047222342733
16481.0,137.53268736,-0.004793940259219089
16482.0,137.51379292000001,-0.004791833296095445
16483.0,137.49489848000002,-0.0047897263329718005
16484.0,137.47600404000002,-0.004787619369848156
16485.0,137.45710960000002,-0.004785512406724512
16486.0,137.43821516,-0.004783405443600867
16487.0,137.41932072,-0.004781298480477223
16488.0,137.40042628,-0.004779191517353579
16489.0,137.38153184,-0.0047770845542299345
16490.0,137.3626374,-0.00477497759110629
16491.0,137.43852836000002,-0.004772870627982646
16492.0,137.51441932,-0.004770763664859001
16493.0,137.59031028,-0.004768656701735357
16494.0,137.66620124,-0.004766549738611713
16495.0,137.7420922,-0.0047644427754880685
16496.0,137.81798316,-0.004762335812364424
16497.0,137.89387412,-0.00476022884924078
16498.0,137.96976508,-0.004758121886117136
16499.0,138.04565603999998,-0.004756014922993491
16500.0,138.121547,-0.004753907959869847
16501.0,138.29540629,-0.0047518009967462025
16502.0,138.46926557999998,-0.004749694033622558
16503.0,138.64312487,-0.004747587070498914
16504.0,138.81698416,-0.004745480977223426
16505.0,138.99084345,-0.004743378363340563
16506.0,139.16470274,-0.0047412757494576995
16507.0,139.33856203,-0.004739173135574836
16508.0,139.51242132000002,-0.004737070521691973
16509.0,139.68628061,-0.00473496790780911
16510.0,139.8601399,-0.004732865293926246
16511.0,139.84060636,-0.004730762680043383
16512.0,139.82107282,-0.00472866006616052
16513.0,139.80153928000001,-0.0047265574522776565
16514.0,139.78200574000002,-0.004724454838394793
16515.0,139.7624722,-0.00472235222451193
16516.0,139.74293866,-0.0047202496106290666
16517.0,139.72340512,-0.004718146996746204
16518.0,139.70387158,-0.004716044382863341
16519.0,139.68433804,-0.0047139417689804775
16520.0,139.6648045,-0.004711839155097614
16521.0,139.64532544,-0.004709736541214751
16522.0,139.62584638,-0.004707633927331888
16523.0,139.60636732,-0.004705531313449024
16524.0,139.58688826,-0.004703428699566161
16525.0,139.5674092,-0.004701326085683298
16526.0,139.54793014,-0.004699223471800434
16527.0,139.52845108,-0.004697120857917571
16528.0,139.50897202,-0.004695018244034708
16529.0,139.48949296,-0.0046929156301518445
16530.0,139.4700139,-0.004690813016268981
16531.0,139.4700139,-0.004688710402386118
16532.0,139.4700139,-0.0046866077885032555
16533.0,139.4700139,-0.004684505174620392
16534.0,139.4700139,-0.004682402560737529
16535.0,139.4700139,-0.004680299946854666
16536.0,139.4700139,-0.004678197332971802
16537.0,139.4700139,-0.004676094719088939
16538.0,139.4700139,-0.004673992105206076
16539.0,139.4700139,-0.004671889491323212
16540.0,139.4700139,-0.004669786877440349
16541.0,139.45058911,-0.004667684263557486
16542.0,139.43116432,-0.0046655816496746225
16543.0,139.41173953,-0.004663479035791759
16544.0,139.39231474,-0.004661376421908896
16545.0,139.37288995,-0.004659273808026033
16546.0,139.35346516,-0.004657171194143169
16547.0,139.33404037,-0.004655068580260307
16548.0,139.31461558,-0.004652965966377444
16549.0,139.29519079,-0.00465086335249458
16550.0,139.275766,-0.004648761823210415
16551.0,139.25639524000002,-0.004646670055314536
16552.0,139.23702448,-0.004644578287418658
16553.0,139.21765372,-0.004642486519522779
16554.0,139.19828296,-0.004640394751626901
16555.0,139.1789122,-0.004638302983731022
16556.0,139.15954144,-0.0046362112158351435
16557.0,139.14017067999998,-0.0046341194479392655
16558.0,139.12079992,-0.0046320276800433866
16559.0,139.10142916,-0.004629935912147508
16560.0,139.0820584,-0.00462784414425163
16561.0,139.06274145,-0.004625752376355751
16562.0,139.0434245,-0.004623660608459872
16563.0,139.02410755,-0.004621568840563994
16564.0,139.0047906,-0.004619477072668115
16565.0,138.98547365000002,-0.004617385304772237
16566.0,138.9661567,-0.004615293536876358
16567.0,138.94683975,-0.004613201768980479
16568.0,138.92752280000002,-0.004611110001084601
16569.0,138.90820585,-0.004609018233188722
16570.0,138.8888889,-0.004606926465292843
16571.0,138.8888889,-0.004604834697396965
16572.0,138.8888889,-0.004602742929501086
16573.0,138.8888889,-0.004600651161605208
16574.0,138.8888889,-0.004598559393709329
16575.0,138.8888889,-0.0045964676258134505
16576.0,138.8888889,-0.004594375857917572
16577.0,138.8888889,-0.0045922840900216935
16578.0,138.8888889,-0.004590192322125815
16579.0,138.8888889,-0.004588100554229937
16580.0,138.8888889,-0.004586008786334058
16581.0,138.86962553,-0.004583917018438179
16582.0,138.85036216,-0.004581825250542301
16583.0,138.83109879,-0.004579733482646422
16584.0,138.81183542,-0.004577641714750544
16585.0,138.79257205,-0.004575549946854665
16586.0,138.77330868,-0.004573458178958786
16587.0,138.75404531,-0.004571366411062908
16588.0,138.73478194,-0.004569274643167029
16589.0,138.71551857,-0.00456718287527115
16590.0,138.6962552,-0.004565091107375272
16591.0,138.67704519,-0.004562999339479393
16592.0,138.65783518,-0.004560907571583515
16593.0,138.63862516999998,-0.004558815803687636
16594.0,138.61941516,-0.004556724035791757
16595.0,138.60020515,-0.004554632267895879
16596.0,138.58099514,-0.0045525405000000005
16597.0,138.56178513,-0.004550470424078091
16598.0,138.54257511999998,-0.004548400348156183
16599.0,138.52336511,-0.004546330272234274
16600.0,138.5041551,-0.004544260196312364
16601.0,138.48499823,-0.004542190120390456
16602.0,138.46584135999998,-0.004540120044468547
16603.0,138.44668449,-0.004538049968546638
16604.0,138.42752761999998,-0.004535979892624728
16605.0,138.40837075,-0.00453390981670282
16606.0,138.38921388,-0.004531839740780911
16607.0,138.37005700999998,-0.0045297696648590015
16608.0,138.35090014,-0.004527699588937093
16609.0,138.33174326999998,-0.004525629513015184
16610.0,138.3125864,-0.004523559437093275
16611.0,138.3125864,-0.004521489361171366
16612.0,138.3125864,-0.004519419285249457
16613.0,138.3125864,-0.004517349209327548
16614.0,138.3125864,-0.0045152791334056395
16615.0,138.3125864,-0.00451320905748373
16616.0,138.3125864,-0.004511138981561821
16617.0,138.3125864,-0.004509068905639913
16618.0,138.3125864,-0.004506998829718003
16619.0,138.3125864,-0.004504928753796094
16620.0,138.3125864,-0.004502858677874185
16621.0,138.3125864,-0.004500788601952277
16622.0,138.3125864,-0.004498718526030367
16623.0,138.3125864,-0.004496648450108458
16624.0,138.3125864,-0.00449457837418655
16625.0,138.3125864,-0.0044925082982646405
16626.0,138.3125864,-0.004490438222342731
16627.0,138.3125864,-0.004488368146420823
16628.0,138.3125864,-0.004486298070498914
16629.0,138.3125864,-0.0044842279945770044
16630.0,138.3125864,-0.004482157918655096
16631.0,138.29348245999998,-0.004480087842733187
16632.0,138.27437852,-0.004478017766811278
16633.0,138.25527458,-0.004475947690889368
16634.0,138.23617063999998,-0.00447387761496746
16635.0,138.21706669999998,-0.004471807539045551
16636.0,138.19796276,-0.0044697374631236415
16637.0,138.17885882,-0.004467667387201733
16638.0,138.15975487999998,-0.004465597311279824
16639.0,138.14065094,-0.004463527235357915
16640.0,138.121547,-0.004461457159436006
16641.0,138.121547,-0.004459387083514097
16642.0,138.121547,-0.004457317007592188
16643.0,138.121547,-0.004455256702819954
16644.0,138.121547,-0.004453197483731017
16645.0,138.121547,-0.00445113826464208
16646.0,138.121547,-0.004449079045553143
16647.0,138.121547,-0.004447019826464206
16648.0,138.121547,-0.0044449606073752685
16649.0,138.121547,-0.004442901388286332
16650.0,138.121547,-0.004440842169197395
16651.0,138.10249575,-0.004438782950108458
16652.0,138.08344449999998,-0.004436723731019521
16653.0,138.06439325,-0.004434664511930584
16654.0,138.045342,-0.004432605292841647
16655.0,138.02629075,-0.00443054607375271
16656.0,138.0072395,-0.004428486854663773
16657.0,137.98818825,-0.004426427635574836
16658.0,137.96913700000002,-0.004424368416485899
16659.0,137.95008575,-0.004422309197396962
16660.0,137.9310345,-0.004420249978308025
16661.0,137.9310345,-0.004418190759219088
16662.0,137.9310345,-0.004416131540130151
16663.0,137.9310345,-0.004414072321041214
16664.0,137.9310345,-0.004412013101952277
16665.0,137.9310345,-0.00440995388286334
16666.0,137.9310345,-0.004407894663774403
16667.0,137.9310345,-0.004405835444685466
16668.0,137.9310345,-0.004403776225596529
16669.0,137.9310345,-0.004401717006507592
16670.0,137.9310345,-0.004399657787418655
16671.0,137.91203573,-0.004397598568329718
16672.0,137.89303696000002,-0.004395539349240781
16673.0,137.87403819,-0.004393480130151844
16674.0,137.85503942,-0.0043914209110629075
16675.0,137.83604065,-0.00438936169197397
16676.0,137.81704188,-0.004387302472885033
16677.0,137.79804311,-0.004385243253796096
16678.0,137.77904433999998,-0.004383184034707159
16679.0,137.76004557,-0.004381124815618222
16680.0,137.7410468,-0.004379065596529285
16681.0,137.7410468,-0.004377006377440348
16682.0,137.7410468,-0.004374947158351411
16683.0,137.7410468,-0.004372887939262474
16684.0,137.7410468,-0.004370828720173537
16685.0,137.7410468,-0.0043687695010846
16686.0,137.7410468,-0.004366710281995663
16687.0,137.7410468,-0.0043646510629067265
16688.0,137.7410468,-0.004362591843817789
16689.0,137.7410468,-0.0043605482516268996
16690.0,137.7410468,-0.004358508566160522
16691.0,137.7221003,-0.004356468880694145
16692.0,137.7031538,-0.004354429195227767
16693.0,137.6842073,-0.004352389509761389
16694.0,137.6652608,-0.004350349824295012
16695.0,137.6463143,-0.0043483101388286345
16696.0,137.6273678,-0.004346270453362257
16697.0,137.6084213,-0.00434423076789588
16698.0,137.5894748,-0.004342191082429502
16699.0,137.5705283,-0.004340151396963124
16700.0,137.5515818,-0.004338111711496747
16701.0,137.53268736,-0.0043360720260303695
16702.0,137.51379292000001,-0.004334032340563992
16703.0,137.49489848000002,-0.004331992655097615
16704.0,137.47600404000002,-0.004329952969631237
16705.0,137.45710960000002,-0.004327913284164859
16706.0,137.43821516,-0.004325873598698482
16707.0,137.41932072,-0.0043238339132321045
16708.0,137.40042628,-0.004321794227765727
16709.0,137.38153184,-0.00431975454229935
16710.0,137.3626374,-0.004317714856832972
16711.0,137.34379478,-0.004315675171366594
16712.0,137.32495216,-0.0043136354859002165
16713.0,137.30610954000002,-0.0043115958004338395
16714.0,137.28726692,-0.004309556114967462
16715.0,137.2684243,-0.004307516429501084
16716.0,137.24958168,-0.004305476744034707
16717.0,137.23073906000002,-0.004303437058568329
16718.0,137.21189644,-0.0043013973731019515
16719.0,137.19305382,-0.0042993576876355745
16720.0,137.1742112,-0.004297318002169197
16721.0,137.15542022,-0.004295278316702819
16722.0,137.13662924,-0.004293238631236442
16723.0,137.11783826,-0.004291198945770064
16724.0,137.09904728,-0.0042891592603036864
16725.0,137.0802563,-0.0042871195748373095
16726.0,137.06146532,-0.004285079889370932
16727.0,137.04267434,-0.004283040203904554
16728.0,137.02388336,-0.004281000518438177
16729.0,137.00509238,-0.004278960832971799
16730.0,136.9863014,-0.0042769211475054214
16731.0,136.96756182000001,-0.0042748814620390445
16732.0,136.94882224,-0.004272841776572667
16733.0,136.93008266,-0.004270802091106289
16734.0,136.91134308,-0.004268762405639911
16735.0,136.8926035,-0.00426672575704989
16736.0,136.87386392000002,-0.004264690409978306
16737.0,136.85512434,-0.004262655062906723
16738.0,136.83638476000002,-0.00426061971583514
16739.0,136.81764518,-0.004258584368763556
16740.0,136.7989056,-0.004256549021691973
16741.0,136.7989056,-0.00425451367462039
16742.0,136.7989056,-0.004252478327548806
16743.0,136.7989056,-0.004250442980477223
16744.0,136.7989056,-0.00424840763340564
16745.0,136.7989056,-0.004246372286334055
16746.0,136.7989056,-0.004244336939262472
16747.0,136.7989056,-0.004242301592190889
16748.0,136.7989056,-0.004240266245119305
16749.0,136.7989056,-0.004238230898047722
16750.0,136.7989056,-0.004236195550976139
16751.0,136.78021723,-0.004234160203904555
16752.0,136.76152886,-0.004232124856832972
16753.0,136.74284049000002,-0.004230089509761389
16754.0,136.72415212,-0.004228054162689805
16755.0,136.70546375,-0.004226018815618222
16756.0,136.68677538,-0.004223983468546638
16757.0,136.66808701,-0.0042219481214750545
16758.0,136.64939864000002,-0.004219912774403471
16759.0,136.63071027,-0.004217877427331888
16760.0,136.6120219,-0.0042158420802603045
16761.0,136.59338451,-0.004213806733188721
16762.0,136.57474712,-0.004211771386117138
16763.0,136.55610973,-0.0042097360390455545
16764.0,136.53747234,-0.004207700691973971
16765.0,136.51883494999998,-0.004205665344902388
16766.0,136.50019756,-0.0042036299978308045
16767.0,136.48156017,-0.00420159465075922
16768.0,136.46292277999999,-0.004199559303687637
16769.0,136.44428539,-0.004197523956616054
16770.0,136.425648,-0.00419548860954447
16771.0,136.425648,-0.004193453262472887
16772.0,136.425648,-0.004191417915401304
16773.0,136.425648,-0.00418938256832972
16774.0,136.425648,-0.004187347221258137
16775.0,136.425648,-0.004185311874186554
16776.0,136.425648,-0.00418327652711497
16777.0,136.425648,-0.004181241180043387
16778.0,136.425648,-0.004179205832971803
16779.0,136.425648,-0.004177170485900219
16780.0,136.425648,-0.004175135138828636
16781.0,136.425648,-0.0041730997852494605
16782.0,136.425648,-0.00417106442733189
16783.0,136.425648,-0.004169029069414319
16784.0,136.425648,-0.004166993711496749
16785.0,136.425648,-0.004164958353579178
16786.0,136.425648,-0.004162922995661608
16787.0,136.425648,-0.0041608876377440375
16788.0,136.425648,-0.004158852279826467
16789.0,136.425648,-0.004156816921908896
16790.0,136.425648,-0.004154781563991326
16791.0,136.425648,-0.004152746206073755
16792.0,136.425648,-0.004150710848156184
16793.0,136.425648,-0.004148675490238614
16794.0,136.425648,-0.004146640132321043
16795.0,136.425648,-0.004144604774403472
16796.0,136.425648,-0.004142569416485903
16797.0,136.425648,-0.004140534058568332
16798.0,136.425648,-0.004138498700650761
16799.0,136.425648,-0.004136463342733191
16800.0,136.425648,-0.00413442798481562
16801.0,136.4070614,-0.0041323926268980495
16802.0,136.38847479999998,-0.004130357268980479
16803.0,136.3698882,-0.004128321911062908
16804.0,136.3513016,-0.0041262865531453375
16805.0,136.332715,-0.004124251195227767
16806.0,136.3141284,-0.004122215837310197
16807.0,136.2955418,-0.0041201804793926265
16808.0,136.2769552,-0.004118145121475056
16809.0,136.25836859999998,-0.004116109763557485
16810.0,136.239782,-0.004114074405639915
16811.0,136.239782,-0.004112039047722344
16812.0,136.239782,-0.004110003689804773
16813.0,136.239782,-0.004107968331887203
16814.0,136.239782,-0.004105932973969632
16815.0,136.239782,-0.004103897616052061
16816.0,136.239782,-0.004101862258134491
16817.0,136.239782,-0.004099826900216921
16818.0,136.239782,-0.00409779154229935
16819.0,136.239782,-0.00409575618438178
16820.0,136.239782,-0.004093720826464209
16821.0,136.22124598,-0.004091685468546638
16822.0,136.20270996,-0.004089650110629068
16823.0,136.18417394,-0.004087614752711497
16824.0,136.16563792,-0.0040855793947939265
16825.0,136.1471019,-0.004083544036876356
16826.0,136.12856588,-0.004081508678958785
16827.0,136.11002986,-0.004079492854663774
16828.0,136.09149384,-0.004077496563991323
16829.0,136.07295782,-0.004075500273318872
16830.0,136.0544218,-0.004073503982646421
16831.0,136.0544218,-0.00407150769197397
16832.0,136.0544218,-0.0040695114013015185
16833.0,136.0544218,-0.004067515110629067
16834.0,136.0544218,-0.004065518819956616
16835.0,136.0544218,-0.004063522529284164
16836.0,136.0544218,-0.004061526238611713
16837.0,136.0544218,-0.004059529947939262
16838.0,136.0544218,-0.004057533657266811
16839.0,136.0544218,-0.00405553736659436
16840.0,136.0544218,-0.004053541075921908
16841.0,136.0544218,-0.004051544785249457
16842.0,136.0544218,-0.004049548494577006
16843.0,136.0544218,-0.004047552203904554
16844.0,136.0544218,-0.004045555913232103
16845.0,136.0544218,-0.004043559622559652
16846.0,136.0544218,-0.004041563331887201
16847.0,136.0544218,-0.0040395670412147495
16848.0,136.0544218,-0.004037570750542298
16849.0,136.0544218,-0.004035574459869847
16850.0,136.0544218,-0.004033578169197396
16851.0,136.03593614,-0.004031581878524944
16852.0,136.01745048,-0.004029585587852493
16853.0,135.99896482,-0.004027589297180042
16854.0,135.98047916000002,-0.0040255930065075905
16855.0,135.9619935,-0.004023596715835139
16856.0,135.94350784,-0.004021600425162688
16857.0,135.92502218,-0.004019604134490237
16858.0,135.90653652,-0.004017607843817786
16859.0,135.88805086000002,-0.004015611553145334
16860.0,135.8695652,-0.004013615262472883
16861.0,135.85112971,-0.004011618971800432
16862.0,135.83269422,-0.00400962268112798
16863.0,135.81425873,-0.004007626390455529
16864.0,135.79582324,-0.004005630099783078
16865.0,135.77738775,-0.004003633809110627
16866.0,135.75895226,-0.004001637518438175
16867.0,135.74051677,-0.003999641227765724
16868.0,135.72208128,-0.003997644937093273
16869.0,135.70364579,-0.0039956486464208215
16870.0,135.6852103,-0.00399365235574837
16871.0,135.66682477,-0.003991656065075919
16872.0,135.64843924,-0.003989659774403468
16873.0,135.63005371,-0.003987677370932752
16874.0,135.61166817999998,-0.003985715798264639
16875.0,135.59328265,-0.003983754225596527
16876.0,135.57489712,-0.003981792652928414
16877.0,135.55651158999999,-0.0039798310802603015
16878.0,135.53812606,-0.003977869507592188
16879.0,135.51974052999998,-0.0039759079349240755
16880.0,135.501355,-0.003973946362255963
16881.0,135.501355,-0.00397198478958785
16882.0,135.501355,-0.003970023216919738
16883.0,135.501355,-0.003968061644251625
16884.0,135.501355,-0.003966100071583512
16885.0,135.501355,-0.003964138498915399
16886.0,135.501355,-0.003962176926247287
16887.0,135.501355,-0.003960215353579174
16888.0,135.501355,-0.003958253780911062
16889.0,135.501355,-0.003956292208242949
16890.0,135.501355,-0.003954330635574836
16891.0,135.48301923,-0.003952369062906723
16892.0,135.46468346,-0.0039504074902386105
16893.0,135.44634768999998,-0.003948445917570498
16894.0,135.42801192,-0.003946484344902385
16895.0,135.40967615,-0.003944522772234273
16896.0,135.39134038,-0.00394256119956616
16897.0,135.37300461,-0.003940599626898047
16898.0,135.35466884,-0.003938638054229934
16899.0,135.33633307,-0.003936676481561822
16900.0,135.3179973,-0.003934714908893709
16901.0,135.29971108,-0.003932753336225597
16902.0,135.28142486000002,-0.003930791763557484
16903.0,135.26313864,-0.003928830190889371
16904.0,135.24485242,-0.003926868618221258
16905.0,135.2265662,-0.0039249070455531455
16906.0,135.20827998000001,-0.003922945472885033
16907.0,135.18999376000002,-0.00392098390021692
16908.0,135.17170754,-0.003919022327548808
16909.0,135.15342132,-0.003917060754880694
16910.0,135.1351351,-0.003915099182212582
16911.0,135.11689824,-0.003913137609544469
16912.0,135.09866138,-0.003911176036876357
16913.0,135.08042452,-0.003909214464208244
16914.0,135.06218766,-0.003907252891540132
16915.0,135.0439508,-0.0039052913188720186
16916.0,135.02571394,-0.003903329746203906
16917.0,135.00747708,-0.003901368173535793
16918.0,134.98924022,-0.0038994066008676805
16919.0,134.97100336,-0.003897441771149676
16920.0,134.9527665,-0.0038954693416485913
16921.0,134.9345788,-0.003893496912147507
16922.0,134.9163911,-0.0038915244826464223
16923.0,134.8982034,-0.0038895520531453376
16924.0,134.8800157,-0.003887579623644253
16925.0,134.861828,-0.0038856071941431682
16926.0,134.8436403,-0.0038836347646420835
16927.0,134.8254526,-0.003881662335140999
16928.0,134.8072649,-0.003879689905639914
16929.0,134.7890772,-0.0038777174761388295
16930.0,134.7708895,-0.0038757450466377448
16931.0,134.7708895,-0.00387377261713666
16932.0,134.7708895,-0.0038718001876355754
16933.0,134.7708895,-0.0038698277581344907
16934.0,134.7708895,-0.003867855328633406
16935.0,134.7708895,-0.0038658828991323213
16936.0,134.7708895,-0.0038639104696312366
16937.0,134.7708895,-0.003861938040130152
16938.0,134.7708895,-0.0038599656106290676
16939.0,134.7708895,-0.003857993181127983
16940.0,134.7708895,-0.0038560207516268982
16941.0,134.75275075000002,-0.0038540483221258135
16942.0,134.734612,-0.003852075892624729
16943.0,134.71647325,-0.003850103463123644
16944.0,134.69833450000002,-0.0038481310336225595
16945.0,134.68019575,-0.0038461586041214748
16946.0,134.662057,-0.00384418617462039
16947.0,134.64391825,-0.0038422137451193054
16948.0,134.62577950000002,-0.0038402413156182207
16949.0,134.60764075,-0.003838268886117136
16950.0,134.589502,-0.0038362964566160513
16951.0,134.57141202,-0.0038343240271149666
16952.0,134.55332204,-0.003832351597613882
16953.0,134.53523206,-0.003830379168112797
16954.0,134.51714208,-0.0038284067386117125
16955.0,134.4990521,-0.0038264343091106282
16956.0,134.48096212,-0.0038244618796095435
16957.0,134.46287214,-0.003822489450108459
16958.0,134.44478216,-0.003820517020607374
16959.0,134.42669218,-0.0038185445911062895
16960.0,134.4086022,-0.0038165721616052048
16961.0,134.39056076999998,-0.00381459973210412
16962.0,134.37251934,-0.0038126273026030354
16963.0,134.35447790999999,-0.0038106548731019507
16964.0,134.33643648,-0.003808682443600866
16965.0,134.31839505,-0.003806710016268979
16966.0,134.30035361999998,-0.0038047375976138814
16967.0,134.28231219,-0.0038027651789587836
16968.0,134.26427076,-0.003800792760303686
16969.0,134.24622933,-0.003798820341648589
16970.0,134.2281879,-0.003796847922993491
16971.0,134.21019485,-0.0037948755043383936
16972.0,134.1922018,-0.003792903085683296
16973.0,134.17420875,-0.003790930667028199
16974.0,134.1562157,-0.003788958248373101
16975.0,134.13822265,-0.0037869858297180036
16976.0,134.12022960000002,-0.003785013411062906
16977.0,134.10223655000001,-0.0037830409924078084
16978.0,134.0842435,-0.003781068573752711
16979.0,134.06625045,-0.0037790961550976136
16980.0,134.0482574,-0.003777123736442516
16981.0,134.0482574,-0.0037751513177874184
16982.0,134.0482574,-0.003773178899132321
16983.0,134.0482574,-0.0037712064804772236
16984.0,134.0482574,-0.0037692340618221258
16985.0,134.0482574,-0.0037672616431670284
16986.0,134.0482574,-0.003765289224511931
16987.0,134.0482574,-0.0037633168058568336
16988.0,134.0482574,-0.0037613443872017358
16989.0,134.0482574,-0.0037593719685466384
16990.0,134.0482574,-0.003757399549891541
16991.0,134.0482574,-0.003755427131236443
16992.0,134.0482574,-0.0037534547125813457
16993.0,134.0482574,-0.0037514822939262484
16994.0,134.0482574,-0.003749509875271151
16995.0,134.0482574,-0.003747537456616053
16996.0,134.0482574,-0.0037455650379609557
16997.0,134.0482574,-0.0037435926193058583
16998.0,134.0482574,-0.0037416202006507605
16999.0,134.0482574,-0.003739647781995663
17000.0,134.0482574,-0.0037376753633405657
17001.0,134.0482574,-0.0037357029446854683
17002.0,134.0482574,-0.0037337305260303705
17003.0,134.0482574,-0.003731758107375273
17004.0,134.0482574,-0.0037297856887201757
17005.0,134.0482574,-0.003727813270065078
17006.0,134.0482574,-0.0037258408514099805
17007.0,134.0482574,-0.003723868432754883
17008.0,134.0482574,-0.0037218960140997857
17009.0,134.0482574,-0.003719923595444688
17010.0,134.0482574,-0.0037179511767895905
17011.0,134.03031252,-0.003715979407809113
17012.0,134.01236764,-0.0037140134859002197
17013.0,133.99442276000002,-0.003712047563991326
17014.0,133.97647788,-0.003710081642082432
17015.0,133.958533,-0.003708115720173538
17016.0,133.94058812,-0.0037061497982646447
17017.0,133.92264324,-0.0037041838763557508
17018.0,133.90469836,-0.003702217954446857
17019.0,133.88675347999998,-0.0037002520325379634
17020.0,133.8688086,-0.0036982861106290696
17021.0,133.8688086,-0.0036963201887201757
17022.0,133.8688086,-0.003694354266811282
17023.0,133.8688086,-0.0036923883449023883
17024.0,133.8688086,-0.0036904224229934945
17025.0,133.8688086,-0.0036884565010846006
17026.0,133.8688086,-0.0036864905791757067
17027.0,133.8688086,-0.0036845246572668132
17028.0,133.8688086,-0.0036825587353579194
17029.0,133.8688086,-0.0036805928134490255
17030.0,133.8688086,-0.003678626891540132
17031.0,133.85091169999998,-0.003676660969631238
17032.0,133.8330148,-0.0036746950477223443
17033.0,133.8151179,-0.0036727291258134504
17034.0,133.797221,-0.003670763203904557
17035.0,133.7793241,-0.003668797281995663
17036.0,133.76142719999999,-0.003666831360086769
17037.0,133.7435303,-0.0036648654381778753
17038.0,133.7256334,-0.003662899516268982
17039.0,133.7077365,-0.003660933594360088
17040.0,133.6898396,-0.003658967672451194
17041.0,133.67199048999998,-0.0036570017505423006
17042.0,133.65414138,-0.0036550358286334067
17043.0,133.63629227,-0.003653069906724513
17044.0,133.61844316,-0.003651103984815619
17045.0,133.60059404999998,-0.0036491380629067255
17046.0,133.58274494,-0.0036471721409978316
17047.0,133.56489583,-0.0036452062190889378
17048.0,133.54704672,-0.0036432402971800443
17049.0,133.52919760999998,-0.0036412743752711504
17050.0,133.5113485,-0.0036393084533622565
17051.0,133.5113485,-0.0036373425314533627
17052.0,133.5113485,-0.003635376609544469
17053.0,133.5113485,-0.0036334106876355753
17054.0,133.5113485,-0.0036314447657266814
17055.0,133.5113485,-0.0036294788438177876
17056.0,133.5113485,-0.003627512921908894
17057.0,133.5113485,-0.0036255470000000002
17058.0,133.5113485,-0.0036235832581344904
17059.0,133.5113485,-0.0036216195162689807
17060.0,133.5113485,-0.003619655774403471
17061.0,133.49354698,-0.003617692032537961
17062.0,133.47574545999998,-0.0036157282906724513
17063.0,133.45794394,-0.003613764548806941
17064.0,133.44014242,-0.0036118008069414313
17065.0,133.4223409,-0.0036098370650759215
17066.0,133.40453938,-0.0036078733232104117
17067.0,133.38673785999998,-0.003605909581344902
17068.0,133.36893634,-0.003603945839479392
17069.0,133.35113482,-0.0036019820976138824
17070.0,133.3333333,-0.0036000183557483726
17071.0,133.3155792,-0.0035980546138828628
17072.0,133.29782509999998,-0.003596090872017353
17073.0,133.280071,-0.003594127130151843
17074.0,133.2623169,-0.0035921633882863334
17075.0,133.24456279999998,-0.003590199646420823
17076.0,133.2268087,-0.0035882359045553134
17077.0,133.2090546,-0.0035862721626898036
17078.0,133.1913005,-0.003584308420824294
17079.0,133.1735464,-0.003582344678958784
17080.0,133.1557923,-0.0035803809370932743
17081.0,133.13808541,-0.0035784171952277645
17082.0,133.12037852,-0.0035764534533622547
17083.0,133.10267163,-0.003574489711496745
17084.0,133.08496474,-0.003572525969631235
17085.0,133.06725785,-0.0035705622277657253
17086.0,133.04955096,-0.003568598485900215
17087.0,133.03184407,-0.0035666347440347053
17088.0,133.01413718,-0.0035646710021691955
17089.0,132.99643029,-0.0035627072603036858
17090.0,132.9787234,-0.003560743518438176
17091.0,132.96106354,-0.003558779776572666
17092.0,132.94340368000002,-0.0035568160347071564
17093.0,132.92574382,-0.0035548522928416466
17094.0,132.90808396,-0.003552888550976137
17095.0,132.89042410000002,-0.003550924809110627
17096.0,132.87276424,-0.0035489610672451172
17097.0,132.85510438,-0.0035469973253796075
17098.0,132.83744452,-0.0035450335835140972
17099.0,132.81978466,-0.0035430698416485874
17100.0,132.8021248,-0.0035411060997830777
17101.0,132.78451179,-0.003539142357917568
17102.0,132.76689878,-0.003537178616052058
17103.0,132.74928577,-0.0035352148741865483
17104.0,132.73167276,-0.0035332726073752686
17105.0,132.71405975,-0.0035313327266811253
17106.0,132.69644674,-0.0035293928459869824
17107.0,132.67883373,-0.0035274529652928395
17108.0,132.66122072000002,-0.003525513084598696
17109.0,132.64360771,-0.0035235732039045533
17110.0,132.6259947,-0.00352163332321041
17111.0,132.6259947,-0.003519693442516267
17112.0,132.6259947,-0.003517753561822124
17113.0,132.6259947,-0.003515813681127981
17114.0,132.6259947,-0.003513873800433838
17115.0,132.6259947,-0.0035119339197396946
17116.0,132.6259947,-0.0035099940390455517
17117.0,132.6259947,-0.0035080541583514084
17118.0,132.6259947,-0.0035061142776572655
17119.0,132.6259947,-0.0035041743969631226
17120.0,132.6259947,-0.0035022345162689793
17121.0,132.6259947,-0.0035002946355748364
17122.0,132.6259947,-0.003498354754880693
17123.0,132.6259947,-0.00349641487418655
17124.0,132.6259947,-0.003494474993492407
17125.0,132.6259947,-0.003492535112798264
17126.0,132.6259947,-0.003490595232104121
17127.0,132.6259947,-0.0034886553514099777
17128.0,132.6259947,-0.003486715470715835
17129.0,132.6259947,-0.0034847755900216915
17130.0,132.6259947,-0.0034828357093275486
17131.0,132.6259947,-0.0034808958286334057
17132.0,132.6259947,-0.0034789559479392624
17133.0,132.6259947,-0.0034770160672451195
17134.0,132.6259947,-0.003475076186550976
17135.0,132.6259947,-0.0034731363058568333
17136.0,132.6259947,-0.00347119642516269
17137.0,132.6259947,-0.003469256544468547
17138.0,132.6259947,-0.003467316663774404
17139.0,132.6259947,-0.003465376783080261
17140.0,132.6259947,-0.003463436902386118
17141.0,132.60842834000002,-0.0034614970216919746
17142.0,132.59086198,-0.0034595571409978317
17143.0,132.57329562,-0.0034576172603036884
17144.0,132.55572926,-0.0034556773796095455
17145.0,132.5381629,-0.0034537374989154026
17146.0,132.52059654,-0.0034517976182212593
17147.0,132.50303018,-0.0034498577375271164
17148.0,132.48546382,-0.003447917856832973
17149.0,132.46789746,-0.00344597797613883
17150.0,132.4503311,-0.0034440606724511946
17151.0,132.4503311,-0.003442149013015186
17152.0,132.4503311,-0.003440237353579177
17153.0,132.4503311,-0.003438325694143168
17154.0,132.4503311,-0.0034364140347071595
17155.0,132.4503311,-0.003434502375271151
17156.0,132.4503311,-0.003432590715835142
17157.0,132.4503311,-0.0034306790563991335
17158.0,132.4503311,-0.003428767396963125
17159.0,132.4503311,-0.0034268557375271157
17160.0,132.4503311,-0.003424944078091107
17161.0,132.43281122,-0.0034230324186550983
17162.0,132.41529134,-0.0034211207592190897
17163.0,132.39777146,-0.003419209099783081
17164.0,132.38025158,-0.0034172974403470723
17165.0,132.36273169999998,-0.0034153857809110636
17166.0,132.34521182,-0.0034134741214750545
17167.0,132.32769194,-0.003411562462039046
17168.0,132.31017205999999,-0.003409650802603037
17169.0,132.29265218,-0.0034077391431670285
17170.0,132.2751323,-0.00340582748373102
17171.0,132.2751323,-0.003403915824295011
17172.0,132.2751323,-0.0034020041648590025
17173.0,132.2751323,-0.0034000925054229933
17174.0,132.2751323,-0.0033981808459869847
17175.0,132.2751323,-0.003396269186550976
17176.0,132.2751323,-0.0033943575271149673
17177.0,132.2751323,-0.0033924458676789586
17178.0,132.2751323,-0.00339053420824295
17179.0,132.2751323,-0.0033886225488069413
17180.0,132.2751323,-0.003386710889370932
17181.0,132.2576587,-0.0033847992299349235
17182.0,132.2401851,-0.003382887570498915
17183.0,132.2227115,-0.003380975911062906
17184.0,132.2052379,-0.0033790642516268975
17185.0,132.1877643,-0.003377152592190889
17186.0,132.1702907,-0.00337524093275488
17187.0,132.1528171,-0.003373329273318871
17188.0,132.1353435,-0.0033714176138828623
17189.0,132.1178699,-0.0033695059544468537
17190.0,132.1003963,-0.003367594295010845
17191.0,132.1003963,-0.0033656826355748363
17192.0,132.1003963,-0.0033637709761388276
17193.0,132.1003963,-0.003361859316702819
17194.0,132.1003963,-0.00335994765726681
17195.0,132.1003963,-0.003358035997830801
17196.0,132.1003963,-0.0033561486334056385
17197.0,132.1003963,-0.0033542716811279815
17198.0,132.1003963,-0.003352394728850324
17199.0,132.1003963,-0.003350517776572667
17200.0,132.1003963,-0.00334864082429501
17201.0,132.08296881,-0.003346763872017353
17202.0,132.06554132,-0.0033448869197396955
17203.0,132.04811383,-0.0033430099674620385
17204.0,132.03068634,-0.003341133015184381
17205.0,132.01325885,-0.003339256062906724
17206.0,131.99583136,-0.003337379110629067
17207.0,131.97840387,-0.00333550215835141
17208.0,131.96097638,-0.0033336252060737525
17209.0,131.94354889,-0.0033317482537960955
17210.0,131.9261214,-0.003329871301518438
17211.0,131.90873983,-0.0033279943492407807
17212.0,131.89135826,-0.003326117396963124
17213.0,131.87397669,-0.0033242404446854664
17214.0,131.85659512,-0.0033223634924078095
17215.0,131.83921355,-0.003320486540130152
17216.0,131.82183197999998,-0.003318609587852495
17217.0,131.80445041,-0.0033167326355748377
17218.0,131.78706884,-0.003314855683297181
17219.0,131.76968727,-0.0033129787310195234
17220.0,131.7523057,-0.0033111017787418665
17221.0,131.73496987,-0.003309224826464209
17222.0,131.71763404,-0.003307347874186552
17223.0,131.70029821,-0.0033054709219088947
17224.0,131.68296238,-0.0033035939696312378
17225.0,131.66562655,-0.0033017170173535804
17226.0,131.64829072,-0.0032998400650759234
17227.0,131.63095489,-0.003297963112798266
17228.0,131.61361906,-0.003296086160520609
17229.0,131.59628323,-0.0032942092082429517
17230.0,131.5789474,-0.0032923322559652943
17231.0,131.5789474,-0.0032904553036876374
17232.0,131.5789474,-0.00328857835140998
17233.0,131.5789474,-0.003286701399132323
17234.0,131.5789474,-0.0032848244468546657
17235.0,131.5789474,-0.0032829474945770087
17236.0,131.5789474,-0.0032810705422993513
17237.0,131.5789474,-0.0032791935900216944
17238.0,131.5789474,-0.003277316637744037
17239.0,131.5789474,-0.00327543968546638
17240.0,131.5789474,-0.0032735627331887227
17241.0,131.5789474,-0.0032716857809110657
17242.0,131.5789474,-0.003269829659436011
17243.0,131.5789474,-0.0032679874251626924
17244.0,131.5789474,-0.0032661451908893736
17245.0,131.5789474,-0.0032643029566160543
17246.0,131.5789474,-0.0032624607223427356
17247.0,131.5789474,-0.0032606184880694168
17248.0,131.5789474,-0.0032587762537960975
17249.0,131.5789474,-0.0032569340195227788
17250.0,131.5789474,-0.00325509178524946
17251.0,131.5789474,-0.003253249550976141
17252.0,131.5789474,-0.003251407316702822
17253.0,131.5789474,-0.003249565082429503
17254.0,131.5789474,-0.0032477228481561844
17255.0,131.5789474,-0.003245880613882865
17256.0,131.5789474,-0.0032440383796095464
17257.0,131.5789474,-0.0032421961453362276
17258.0,131.5789474,-0.0032403539110629083
17259.0,131.5789474,-0.0032385116767895896
17260.0,131.5789474,-0.0032366694425162708
17261.0,131.56165713000001,-0.0032348272082429515
17262.0,131.54436686,-0.0032329849739696328
17263.0,131.52707659,-0.003231142739696314
17264.0,131.50978632,-0.0032293005054229947
17265.0,131.49249605,-0.003227458271149676
17266.0,131.47520578,-0.003225616036876357
17267.0,131.45791551,-0.003223773802603038
17268.0,131.44062524,-0.003221931568329719
17269.0,131.42333496999998,-0.0032200893340564004
17270.0,131.4060447,-0.0032182470997830816
17271.0,131.4060447,-0.0032164048655097623
17272.0,131.4060447,-0.0032145626312364436
17273.0,131.4060447,-0.0032127203969631248
17274.0,131.4060447,-0.0032108781626898055
17275.0,131.4060447,-0.0032090359284164868
17276.0,131.4060447,-0.003207193694143168
17277.0,131.4060447,-0.0032053514598698487
17278.0,131.4060447,-0.00320350922559653
17279.0,131.4060447,-0.003201666991323211
17280.0,131.4060447,-0.003199824757049892
17281.0,131.37160013,-0.003197982522776573
17282.0,131.33715555999999,-0.0031961402885032544
17283.0,131.30271099,-0.003194298054229935
17284.0,131.26826642,-0.0031924558199566164
17285.0,131.23382185,-0.0031906135856832976
17286.0,131.19937728,-0.0031887713514099783
17287.0,131.16493271,-0.0031869291171366596
17288.0,131.13048814,-0.003185097734273319
17289.0,131.09604357,-0.0031832772028199566
17290.0,131.061599,-0.0031814566713665943
17291.0,131.061599,-0.003179636139913232
17292.0,131.061599,-0.00317781560845987
17293.0,131.061599,-0.0031759950770065075
17294.0,131.061599,-0.0031741745455531453
17295.0,131.061599,-0.0031723540140997826
17296.0,131.061599,-0.0031705334826464203
17297.0,131.061599,-0.003168712951193058
17298.0,131.061599,-0.003166892419739696
17299.0,131.061599,-0.0031650718882863336
17300.0,131.061599,-0.0031632513568329713
17301.0,131.061599,-0.003161430825379609
17302.0,131.061599,-0.003159610293926247
17303.0,131.061599,-0.003157789762472884
17304.0,131.061599,-0.003155969231019522
17305.0,131.061599,-0.0031541486995661596
17306.0,131.061599,-0.0031523281681127974
17307.0,131.061599,-0.003150507636659435
17308.0,131.061599,-0.003148687105206073
17309.0,131.061599,-0.0031468665737527106
17310.0,131.061599,-0.003145046042299348
17311.0,131.04444434,-0.0031432255108459857
17312.0,131.02728968,-0.0031414049793926234
17313.0,131.01013502,-0.003139584447939261
17314.0,130.99298036,-0.003137763916485899
17315.0,130.9758257,-0.0031359433850325366
17316.0,130.95867104,-0.0031341228535791744
17317.0,130.94151638,-0.003132302322125812
17318.0,130.92436172,-0.0031304817906724495
17319.0,130.90720706,-0.003128661259219087
17320.0,130.8900524,-0.003126840727765725
17321.0,130.83885681,-0.0031250201963123627
17322.0,130.78766122,-0.0031231996648590004
17323.0,130.73646563,-0.003121379133405638
17324.0,130.68527004,-0.003119558601952276
17325.0,130.63407445,-0.0031177380704989132
17326.0,130.58287886,-0.003115917539045551
17327.0,130.53168327,-0.0031140970075921887
17328.0,130.48048768,-0.0031122764761388265
17329.0,130.42929209,-0.0031104559446854642
17330.0,130.3780965,-0.003108635413232102
17331.0,130.3780965,-0.0031068148817787397
17332.0,130.3780965,-0.003104994350325377
17333.0,130.3780965,-0.0031031738188720148
17334.0,130.3780965,-0.003101356758134488
17335.0,130.3780965,-0.0030995449034707137
17336.0,130.3780965,-0.003097733048806939
17337.0,130.3780965,-0.003095921194143165
17338.0,130.3780965,-0.0030941093394793906
17339.0,130.3780965,-0.0030922974848156164
17340.0,130.3780965,-0.0030904856301518418
17341.0,130.36112018,-0.0030886737754880675
17342.0,130.34414386,-0.0030868619208242933
17343.0,130.32716754,-0.003085050066160519
17344.0,130.31019122,-0.0030832382114967445
17345.0,130.2932149,-0.0030814263568329702
17346.0,130.27623857999998,-0.003079614502169196
17347.0,130.25926225999999,-0.003077802647505422
17348.0,130.24228594,-0.003075990792841647
17349.0,130.22530962,-0.003074178938177873
17350.0,130.2083333,-0.0030723670835140987
17351.0,130.19140113999998,-0.0030705552288503245
17352.0,130.17446898,-0.00306874337418655
17353.0,130.15753682,-0.0030669315195227757
17354.0,130.14060466,-0.0030651196648590015
17355.0,130.1236725,-0.0030633078101952272
17356.0,130.10674034,-0.0030614959555314526
17357.0,130.08980818,-0.0030596841008676784
17358.0,130.07287602,-0.003057872246203904
17359.0,130.05594386,-0.00305606039154013
17360.0,130.0390117,-0.0030542485368763553
17361.0,130.05594386,-0.003052436682212581
17362.0,130.07287602,-0.003050624827548807
17363.0,130.08980818,-0.0030488129728850327
17364.0,130.10674034,-0.003047001118221258
17365.0,130.1236725,-0.003045189263557484
17366.0,130.14060466,-0.0030433774088937096
17367.0,130.15753682,-0.0030415655542299354
17368.0,130.17446898,-0.0030397536995661607
17369.0,130.19140113999998,-0.0030379418449023865
17370.0,130.2083333,-0.0030361299902386123
17371.0,130.2083333,-0.003034318135574838
17372.0,130.2083333,-0.0030325062809110634
17373.0,130.2083333,-0.003030694426247289
17374.0,130.2083333,-0.003028882571583515
17375.0,130.2083333,-0.0030270707169197408
17376.0,130.2083333,-0.003025258862255966
17377.0,130.2083333,-0.003023447007592192
17378.0,130.2083333,-0.0030216351529284177
17379.0,130.2083333,-0.0030198232982646435
17380.0,130.2083333,-0.003018012745119307
17381.0,130.2083333,-0.003016205228850327
17382.0,130.2083333,-0.003014397712581346
17383.0,130.2083333,-0.0030125901963123656
17384.0,130.2083333,-0.003010782680043385
17385.0,130.2083333,-0.0030089751637744043
17386.0,130.2083333,-0.003007167647505424
17387.0,130.2083333,-0.0030053601312364435
17388.0,130.2083333,-0.003003552614967463
17389.0,130.2083333,-0.0030017450986984822
17390.0,130.2083333,-0.002999937582429502
17391.0,130.19140113999998,-0.0029981300661605214
17392.0,130.17446898,-0.0029963225498915408
17393.0,130.15753682,-0.00299451503362256
17394.0,130.14060466,-0.0029927075173535795
17395.0,130.1236725,-0.0029909000010845993
17396.0,130.10674034,-0.0029890924848156187
17397.0,130.08980818,-0.002987284968546638
17398.0,130.07287602,-0.0029854774522776574
17399.0,130.05594386,-0.002983669936008677
17400.0,130.0390117,-0.0029818624197396966
17401.0,130.02212352,-0.002980054903470716
17402.0,130.00523534,-0.0029782473872017354
17403.0,129.98834716,-0.0029764398709327547
17404.0,129.97145898,-0.0029746323546637745
17405.0,129.9545708,-0.002972824838394794
17406.0,129.93768262,-0.0029710173221258133
17407.0,129.92079444,-0.0029692098058568327
17408.0,129.90390625999999,-0.002967402289587852
17409.0,129.88701808,-0.002965594773318872
17410.0,129.8701299,-0.002963787257049891
17411.0,129.85328552,-0.0029619797407809106
17412.0,129.83644114,-0.00296017222451193
17413.0,129.81959676,-0.0029583647082429493
17414.0,129.80275238,-0.002956557191973969
17415.0,129.785908,-0.0029547496757049885
17416.0,129.76906362,-0.002952942159436008
17417.0,129.75221924,-0.0029511346431670272
17418.0,129.73537485999998,-0.0029493271268980466
17419.0,129.71853048,-0.0029475196106290664
17420.0,129.7016861,-0.002945712094360086
17421.0,129.7016861,-0.002943904578091105
17422.0,129.7016861,-0.0029420970618221245
17423.0,129.7016861,-0.0029402895455531443
17424.0,129.7016861,-0.0029384820292841637
17425.0,129.7016861,-0.002936674513015183
17426.0,129.7016861,-0.002934873074837309
17427.0,129.7016861,-0.00293309594902386
17428.0,129.7016861,-0.002931318823210411
17429.0,129.7016861,-0.002929541697396962
17430.0,129.7016861,-0.002927764571583513
17431.0,129.7016861,-0.002925987445770064
17432.0,129.7016861,-0.002924210319956615
17433.0,129.7016861,-0.0029224331941431663
17434.0,129.7016861,-0.0029206560683297175
17435.0,129.7016861,-0.0029188789425162683
17436.0,129.7016861,-0.0029171018167028196
17437.0,129.7016861,-0.0029153246908893704
17438.0,129.7016861,-0.0029135475650759217
17439.0,129.7016861,-0.0029117704392624725
17440.0,129.7016861,-0.0029099933134490237
17441.0,129.7016861,-0.0029082161876355745
17442.0,129.7016861,-0.002906439061822126
17443.0,129.7016861,-0.002904661936008677
17444.0,129.7016861,-0.002902884810195228
17445.0,129.7016861,-0.002901107684381779
17446.0,129.7016861,-0.00289933055856833
17447.0,129.7016861,-0.002897553432754881
17448.0,129.7016861,-0.002895776306941432
17449.0,129.7016861,-0.0028939991811279832
17450.0,129.7016861,-0.002892222055314534
17451.0,129.68488537,-0.0028904449295010853
17452.0,129.66808464,-0.002888667803687636
17453.0,129.65128391,-0.0028868906778741874
17454.0,129.63448318,-0.0028851135520607386
17455.0,129.61768245,-0.0028833364262472894
17456.0,129.60088172,-0.0028815593004338407
17457.0,129.58408099,-0.0028797821746203915
17458.0,129.56728026,-0.0028780050488069427
17459.0,129.55047953,-0.0028762279229934936
17460.0,129.5336788,-0.002874450797180045
17461.0,129.51692153,-0.0028726736713665956
17462.0,129.50016426,-0.002870896545553147
17463.0,129.48340699,-0.002869119419739698
17464.0,129.46664972,-0.002867342293926249
17465.0,129.44989245,-0.0028655651681128
17466.0,129.43313518,-0.002863788042299351
17467.0,129.41637791,-0.0028620109164859023
17468.0,129.39962064,-0.002860233790672453
17469.0,129.38286337,-0.0028584566648590043
17470.0,129.3661061,-0.002856679539045555
17471.0,129.3661061,-0.0028549024132321064
